createdAt,binId,transport,seq,latencyMs,throughputBps,throughputDerived,packetLen,rssi,snr
2026-07-23T07:58:56.390Z,cmrx9lhbn0007w96x99do9808,,,,,0,,-78,
2026-07-23T08:03:56.390Z,cmrx9lhbn0007w96x99do9808,,,,,0,,-70,
2026-07-23T08:08:56.390Z,cmrx9lhbn0007w96x99do9808,,,,,0,,-81,
2026-07-23T08:13:56.390Z,cmrx9lhbn0007w96x99do9808,,,,,0,,-84,
2026-07-23T08:18:56.390Z,cmrx9lhbn0007w96x99do9808,,,,,0,,-89,
2026-07-23T08:23:56.390Z,cmrx9lhbn0007w96x99do9808,,,,,0,,-79,
2026-07-23T08:28:56.390Z,cmrx9lhbn0007w96x99do9808,,,,,0,,-79,
2026-07-23T08:33:56.390Z,cmrx9lhbn0007w96x99do9808,,,,,0,,-62,
2026-07-23T08:38:56.390Z,cmrx9lhbn0007w96x99do9808,,,,,0,,-89,
2026-07-23T08:43:56.390Z,cmrx9lhbn0007w96x99do9808,,,,,0,,-83,
2026-07-25T04:27:44.618Z,cmrx9lhbn0007w96x99do9808,,,,,0,,-999,
2026-07-25T04:27:49.670Z,cmrx9lhbn0007w96x99do9808,,,,,0,,-999,
2026-07-25T04:27:54.761Z,cmrx9lhbn0007w96x99do9808,,,,,0,,-999,
2026-07-25T04:27:59.853Z,cmrx9lhbn0007w96x99do9808,,,,,0,,-999,
2026-07-25T04:28:04.933Z,cmrx9lhbn0007w96x99do9808,,,,,0,,-999,
2026-07-25T04:28:10.023Z,cmrx9lhbn0007w96x99do9808,,,,,0,,-999,
2026-07-25T04:28:15.108Z,cmrx9lhbn0007w96x99do9808,,,,,0,,-999,
2026-07-25T04:28:20.232Z,cmrx9lhbn0007w96x99do9808,,,,,0,,-999,
2026-07-25T04:28:25.285Z,cmrx9lhbn0007w96x99do9808,,,,,0,,-999,
2026-07-25T04:28:30.377Z,cmrx9lhbn0007w96x99do9808,,,,,0,,-999,
2026-07-25T04:28:35.465Z,cmrx9lhbn0007w96x99do9808,,,,,0,,-999,
2026-07-25T04:28:40.560Z,cmrx9lhbn0007w96x99do9808,,,,,0,,-999,
2026-07-25T04:28:45.942Z,cmrx9lhbn0007w96x99do9808,,,,,0,,-999,
2026-07-25T04:28:51.640Z,cmrx9lhbn0007w96x99do9808,,,,,0,,-999,
2026-07-25T04:28:57.470Z,cmrx9lhbn0007w96x99do9808,,,,,0,,-999,
2026-07-25T04:29:02.638Z,cmrx9lhbn0007w96x99do9808,,,,,0,,-999,
2026-07-25T04:29:07.862Z,cmrx9lhbn0007w96x99do9808,,,,,0,,-999,
2026-07-25T04:29:12.955Z,cmrx9lhbn0007w96x99do9808,,,,,0,,-999,
2026-07-25T04:29:18.037Z,cmrx9lhbn0007w96x99do9808,,,,,0,,-999,
2026-07-25T04:29:23.130Z,cmrx9lhbn0007w96x99do9808,,,,,0,,-999,
2026-07-25T04:29:28.217Z,cmrx9lhbn0007w96x99do9808,,,,,0,,-999,
2026-07-25T04:29:33.308Z,cmrx9lhbn0007w96x99do9808,,,,,0,,-999,
2026-07-25T04:29:38.400Z,cmrx9lhbn0007w96x99do9808,,,,,0,,-999,
2026-07-25T04:29:43.642Z,cmrx9lhbn0007w96x99do9808,,,,,0,,-999,
2026-07-25T04:29:48.786Z,cmrx9lhbn0007w96x99do9808,,,,,0,,-999,
2026-07-25T04:29:53.939Z,cmrx9lhbn0007w96x99do9808,,,,,0,,-999,
2026-07-25T04:29:59.173Z,cmrx9lhbn0007w96x99do9808,,,,,0,,-999,
2026-07-25T04:30:04.268Z,cmrx9lhbn0007w96x99do9808,,,,,0,,-999,
2026-07-25T04:30:09.353Z,cmrx9lhbn0007w96x99do9808,,,,,0,,-999,
2026-07-25T04:30:14.434Z,cmrx9lhbn0007w96x99do9808,,,,,0,,-999,
2026-07-25T04:30:19.520Z,cmrx9lhbn0007w96x99do9808,,,,,0,,-999,
2026-07-25T04:30:24.614Z,cmrx9lhbn0007w96x99do9808,,,,,0,,-999,
2026-07-25T04:30:29.695Z,cmrx9lhbn0007w96x99do9808,,,,,0,,-999,
2026-07-25T04:30:34.783Z,cmrx9lhbn0007w96x99do9808,,,,,0,,-999,
2026-07-25T04:30:39.878Z,cmrx9lhbn0007w96x99do9808,,,,,0,,-999,
2026-07-25T04:30:44.961Z,cmrx9lhbn0007w96x99do9808,,,,,0,,-999,
2026-07-25T04:30:50.048Z,cmrx9lhbn0007w96x99do9808,,,,,0,,-999,
2026-07-25T04:30:58.683Z,cmrx9lhbn0007w96x99do9808,,,,,0,,-999,
2026-07-25T04:31:00.341Z,cmrx9lhbn0007w96x99do9808,,,,,0,,-999,
2026-07-25T04:31:05.422Z,cmrx9lhbn0007w96x99do9808,,,,,0,,-999,
2026-07-25T04:31:10.518Z,cmrx9lhbn0007w96x99do9808,,,,,0,,-999,
2026-07-25T04:31:15.911Z,cmrx9lhbn0007w96x99do9808,,,,,0,,-999,
2026-07-25T04:31:23.735Z,cmrx9lhbn0007w96x99do9808,,,,,0,,-999,
2026-07-25T04:31:28.813Z,cmrx9lhbn0007w96x99do9808,,,,,0,,-999,
2026-07-25T04:31:33.889Z,cmrx9lhbn0007w96x99do9808,,,,,0,,-999,
2026-07-25T04:31:38.984Z,cmrx9lhbn0007w96x99do9808,,,,,0,,-999,
2026-07-25T04:31:45.345Z,cmrx9lhbn0007w96x99do9808,,,,,0,,-999,
2026-07-25T04:31:53.172Z,cmrx9lhbn0007w96x99do9808,,,,,0,,-999,
2026-07-25T04:31:58.242Z,cmrx9lhbn0007w96x99do9808,,,,,0,,-999,
2026-07-25T04:32:03.318Z,cmrx9lhbn0007w96x99do9808,,,,,0,,-999,
2026-07-25T04:32:08.403Z,cmrx9lhbn0007w96x99do9808,,,,,0,,-999,
2026-07-25T04:32:13.489Z,cmrx9lhbn0007w96x99do9808,,,,,0,,-999,
2026-07-25T04:32:18.571Z,cmrx9lhbn0007w96x99do9808,,,,,0,,-999,
2026-07-25T04:32:23.664Z,cmrx9lhbn0007w96x99do9808,,,,,0,,-999,
2026-07-25T04:32:28.742Z,cmrx9lhbn0007w96x99do9808,,,,,0,,-999,
2026-07-25T04:32:33.817Z,cmrx9lhbn0007w96x99do9808,,,,,0,,-999,
2026-07-25T04:32:38.902Z,cmrx9lhbn0007w96x99do9808,,,,,0,,-999,
2026-07-25T04:32:43.993Z,cmrx9lhbn0007w96x99do9808,,,,,0,,-999,
2026-07-25T04:32:49.077Z,cmrx9lhbn0007w96x99do9808,,,,,0,,-999,
2026-07-25T04:32:54.165Z,cmrx9lhbn0007w96x99do9808,,,,,0,,-999,
2026-07-25T04:32:59.275Z,cmrx9lhbn0007w96x99do9808,,,,,0,,-999,
2026-07-25T04:33:07.669Z,cmrx9lhbn0007w96x99do9808,,,,,0,,-999,
2026-07-25T04:33:12.838Z,cmrx9lhbn0007w96x99do9808,,,,,0,,-999,
2026-07-25T04:33:17.850Z,cmrx9lhbn0007w96x99do9808,,,,,0,,-999,
2026-07-25T04:33:22.879Z,cmrx9lhbn0007w96x99do9808,,,,,0,,-999,
2026-07-25T04:33:27.895Z,cmrx9lhbn0007w96x99do9808,,,,,0,,-999,
2026-07-25T04:33:32.916Z,cmrx9lhbn0007w96x99do9808,,,,,0,,-999,
2026-07-25T04:33:37.938Z,cmrx9lhbn0007w96x99do9808,,,,,0,,-999,
2026-07-25T04:33:42.951Z,cmrx9lhbn0007w96x99do9808,,,,,0,,-999,
2026-07-25T04:33:48.064Z,cmrx9lhbn0007w96x99do9808,,,,,0,,-999,
2026-07-25T04:33:54.624Z,cmrx9lhbn0007w96x99do9808,,,,,0,,-999,
2026-07-25T04:33:59.784Z,cmrx9lhbn0007w96x99do9808,,,,,0,,-999,
2026-07-25T04:34:04.792Z,cmrx9lhbn0007w96x99do9808,,,,,0,,-999,
2026-07-25T04:34:09.814Z,cmrx9lhbn0007w96x99do9808,,,,,0,,-999,
2026-07-25T04:34:14.831Z,cmrx9lhbn0007w96x99do9808,,,,,0,,-999,
2026-07-25T04:34:19.843Z,cmrx9lhbn0007w96x99do9808,,,,,0,,-999,
2026-07-25T04:34:24.860Z,cmrx9lhbn0007w96x99do9808,,,,,0,,-999,
2026-07-25T04:34:29.887Z,cmrx9lhbn0007w96x99do9808,,,,,0,,-999,
2026-07-25T04:34:34.909Z,cmrx9lhbn0007w96x99do9808,,,,,0,,-999,
2026-07-25T04:34:39.926Z,cmrx9lhbn0007w96x99do9808,,,,,0,,-999,
2026-07-25T04:34:44.943Z,cmrx9lhbn0007w96x99do9808,,,,,0,,-999,
2026-07-25T04:34:49.966Z,cmrx9lhbn0007w96x99do9808,,,,,0,,-999,
2026-07-25T04:34:54.988Z,cmrx9lhbn0007w96x99do9808,,,,,0,,-999,
2026-07-25T04:35:00.001Z,cmrx9lhbn0007w96x99do9808,,,,,0,,-999,
2026-07-25T04:35:05.018Z,cmrx9lhbn0007w96x99do9808,,,,,0,,-999,
2026-07-25T04:35:10.039Z,cmrx9lhbn0007w96x99do9808,,,,,0,,-999,
2026-07-25T04:35:15.055Z,cmrx9lhbn0007w96x99do9808,,,,,0,,-999,
2026-07-25T04:35:20.073Z,cmrx9lhbn0007w96x99do9808,,,,,0,,-999,
2026-07-25T04:35:25.096Z,cmrx9lhbn0007w96x99do9808,,,,,0,,-999,
2026-07-25T04:35:30.116Z,cmrx9lhbn0007w96x99do9808,,,,,0,,-999,
2026-07-25T04:35:35.574Z,cmrx9lhbn0007w96x99do9808,,,,,0,,-999,
2026-07-25T04:35:40.170Z,cmrx9lhbn0007w96x99do9808,,,,,0,,-999,
2026-07-25T04:35:45.172Z,cmrx9lhbn0007w96x99do9808,,,,,0,,-999,
2026-07-25T04:35:50.193Z,cmrx9lhbn0007w96x99do9808,,,,,0,,-999,
2026-07-25T04:35:55.215Z,cmrx9lhbn0007w96x99do9808,,,,,0,,-999,
2026-07-25T04:36:00.289Z,cmrx9lhbn0007w96x99do9808,,,,,0,,-999,
2026-07-25T04:36:05.252Z,cmrx9lhbn0007w96x99do9808,,,,,0,,-999,
2026-07-25T04:36:10.270Z,cmrx9lhbn0007w96x99do9808,,,,,0,,-999,
2026-07-25T04:36:15.293Z,cmrx9lhbn0007w96x99do9808,,,,,0,,-999,
2026-07-25T04:36:20.311Z,cmrx9lhbn0007w96x99do9808,,,,,0,,-999,
2026-07-25T04:36:25.332Z,cmrx9lhbn0007w96x99do9808,,,,,0,,-999,
2026-07-25T04:36:30.351Z,cmrx9lhbn0007w96x99do9808,,,,,0,,-999,
2026-07-25T04:36:35.367Z,cmrx9lhbn0007w96x99do9808,,,,,0,,-999,
2026-07-25T04:36:40.391Z,cmrx9lhbn0007w96x99do9808,,,,,0,,-999,
2026-07-25T04:36:45.398Z,cmrx9lhbn0007w96x99do9808,,,,,0,,-999,
2026-07-25T04:36:50.420Z,cmrx9lhbn0007w96x99do9808,,,,,0,,-999,
2026-07-25T04:36:57.731Z,cmrx9lhbn0007w96x99do9808,,,,,0,,-999,
2026-07-25T04:37:03.915Z,cmrx9lhbn0007w96x99do9808,,,,,0,,-999,
2026-07-25T04:37:09.067Z,cmrx9lhbn0007w96x99do9808,,,,,0,,-999,
2026-07-25T04:37:14.092Z,cmrx9lhbn0007w96x99do9808,,,,,0,,-999,
2026-07-25T04:37:19.105Z,cmrx9lhbn0007w96x99do9808,,,,,0,,-999,
2026-07-25T04:37:24.132Z,cmrx9lhbn0007w96x99do9808,,,,,0,,-999,
2026-07-25T04:37:29.149Z,cmrx9lhbn0007w96x99do9808,,,,,0,,-999,
2026-07-25T04:37:34.165Z,cmrx9lhbn0007w96x99do9808,,,,,0,,-999,
2026-07-25T04:37:39.173Z,cmrx9lhbn0007w96x99do9808,,,,,0,,-999,
2026-07-25T04:37:44.198Z,cmrx9lhbn0007w96x99do9808,,,,,0,,-999,
2026-07-25T04:37:49.209Z,cmrx9lhbn0007w96x99do9808,,,,,0,,-999,
2026-07-25T04:37:54.238Z,cmrx9lhbn0007w96x99do9808,,,,,0,,-999,
2026-07-25T04:37:59.254Z,cmrx9lhbn0007w96x99do9808,,,,,0,,-999,
2026-07-25T04:38:04.267Z,cmrx9lhbn0007w96x99do9808,,,,,0,,-999,
2026-07-25T04:38:09.285Z,cmrx9lhbn0007w96x99do9808,,,,,0,,-999,
2026-07-25T04:38:14.303Z,cmrx9lhbn0007w96x99do9808,,,,,0,,-999,
2026-07-25T04:38:19.326Z,cmrx9lhbn0007w96x99do9808,,,,,0,,-999,
2026-07-25T04:38:24.342Z,cmrx9lhbn0007w96x99do9808,,,,,0,,-999,
2026-07-25T04:38:29.837Z,cmrx9lhbn0007w96x99do9808,,,,,0,,-999,
2026-07-25T04:38:34.984Z,cmrx9lhbn0007w96x99do9808,,,,,0,,-999,
2026-07-25T04:38:40.266Z,cmrx9lhbn0007w96x99do9808,,,,,0,,-999,
2026-07-25T04:38:45.433Z,cmrx9lhbn0007w96x99do9808,,,,,0,,-999,
2026-07-25T04:38:51.358Z,cmrx9lhbn0007w96x99do9808,,,,,0,,-999,
2026-07-25T04:38:59.159Z,cmrx9lhbn0007w96x99do9808,,,,,0,,-999,
2026-07-25T04:39:06.238Z,cmrx9lhbn0007w96x99do9808,,,,,0,,-999,
2026-07-25T04:39:19.067Z,cmrx9lhbn0007w96x99do9808,,,,,0,,-999,
2026-07-25T04:39:19.289Z,cmrx9lhbn0007w96x99do9808,,,,,0,,-999,
2026-07-25T04:39:21.870Z,cmrx9lhbn0007w96x99do9808,,,,,0,,-999,
2026-07-25T04:39:26.895Z,cmrx9lhbn0007w96x99do9808,,,,,0,,-999,
2026-07-25T04:39:31.915Z,cmrx9lhbn0007w96x99do9808,,,,,0,,-999,
2026-07-25T04:39:38.664Z,cmrx9lhbn0007w96x99do9808,,,,,0,,-999,
2026-07-25T04:39:46.475Z,cmrx9lhbn0007w96x99do9808,,,,,0,,-999,
2026-07-25T04:39:51.492Z,cmrx9lhbn0007w96x99do9808,,,,,0,,-999,
2026-07-25T04:39:56.531Z,cmrx9lhbn0007w96x99do9808,,,,,0,,-999,
2026-07-25T04:40:01.531Z,cmrx9lhbn0007w96x99do9808,,,,,0,,-999,
2026-07-25T04:40:06.546Z,cmrx9lhbn0007w96x99do9808,,,,,0,,-999,
2026-07-25T04:40:11.561Z,cmrx9lhbn0007w96x99do9808,,,,,0,,-999,
2026-07-25T04:40:19.129Z,cmrx9lhbn0007w96x99do9808,,,,,0,,-999,
2026-07-25T04:40:24.278Z,cmrx9lhbn0007w96x99do9808,,,,,0,,-999,
2026-07-25T04:40:29.303Z,cmrx9lhbn0007w96x99do9808,,,,,0,,-999,
2026-07-25T04:40:34.313Z,cmrx9lhbn0007w96x99do9808,,,,,0,,-999,
2026-07-25T04:40:39.327Z,cmrx9lhbn0007w96x99do9808,,,,,0,,-999,
2026-07-25T04:40:44.357Z,cmrx9lhbn0007w96x99do9808,,,,,0,,-999,
2026-07-25T04:40:49.418Z,cmrx9lhbn0007w96x99do9808,,,,,0,,-999,
2026-07-25T04:40:54.569Z,cmrx9lhbn0007w96x99do9808,,,,,0,,-999,
2026-07-25T04:40:59.591Z,cmrx9lhbn0007w96x99do9808,,,,,0,,-999,
2026-07-25T04:41:04.612Z,cmrx9lhbn0007w96x99do9808,,,,,0,,-999,
2026-07-25T04:41:09.635Z,cmrx9lhbn0007w96x99do9808,,,,,0,,-999,
2026-07-25T04:41:14.645Z,cmrx9lhbn0007w96x99do9808,,,,,0,,-999,
2026-07-25T04:41:19.661Z,cmrx9lhbn0007w96x99do9808,,,,,0,,-999,
2026-07-25T04:41:24.688Z,cmrx9lhbn0007w96x99do9808,,,,,0,,-999,
2026-07-25T04:41:29.720Z,cmrx9lhbn0007w96x99do9808,,,,,0,,-999,
2026-07-25T04:41:34.728Z,cmrx9lhbn0007w96x99do9808,,,,,0,,-999,
2026-07-25T04:41:39.750Z,cmrx9lhbn0007w96x99do9808,,,,,0,,-999,
2026-07-25T04:41:44.776Z,cmrx9lhbn0007w96x99do9808,,,,,0,,-999,
2026-07-25T04:41:51.728Z,cmrx9lhbn0007w96x99do9808,,,,,0,,-999,
2026-07-25T04:41:56.884Z,cmrx9lhbn0007w96x99do9808,,,,,0,,-999,
2026-07-25T04:42:02.015Z,cmrx9lhbn0007w96x99do9808,,,,,0,,-999,
2026-07-25T04:42:06.925Z,cmrx9lhbn0007w96x99do9808,,,,,0,,-999,
2026-07-25T04:42:11.944Z,cmrx9lhbn0007w96x99do9808,,,,,0,,-999,
2026-07-25T04:42:16.964Z,cmrx9lhbn0007w96x99do9808,,,,,0,,-999,
2026-07-25T04:42:21.993Z,cmrx9lhbn0007w96x99do9808,,,,,0,,-999,
2026-07-25T04:42:27.021Z,cmrx9lhbn0007w96x99do9808,,,,,0,,-999,
2026-07-25T04:42:32.031Z,cmrx9lhbn0007w96x99do9808,,,,,0,,-999,
2026-07-25T04:42:37.053Z,cmrx9lhbn0007w96x99do9808,,,,,0,,-999,
2026-07-25T04:42:42.079Z,cmrx9lhbn0007w96x99do9808,,,,,0,,-999,
2026-07-25T04:42:47.106Z,cmrx9lhbn0007w96x99do9808,,,,,0,,-999,
2026-07-25T04:42:52.349Z,cmrx9lhbn0007w96x99do9808,,,,,0,,-999,
2026-07-25T04:42:57.145Z,cmrx9lhbn0007w96x99do9808,,,,,0,,-999,
2026-07-25T04:43:03.880Z,cmrx9lhbn0007w96x99do9808,,,,,0,,-999,
2026-07-25T04:43:09.064Z,cmrx9lhbn0007w96x99do9808,,,,,0,,-999,
2026-07-25T04:43:14.073Z,cmrx9lhbn0007w96x99do9808,,,,,0,,-999,
2026-07-25T04:43:20.831Z,cmrx9lhbn0007w96x99do9808,,,,,0,,-999,
2026-07-25T04:43:28.641Z,cmrx9lhbn0007w96x99do9808,,,,,0,,-999,
2026-07-25T04:43:36.828Z,cmrx9lhbn0007w96x99do9808,,,,,0,,-999,
2026-07-25T04:43:45.167Z,cmrx9lhbn0007w96x99do9808,,,,,0,,-999,
2026-07-25T04:43:53.938Z,cmrx9lhbn0007w96x99do9808,,,,,0,,-999,
2026-07-25T04:43:59.090Z,cmrx9lhbn0007w96x99do9808,,,,,0,,-999,
2026-07-25T04:44:04.106Z,cmrx9lhbn0007w96x99do9808,,,,,0,,-999,
2026-07-25T04:44:13.367Z,cmrx9lhbn0007w96x99do9808,,,,,0,,-999,
2026-07-25T04:44:21.179Z,cmrx9lhbn0007w96x99do9808,,,,,0,,-999,
2026-07-25T04:44:30.018Z,cmrx9lhbn0007w96x99do9808,,,,,0,,-999,
2026-07-25T04:44:37.822Z,cmrx9lhbn0007w96x99do9808,,,,,0,,-999,
2026-07-25T04:44:45.836Z,cmrx9lhbn0007w96x99do9808,,,,,0,,-999,
2026-07-25T04:44:51.510Z,cmrx9lhbn0007w96x99do9808,,,,,0,,-999,
2026-07-25T04:44:57.950Z,cmrx9lhbn0007w96x99do9808,,,,,0,,-999,
2026-07-25T04:45:04.500Z,cmrx9lhbn0007w96x99do9808,,,,,0,,-999,
2026-07-25T04:45:10.116Z,cmrx9lhbn0007w96x99do9808,,,,,0,,-999,
2026-07-25T04:45:15.136Z,cmrx9lhbn0007w96x99do9808,,,,,0,,-999,
2026-07-25T04:45:20.155Z,cmrx9lhbn0007w96x99do9808,,,,,0,,-999,
2026-07-25T04:45:25.178Z,cmrx9lhbn0007w96x99do9808,,,,,0,,-999,
2026-07-25T04:45:30.240Z,cmrx9lhbn0007w96x99do9808,,,,,0,,-999,
2026-07-25T04:45:35.225Z,cmrx9lhbn0007w96x99do9808,,,,,0,,-999,
2026-07-25T04:45:40.248Z,cmrx9lhbn0007w96x99do9808,,,,,0,,-999,
2026-07-25T04:45:45.267Z,cmrx9lhbn0007w96x99do9808,,,,,0,,-999,
2026-07-25T04:45:50.287Z,cmrx9lhbn0007w96x99do9808,,,,,0,,-999,
2026-07-25T04:45:55.319Z,cmrx9lhbn0007w96x99do9808,,,,,0,,-999,
2026-07-25T04:46:00.365Z,cmrx9lhbn0007w96x99do9808,,,,,0,,-999,
2026-07-25T04:46:05.349Z,cmrx9lhbn0007w96x99do9808,,,,,0,,-999,
2026-07-25T04:46:10.379Z,cmrx9lhbn0007w96x99do9808,,,,,0,,-999,
2026-07-25T04:46:15.396Z,cmrx9lhbn0007w96x99do9808,,,,,0,,-999,
2026-07-25T04:46:20.419Z,cmrx9lhbn0007w96x99do9808,,,,,0,,-999,
2026-07-25T04:46:25.443Z,cmrx9lhbn0007w96x99do9808,,,,,0,,-999,
2026-07-25T04:46:30.461Z,cmrx9lhbn0007w96x99do9808,,,,,0,,-999,
2026-07-25T04:46:35.490Z,cmrx9lhbn0007w96x99do9808,,,,,0,,-999,
2026-07-25T04:46:40.504Z,cmrx9lhbn0007w96x99do9808,,,,,0,,-999,
2026-07-25T04:46:45.522Z,cmrx9lhbn0007w96x99do9808,,,,,0,,-999,
2026-07-25T04:46:50.538Z,cmrx9lhbn0007w96x99do9808,,,,,0,,-999,
2026-07-25T04:46:55.556Z,cmrx9lhbn0007w96x99do9808,,,,,0,,-999,
2026-07-25T04:47:00.590Z,cmrx9lhbn0007w96x99do9808,,,,,0,,-999,
2026-07-25T04:47:05.599Z,cmrx9lhbn0007w96x99do9808,,,,,0,,-999,
2026-07-25T04:47:10.622Z,cmrx9lhbn0007w96x99do9808,,,,,0,,-999,
2026-07-25T04:47:15.642Z,cmrx9lhbn0007w96x99do9808,,,,,0,,-999,
2026-07-25T04:47:20.658Z,cmrx9lhbn0007w96x99do9808,,,,,0,,-999,
2026-07-25T04:47:25.679Z,cmrx9lhbn0007w96x99do9808,,,,,0,,-999,
2026-07-25T04:47:30.725Z,cmrx9lhbn0007w96x99do9808,,,,,0,,-999,
2026-07-25T04:47:35.733Z,cmrx9lhbn0007w96x99do9808,,,,,0,,-999,
2026-07-25T04:47:40.768Z,cmrx9lhbn0007w96x99do9808,,,,,0,,-999,
2026-07-25T04:47:45.771Z,cmrx9lhbn0007w96x99do9808,,,,,0,,-999,
2026-07-25T04:47:50.783Z,cmrx9lhbn0007w96x99do9808,,,,,0,,-999,
2026-07-25T04:47:56.095Z,cmrx9lhbn0007w96x99do9808,,,,,0,,-999,
2026-07-25T04:48:00.837Z,cmrx9lhbn0007w96x99do9808,,,,,0,,-999,
2026-07-25T04:48:05.903Z,cmrx9lhbn0007w96x99do9808,,,,,0,,-999,
2026-07-25T04:48:13.708Z,cmrx9lhbn0007w96x99do9808,,,,,0,,-999,
2026-07-25T04:48:18.731Z,cmrx9lhbn0007w96x99do9808,,,,,0,,-999,
2026-07-25T04:48:23.751Z,cmrx9lhbn0007w96x99do9808,,,,,0,,-999,
2026-07-25T04:48:28.773Z,cmrx9lhbn0007w96x99do9808,,,,,0,,-999,
2026-07-25T04:48:33.783Z,cmrx9lhbn0007w96x99do9808,,,,,0,,-999,
2026-07-25T04:48:38.815Z,cmrx9lhbn0007w96x99do9808,,,,,0,,-999,
2026-07-25T04:48:45.363Z,cmrx9lhbn0007w96x99do9808,,,,,0,,-999,
2026-07-25T04:48:50.548Z,cmrx9lhbn0007w96x99do9808,,,,,0,,-999,
2026-07-25T04:48:55.920Z,cmrx9lhbn0007w96x99do9808,,,,,0,,-999,
2026-07-25T04:49:03.061Z,cmrx9lhbn0007w96x99do9808,,,,,0,,-999,
2026-07-25T04:49:08.194Z,cmrx9lhbn0007w96x99do9808,,,,,0,,-999,
2026-07-25T04:49:13.247Z,cmrx9lhbn0007w96x99do9808,,,,,0,,-999,
2026-07-25T04:49:18.552Z,cmrx9lhbn0007w96x99do9808,,,,,0,,-999,
2026-07-25T04:49:25.467Z,cmrx9lhbn0007w96x99do9808,,,,,0,,-999,
2026-07-25T04:49:31.082Z,cmrx9lhbn0007w96x99do9808,,,,,0,,-999,
2026-07-25T04:49:36.083Z,cmrx9lhbn0007w96x99do9808,,,,,0,,-999,
2026-07-25T04:49:41.105Z,cmrx9lhbn0007w96x99do9808,,,,,0,,-999,
2026-07-25T04:49:46.124Z,cmrx9lhbn0007w96x99do9808,,,,,0,,-999,
2026-07-25T04:49:51.144Z,cmrx9lhbn0007w96x99do9808,,,,,0,,-999,
2026-07-25T04:49:56.237Z,cmrx9lhbn0007w96x99do9808,,,,,0,,-999,
2026-07-25T04:50:01.195Z,cmrx9lhbn0007w96x99do9808,,,,,0,,-999,
2026-07-25T04:50:06.197Z,cmrx9lhbn0007w96x99do9808,,,,,0,,-999,
2026-07-25T04:50:11.228Z,cmrx9lhbn0007w96x99do9808,,,,,0,,-999,
2026-07-25T04:50:16.245Z,cmrx9lhbn0007w96x99do9808,,,,,0,,-999,
2026-07-25T04:50:21.264Z,cmrx9lhbn0007w96x99do9808,,,,,0,,-999,
2026-07-25T04:50:26.277Z,cmrx9lhbn0007w96x99do9808,,,,,0,,-999,
2026-07-25T04:50:32.823Z,cmrx9lhbn0007w96x99do9808,,,,,0,,-999,
2026-07-25T04:50:40.633Z,cmrx9lhbn0007w96x99do9808,,,,,0,,-999,
2026-07-25T04:50:46.526Z,cmrx9lhbn0007w96x99do9808,,,,,0,,-999,
2026-07-25T04:50:51.664Z,cmrx9lhbn0007w96x99do9808,,,,,0,,-999,
2026-07-25T04:50:56.811Z,cmrx9lhbn0007w96x99do9808,,,,,0,,-999,
2026-07-25T04:51:01.842Z,cmrx9lhbn0007w96x99do9808,,,,,0,,-999,
2026-07-25T04:51:06.848Z,cmrx9lhbn0007w96x99do9808,,,,,0,,-999,
2026-07-25T04:51:11.875Z,cmrx9lhbn0007w96x99do9808,,,,,0,,-999,
2026-07-25T04:51:16.887Z,cmrx9lhbn0007w96x99do9808,,,,,0,,-999,
2026-07-25T04:51:21.905Z,cmrx9lhbn0007w96x99do9808,,,,,0,,-999,
2026-07-25T04:51:26.922Z,cmrx9lhbn0007w96x99do9808,,,,,0,,-999,
2026-07-25T04:51:31.944Z,cmrx9lhbn0007w96x99do9808,,,,,0,,-999,
2026-07-25T04:51:36.965Z,cmrx9lhbn0007w96x99do9808,,,,,0,,-999,
2026-07-25T04:51:41.989Z,cmrx9lhbn0007w96x99do9808,,,,,0,,-999,
2026-07-25T04:51:47.001Z,cmrx9lhbn0007w96x99do9808,,,,,0,,-999,
2026-07-25T04:51:52.034Z,cmrx9lhbn0007w96x99do9808,,,,,0,,-999,
2026-07-25T04:51:57.072Z,cmrx9lhbn0007w96x99do9808,,,,,0,,-999,
2026-07-25T04:52:02.224Z,cmrx9lhbn0007w96x99do9808,,,,,0,,-999,
2026-07-25T04:52:07.226Z,cmrx9lhbn0007w96x99do9808,,,,,0,,-999,
2026-07-25T04:52:12.259Z,cmrx9lhbn0007w96x99do9808,,,,,0,,-999,
2026-07-25T04:52:17.275Z,cmrx9lhbn0007w96x99do9808,,,,,0,,-999,
2026-07-25T04:52:22.302Z,cmrx9lhbn0007w96x99do9808,,,,,0,,-999,
2026-07-25T04:52:27.340Z,cmrx9lhbn0007w96x99do9808,,,,,0,,-999,
2026-07-25T04:52:32.335Z,cmrx9lhbn0007w96x99do9808,,,,,0,,-999,
2026-07-25T04:52:37.355Z,cmrx9lhbn0007w96x99do9808,,,,,0,,-999,
2026-07-25T04:52:42.381Z,cmrx9lhbn0007w96x99do9808,,,,,0,,-999,
2026-07-25T04:52:47.395Z,cmrx9lhbn0007w96x99do9808,,,,,0,,-999,
2026-07-25T04:52:52.412Z,cmrx9lhbn0007w96x99do9808,,,,,0,,-999,
2026-07-25T04:52:57.429Z,cmrx9lhbn0007w96x99do9808,,,,,0,,-999,
2026-07-25T04:53:02.464Z,cmrx9lhbn0007w96x99do9808,,,,,0,,-999,
2026-07-25T04:53:07.476Z,cmrx9lhbn0007w96x99do9808,,,,,0,,-999,
2026-07-25T04:53:12.493Z,cmrx9lhbn0007w96x99do9808,,,,,0,,-999,
2026-07-25T04:53:17.517Z,cmrx9lhbn0007w96x99do9808,,,,,0,,-999,
2026-07-25T04:53:22.535Z,cmrx9lhbn0007w96x99do9808,,,,,0,,-999,
2026-07-25T04:53:27.559Z,cmrx9lhbn0007w96x99do9808,,,,,0,,-999,
2026-07-25T04:53:32.579Z,cmrx9lhbn0007w96x99do9808,,,,,0,,-999,
2026-07-25T04:53:37.595Z,cmrx9lhbn0007w96x99do9808,,,,,0,,-999,
2026-07-25T04:53:42.622Z,cmrx9lhbn0007w96x99do9808,,,,,0,,-999,
2026-07-25T04:53:47.644Z,cmrx9lhbn0007w96x99do9808,,,,,0,,-999,
2026-07-25T04:53:52.663Z,cmrx9lhbn0007w96x99do9808,,,,,0,,-999,
2026-07-25T04:53:57.687Z,cmrx9lhbn0007w96x99do9808,,,,,0,,-999,
2026-07-25T04:54:03.032Z,cmrx9lhbn0007w96x99do9808,,,,,0,,-999,
2026-07-25T04:54:07.722Z,cmrx9lhbn0007w96x99do9808,,,,,0,,-999,
2026-07-25T04:54:17.761Z,cmrx9lhbn0007w96x99do9808,,,,,0,,-999,
2026-07-25T04:54:22.778Z,cmrx9lhbn0007w96x99do9808,,,,,0,,-999,
2026-07-25T04:54:27.801Z,cmrx9lhbn0007w96x99do9808,,,,,0,,-999,
2026-07-25T04:54:32.827Z,cmrx9lhbn0007w96x99do9808,,,,,0,,-999,
2026-07-25T04:54:37.850Z,cmrx9lhbn0007w96x99do9808,,,,,0,,-999,
2026-07-25T04:54:42.871Z,cmrx9lhbn0007w96x99do9808,,,,,0,,-999,
2026-07-25T04:54:47.894Z,cmrx9lhbn0007w96x99do9808,,,,,0,,-999,
2026-07-25T04:54:52.916Z,cmrx9lhbn0007w96x99do9808,,,,,0,,-999,
2026-07-25T04:54:57.939Z,cmrx9lhbn0007w96x99do9808,,,,,0,,-999,
2026-07-25T04:55:02.990Z,cmrx9lhbn0007w96x99do9808,,,,,0,,-999,
2026-07-25T04:55:07.987Z,cmrx9lhbn0007w96x99do9808,,,,,0,,-999,
2026-07-25T04:55:13.194Z,cmrx9lhbn0007w96x99do9808,,,,,0,,-999,
2026-07-25T04:55:18.029Z,cmrx9lhbn0007w96x99do9808,,,,,0,,-999,
2026-07-25T04:55:23.055Z,cmrx9lhbn0007w96x99do9808,,,,,0,,-999,
2026-07-25T04:55:28.079Z,cmrx9lhbn0007w96x99do9808,,,,,0,,-999,
2026-07-25T04:55:33.104Z,cmrx9lhbn0007w96x99do9808,,,,,0,,-999,
2026-07-25T04:55:38.122Z,cmrx9lhbn0007w96x99do9808,,,,,0,,-999,
2026-07-25T04:55:43.142Z,cmrx9lhbn0007w96x99do9808,,,,,0,,-999,
2026-07-25T04:55:48.164Z,cmrx9lhbn0007w96x99do9808,,,,,0,,-999,
2026-07-25T04:55:53.186Z,cmrx9lhbn0007w96x99do9808,,,,,0,,-999,
2026-07-25T04:55:58.204Z,cmrx9lhbn0007w96x99do9808,,,,,0,,-999,
2026-07-25T04:56:03.231Z,cmrx9lhbn0007w96x99do9808,,,,,0,,-999,
2026-07-25T04:56:08.258Z,cmrx9lhbn0007w96x99do9808,,,,,0,,-999,
2026-07-25T04:56:13.460Z,cmrx9lhbn0007w96x99do9808,,,,,0,,-999,
2026-07-25T04:56:18.298Z,cmrx9lhbn0007w96x99do9808,,,,,0,,-999,
2026-07-25T04:56:23.319Z,cmrx9lhbn0007w96x99do9808,,,,,0,,-999,
2026-07-25T04:56:28.344Z,cmrx9lhbn0007w96x99do9808,,,,,0,,-999,
2026-07-25T04:56:33.365Z,cmrx9lhbn0007w96x99do9808,,,,,0,,-999,
2026-07-25T04:56:38.520Z,cmrx9lhbn0007w96x99do9808,,,,,0,,-999,
2026-07-25T04:56:43.407Z,cmrx9lhbn0007w96x99do9808,,,,,0,,-999,
2026-07-25T04:56:48.435Z,cmrx9lhbn0007w96x99do9808,,,,,0,,-999,
2026-07-25T04:56:53.457Z,cmrx9lhbn0007w96x99do9808,,,,,0,,-999,
2026-07-25T04:56:58.481Z,cmrx9lhbn0007w96x99do9808,,,,,0,,-999,
2026-07-25T04:57:03.498Z,cmrx9lhbn0007w96x99do9808,,,,,0,,-999,
2026-07-25T04:57:08.520Z,cmrx9lhbn0007w96x99do9808,,,,,0,,-999,
2026-07-25T04:57:13.727Z,cmrx9lhbn0007w96x99do9808,,,,,0,,-999,
2026-07-25T04:57:18.566Z,cmrx9lhbn0007w96x99do9808,,,,,0,,-999,
2026-07-25T04:57:23.896Z,cmrx9lhbn0007w96x99do9808,,,,,0,,-999,
2026-07-25T04:57:28.613Z,cmrx9lhbn0007w96x99do9808,,,,,0,,-999,
2026-07-25T04:57:33.638Z,cmrx9lhbn0007w96x99do9808,,,,,0,,-999,
2026-07-25T04:57:38.670Z,cmrx9lhbn0007w96x99do9808,,,,,0,,-999,
2026-07-25T04:57:43.688Z,cmrx9lhbn0007w96x99do9808,,,,,0,,-999,
2026-07-25T04:58:08.797Z,cmrx9lhbn0007w96x99do9808,,,,,0,,-999,
2026-07-25T04:58:13.816Z,cmrx9lhbn0007w96x99do9808,,,,,0,,-999,
2026-07-25T04:58:18.840Z,cmrx9lhbn0007w96x99do9808,,,,,0,,-999,
2026-07-25T04:58:23.855Z,cmrx9lhbn0007w96x99do9808,,,,,0,,-999,
2026-07-25T04:58:43.932Z,cmrx9lhbn0007w96x99do9808,,,,,0,,-999,
2026-07-25T04:58:49.143Z,cmrx9lhbn0007w96x99do9808,,,,,0,,-999,
2026-07-25T04:58:53.978Z,cmrx9lhbn0007w96x99do9808,,,,,0,,-999,
2026-07-25T04:59:14.065Z,cmrx9lhbn0007w96x99do9808,,,,,0,,-999,
2026-07-25T04:59:19.144Z,cmrx9lhbn0007w96x99do9808,,,,,0,,-999,
2026-07-25T04:59:24.293Z,cmrx9lhbn0007w96x99do9808,,,,,0,,-999,
2026-07-25T04:59:29.313Z,cmrx9lhbn0007w96x99do9808,,,,,0,,-999,
2026-07-25T04:59:34.328Z,cmrx9lhbn0007w96x99do9808,,,,,0,,-999,
2026-07-25T04:59:39.346Z,cmrx9lhbn0007w96x99do9808,,,,,0,,-999,
2026-07-25T04:59:44.367Z,cmrx9lhbn0007w96x99do9808,,,,,0,,-999,
2026-07-25T05:02:27.125Z,cmrx9lhbn0007w96x99do9808,,,,,0,,-999,
2026-07-25T05:02:32.277Z,cmrx9lhbn0007w96x99do9808,,,,,0,,-999,
2026-07-25T05:02:37.306Z,cmrx9lhbn0007w96x99do9808,,,,,0,,-999,
2026-07-25T05:02:42.332Z,cmrx9lhbn0007w96x99do9808,,,,,0,,-999,
2026-07-25T05:02:47.336Z,cmrx9lhbn0007w96x99do9808,,,,,0,,-999,
2026-07-25T05:02:52.352Z,cmrx9lhbn0007w96x99do9808,,,,,0,,-999,
2026-07-25T05:02:57.373Z,cmrx9lhbn0007w96x99do9808,,,,,0,,-999,
2026-07-25T05:05:58.044Z,cmrx9lhbn0007w96x99do9808,,,,,0,,-999,
2026-07-25T05:06:03.063Z,cmrx9lhbn0007w96x99do9808,,,,,0,,-999,
2026-07-25T05:06:08.084Z,cmrx9lhbn0007w96x99do9808,,,,,0,,-999,
2026-07-25T05:08:03.546Z,cmrx9lhbn0007w96x99do9808,,,,,0,,-999,
2026-07-25T05:08:08.560Z,cmrx9lhbn0007w96x99do9808,,,,,0,,-999,
2026-07-25T05:08:13.583Z,cmrx9lhbn0007w96x99do9808,,,,,0,,-999,
2026-07-25T05:08:18.601Z,cmrx9lhbn0007w96x99do9808,,,,,0,,-999,
2026-07-25T05:08:23.627Z,cmrx9lhbn0007w96x99do9808,,,,,0,,-999,
2026-07-25T05:08:28.637Z,cmrx9lhbn0007w96x99do9808,,,,,0,,-999,
2026-07-25T05:08:33.666Z,cmrx9lhbn0007w96x99do9808,,,,,0,,-999,
2026-07-25T05:08:38.679Z,cmrx9lhbn0007w96x99do9808,,,,,0,,-999,
2026-07-25T05:08:43.701Z,cmrx9lhbn0007w96x99do9808,,,,,0,,-999,
2026-07-25T05:08:48.718Z,cmrx9lhbn0007w96x99do9808,,,,,0,,-999,
2026-07-25T05:12:24.545Z,cmrx9lhbn0007w96x99do9808,,2,221,,0,,-999,
2026-07-25T05:12:29.566Z,cmrx9lhbn0007w96x99do9808,,3,219,,0,,-999,
2026-07-25T05:12:34.583Z,cmrx9lhbn0007w96x99do9808,,4,218,,0,,-999,
2026-07-25T05:12:39.638Z,cmrx9lhbn0007w96x99do9808,,5,256,,0,,-999,
2026-07-25T05:12:44.614Z,cmrx9lhbn0007w96x99do9808,,6,213,,0,,-999,
2026-07-25T05:12:49.637Z,cmrx9lhbn0007w96x99do9808,,7,218,,0,,-999,
2026-07-25T05:12:54.650Z,cmrx9lhbn0007w96x99do9808,,8,215,,0,,-999,
2026-07-25T05:12:59.677Z,cmrx9lhbn0007w96x99do9808,,9,216,,0,,-999,
2026-07-25T05:13:04.696Z,cmrx9lhbn0007w96x99do9808,,10,215,,0,,-999,
2026-07-25T05:14:25.013Z,cmrx9lhbn0007w96x99do9808,,2,221,,0,,-999,
2026-07-25T05:14:26.164Z,cmrx9lhbn0007w96x99do9808,lora,1,3673,4801.5,0,120,-69,9.75
2026-07-25T05:14:26.241Z,cmrx9lhbn0007w96x99do9808,lora,2,1449,4720.7,0,121,-66,10
2026-07-25T05:14:30.039Z,cmrx9lhbn0007w96x99do9808,,3,221,,0,,-999,
2026-07-25T05:14:31.143Z,cmrx9lhbn0007w96x99do9808,lora,3,1325,4801.5,0,120,-68,7
2026-07-25T05:14:37.833Z,cmrx9lhbn0007w96x99do9808,,4,217,,0,,-999,
2026-07-25T05:14:38.944Z,cmrx9lhbn0007w96x99do9808,lora,4,1328,4759.7,0,122,-69,9.75
2026-07-25T05:14:43.438Z,cmrx9lhbn0007w96x99do9808,,5,218,,0,,-999,
2026-07-25T05:14:44.594Z,cmrx9lhbn0007w96x99do9808,lora,5,1374,4759.7,0,122,-70,9.25
2026-07-25T05:14:48.439Z,cmrx9lhbn0007w96x99do9808,,6,216,,0,,-999,
2026-07-25T05:14:49.553Z,cmrx9lhbn0007w96x99do9808,lora,6,1330,4798.7,0,123,-66,10
2026-07-25T05:14:53.464Z,cmrx9lhbn0007w96x99do9808,,7,219,,0,,-999,
2026-07-25T05:14:54.578Z,cmrx9lhbn0007w96x99do9808,lora,7,1333,4801.5,0,120,-63,9.5
2026-07-25T05:14:58.634Z,cmrx9lhbn0007w96x99do9808,,8,370,,0,,-999,
2026-07-25T05:14:59.594Z,cmrx9lhbn0007w96x99do9808,lora,8,1329,4720.7,0,121,-63,9.75
2026-07-25T05:15:03.910Z,cmrx9lhbn0007w96x99do9808,,9,567,,0,,-999,
2026-07-25T05:15:04.681Z,cmrx9lhbn0007w96x99do9808,lora,9,1338,4798.7,0,123,-62,9.75
2026-07-25T05:15:08.712Z,cmrx9lhbn0007w96x99do9808,,10,223,,0,,-999,
2026-07-25T05:15:09.840Z,cmrx9lhbn0007w96x99do9808,lora,10,1351,4837.7,0,124,-69,9.25
2026-07-25T05:15:13.735Z,cmrx9lhbn0007w96x99do9808,,11,223,,0,,-999,
2026-07-25T05:15:14.844Z,cmrx9lhbn0007w96x99do9808,lora,11,1333,4837.7,0,124,-62,9.75
2026-07-25T05:15:18.759Z,cmrx9lhbn0007w96x99do9808,,12,224,,0,,-999,
2026-07-25T05:15:19.929Z,cmrx9lhbn0007w96x99do9808,lora,12,1394,4798.7,0,123,-66,9.75
2026-07-25T05:15:23.773Z,cmrx9lhbn0007w96x99do9808,,13,222,,0,,-999,
2026-07-25T05:15:24.895Z,cmrx9lhbn0007w96x99do9808,lora,13,1342,4798.7,0,123,-66,9.5
2026-07-25T05:15:28.795Z,cmrx9lhbn0007w96x99do9808,,14,218,,0,,-999,
2026-07-25T05:15:29.975Z,cmrx9lhbn0007w96x99do9808,lora,14,1398,4761.5,0,119,-64,9.25
2026-07-25T05:15:33.852Z,cmrx9lhbn0007w96x99do9808,,15,216,,0,,-999,
2026-07-25T05:15:34.982Z,cmrx9lhbn0007w96x99do9808,lora,15,1346,4798.7,0,123,-66,9.75
2026-07-25T05:15:39.015Z,cmrx9lhbn0007w96x99do9808,,16,221,,0,,-999,
2026-07-25T05:15:40.130Z,cmrx9lhbn0007w96x99do9808,lora,16,1336,4837.7,0,124,-66,9.5
2026-07-25T05:15:44.026Z,cmrx9lhbn0007w96x99do9808,,17,220,,0,,-999,
2026-07-25T05:15:45.130Z,cmrx9lhbn0007w96x99do9808,lora,17,1324,4759.7,0,122,-64,10
2026-07-25T05:15:49.051Z,cmrx9lhbn0007w96x99do9808,,18,218,,0,,-999,
2026-07-25T05:15:50.162Z,cmrx9lhbn0007w96x99do9808,lora,18,1329,4759.7,0,122,-66,9.25
2026-07-25T05:15:54.943Z,cmrx9lhbn0007w96x99do9808,,19,217,,0,,-999,
2026-07-25T05:15:56.051Z,cmrx9lhbn0007w96x99do9808,lora,19,1327,4761.5,0,119,-65,10
2026-07-25T05:16:00.102Z,cmrx9lhbn0007w96x99do9808,,20,222,,0,,-999,
2026-07-25T05:16:01.670Z,cmrx9lhbn0007w96x99do9808,lora,20,1790,4720.7,0,121,-63,10
2026-07-25T05:16:05.121Z,cmrx9lhbn0007w96x99do9808,,21,220,,0,,-999,
2026-07-25T05:16:06.230Z,cmrx9lhbn0007w96x99do9808,lora,21,1328,4759.7,0,122,-67,9.75
2026-07-25T05:16:12.680Z,cmrx9lhbn0007w96x99do9808,,22,219,,0,,-999,
2026-07-25T05:16:13.795Z,cmrx9lhbn0007w96x99do9808,lora,22,1334,4837.7,0,124,-64,9.25
2026-07-25T05:16:17.847Z,cmrx9lhbn0007w96x99do9808,,23,225,,0,,-999,
2026-07-25T05:16:18.958Z,cmrx9lhbn0007w96x99do9808,lora,23,1336,4837.7,0,124,-69,9.25
2026-07-25T05:16:25.208Z,cmrx9lhbn0007w96x99do9808,,24,230,,0,,-999,
2026-07-25T05:16:26.310Z,cmrx9lhbn0007w96x99do9808,lora,24,1332,4837.7,0,124,-68,9.25
2026-07-25T05:16:30.376Z,cmrx9lhbn0007w96x99do9808,,25,228,,0,,-999,
2026-07-25T05:16:31.479Z,cmrx9lhbn0007w96x99do9808,lora,25,1333,4837.7,0,124,-72,9.5
2026-07-25T05:16:36.472Z,cmrx9lhbn0007w96x99do9808,,26,220,,0,,-999,
2026-07-25T05:16:37.585Z,cmrx9lhbn0007w96x99do9808,lora,26,1333,4837.7,0,124,-71,9.5
2026-07-25T05:16:41.630Z,cmrx9lhbn0007w96x99do9808,,27,221,,0,,-999,
2026-07-25T05:16:42.740Z,cmrx9lhbn0007w96x99do9808,lora,27,1331,4837.7,0,124,-69,10
2026-07-25T05:16:46.697Z,cmrx9lhbn0007w96x99do9808,,28,218,,0,,-999,
2026-07-25T05:16:47.817Z,cmrx9lhbn0007w96x99do9808,lora,28,1337,4837.7,0,124,-75,9.25
2026-07-25T05:16:51.861Z,cmrx9lhbn0007w96x99do9808,,29,221,,0,,-999,
2026-07-25T05:16:52.970Z,cmrx9lhbn0007w96x99do9808,lora,29,1331,4837.7,0,124,-74,9.75
2026-07-25T05:16:56.890Z,cmrx9lhbn0007w96x99do9808,,30,227,,0,,-999,
2026-07-25T05:16:57.997Z,cmrx9lhbn0007w96x99do9808,lora,30,1335,4798.7,0,123,-74,9.75
2026-07-25T05:17:01.920Z,cmrx9lhbn0007w96x99do9808,,31,234,,0,,-999,
2026-07-25T05:17:03.022Z,cmrx9lhbn0007w96x99do9808,lora,31,1337,4798.7,0,123,-70,9.5
2026-07-25T05:17:06.916Z,cmrx9lhbn0007w96x99do9808,,32,220,,0,,-999,
2026-07-25T05:17:08.035Z,cmrx9lhbn0007w96x99do9808,lora,32,1339,4759.7,0,122,-71,9.5
2026-07-25T05:17:11.945Z,cmrx9lhbn0007w96x99do9808,,33,222,,0,,-999,
2026-07-25T05:17:13.055Z,cmrx9lhbn0007w96x99do9808,lora,33,1333,4759.7,0,122,-73,10.25
2026-07-25T05:17:16.959Z,cmrx9lhbn0007w96x99do9808,,34,221,,0,,-999,
2026-07-25T05:17:18.082Z,cmrx9lhbn0007w96x99do9808,lora,34,1342,4801.5,0,120,-75,9.5
2026-07-25T05:17:22.030Z,cmrx9lhbn0007w96x99do9808,,35,220,,0,,-999,
2026-07-25T05:17:23.146Z,cmrx9lhbn0007w96x99do9808,lora,35,1337,4837.7,0,124,-63,10
2026-07-25T05:17:27.196Z,cmrx9lhbn0007w96x99do9808,,36,225,,0,,-999,
2026-07-25T05:17:28.301Z,cmrx9lhbn0007w96x99do9808,lora,36,1331,4759.7,0,122,-66,9.75
2026-07-25T05:17:32.212Z,cmrx9lhbn0007w96x99do9808,,37,227,,0,,-999,
2026-07-25T05:17:33.384Z,cmrx9lhbn0007w96x99do9808,lora,37,1399,4837.7,0,124,-65,9.25
2026-07-25T05:17:37.485Z,cmrx9lhbn0007w96x99do9808,,38,218,,0,,-999,
2026-07-25T05:17:38.601Z,cmrx9lhbn0007w96x99do9808,lora,38,1335,4837.7,0,124,-66,9.25
2026-07-25T05:17:42.653Z,cmrx9lhbn0007w96x99do9808,,39,222,,0,,-999,
2026-07-25T05:17:43.773Z,cmrx9lhbn0007w96x99do9808,lora,39,1343,4837.7,0,124,-71,9.75
2026-07-25T05:17:47.708Z,cmrx9lhbn0007w96x99do9808,,40,259,,0,,-999,
2026-07-25T05:17:48.778Z,cmrx9lhbn0007w96x99do9808,lora,40,1331,4757.9,0,125,-64,9
2026-07-25T05:17:52.694Z,cmrx9lhbn0007w96x99do9808,,41,219,,0,,-999,
2026-07-25T05:17:53.815Z,cmrx9lhbn0007w96x99do9808,lora,41,1340,4757.9,0,125,-68,9.75
2026-07-25T05:17:57.756Z,cmrx9lhbn0007w96x99do9808,,42,218,,0,,-999,
2026-07-25T05:17:58.868Z,cmrx9lhbn0007w96x99do9808,lora,42,1330,4837.7,0,124,-67,9.25
2026-07-25T05:18:02.927Z,cmrx9lhbn0007w96x99do9808,,43,233,,0,,-999,
2026-07-25T05:18:04.031Z,cmrx9lhbn0007w96x99do9808,lora,43,1337,4837.7,0,124,-65,9.25
2026-07-25T05:18:07.945Z,cmrx9lhbn0007w96x99do9808,,44,221,,0,,-999,
2026-07-25T05:18:09.174Z,cmrx9lhbn0007w96x99do9808,lora,44,1449,4757.9,0,125,-65,9.5
2026-07-25T05:18:12.962Z,cmrx9lhbn0007w96x99do9808,,45,219,,0,,-999,
2026-07-25T05:18:14.080Z,cmrx9lhbn0007w96x99do9808,lora,45,1337,4798.7,0,123,-63,9.75
2026-07-25T05:18:17.995Z,cmrx9lhbn0007w96x99do9808,,46,226,,0,,-999,
2026-07-25T05:18:19.107Z,cmrx9lhbn0007w96x99do9808,lora,46,1337,4837.7,0,124,-65,10.25
2026-07-25T05:18:23.011Z,cmrx9lhbn0007w96x99do9808,,47,223,,0,,-999,
2026-07-25T05:18:26.109Z,cmrx9lhbn0007w96x99do9808,lora,47,3321,4837.7,0,124,-65,9.5
2026-07-25T05:18:28.035Z,cmrx9lhbn0007w96x99do9808,,48,221,,0,,-999,
2026-07-25T05:18:29.150Z,cmrx9lhbn0007w96x99do9808,lora,48,1337,4837.7,0,124,-70,9.25
2026-07-25T05:18:35.008Z,cmrx9lhbn0007w96x99do9808,,49,223,,0,,-999,
2026-07-25T05:18:36.113Z,cmrx9lhbn0007w96x99do9808,lora,49,1328,4837.7,0,124,-66,9.75
2026-07-25T05:18:40.609Z,cmrx9lhbn0007w96x99do9808,,50,220,,0,,-999,
2026-07-25T05:18:41.798Z,cmrx9lhbn0007w96x99do9808,lora,50,1410,4837.7,0,124,-69,9.5
2026-07-25T05:18:45.629Z,cmrx9lhbn0007w96x99do9808,,51,225,,0,,-999,
2026-07-25T05:18:46.743Z,cmrx9lhbn0007w96x99do9808,lora,51,1340,4837.7,0,124,-68,10.25
2026-07-25T05:18:50.649Z,cmrx9lhbn0007w96x99do9808,,52,218,,0,,-999,
2026-07-25T05:18:51.761Z,cmrx9lhbn0007w96x99do9808,lora,52,1329,4759.7,0,122,-72,9.5
2026-07-25T05:18:55.663Z,cmrx9lhbn0007w96x99do9808,,53,218,,0,,-999,
2026-07-25T05:18:56.789Z,cmrx9lhbn0007w96x99do9808,lora,53,1344,4837.7,0,124,-73,9.75
2026-07-25T05:19:00.720Z,cmrx9lhbn0007w96x99do9808,,54,253,,0,,-999,
2026-07-25T05:19:01.818Z,cmrx9lhbn0007w96x99do9808,lora,54,1351,4798.7,0,123,-66,9.75
2026-07-25T05:19:05.991Z,cmrx9lhbn0007w96x99do9808,,55,221,,0,,-999,
2026-07-25T05:19:07.101Z,cmrx9lhbn0007w96x99do9808,lora,55,1330,4720.7,0,121,-63,9.75
2026-07-25T05:19:11.594Z,cmrx9lhbn0007w96x99do9808,,56,223,,0,,-999,
2026-07-25T05:19:14.770Z,cmrx9lhbn0007w96x99do9808,lora,56,3399,4798.7,0,123,-66,9.5
2026-07-25T05:19:16.652Z,cmrx9lhbn0007w96x99do9808,,57,217,,0,,-999,
2026-07-25T05:19:17.768Z,cmrx9lhbn0007w96x99do9808,lora,57,1333,4798.7,0,123,-65,9.5
2026-07-25T05:19:21.809Z,cmrx9lhbn0007w96x99do9808,,58,218,,0,,-999,
2026-07-25T05:19:22.923Z,cmrx9lhbn0007w96x99do9808,lora,58,1332,4798.7,0,123,-64,9.75
2026-07-25T05:19:26.830Z,cmrx9lhbn0007w96x99do9808,,59,221,,0,,-999,
2026-07-25T05:19:31.870Z,cmrx9lhbn0007w96x99do9808,,60,236,,0,,-999,
2026-07-25T05:19:36.871Z,cmrx9lhbn0007w96x99do9808,,61,216,,0,,-999,
2026-07-25T05:19:41.890Z,cmrx9lhbn0007w96x99do9808,,62,215,,0,,-999,
2026-07-25T05:19:46.909Z,cmrx9lhbn0007w96x99do9808,,63,215,,0,,-999,
2026-07-25T05:19:51.926Z,cmrx9lhbn0007w96x99do9808,,64,217,,0,,-999,
2026-07-25T05:19:58.695Z,cmrx9lhbn0007w96x99do9808,,65,219,,0,,-999,
2026-07-25T05:20:04.301Z,cmrx9lhbn0007w96x99do9808,,66,224,,0,,-999,
2026-07-25T05:20:09.326Z,cmrx9lhbn0007w96x99do9808,,67,223,,0,,-999,
2026-07-25T05:20:14.338Z,cmrx9lhbn0007w96x99do9808,,68,221,,0,,-999,
2026-07-25T05:20:19.352Z,cmrx9lhbn0007w96x99do9808,,69,219,,0,,-999,
2026-07-25T05:20:24.372Z,cmrx9lhbn0007w96x99do9808,,70,220,,0,,-999,
2026-07-25T05:20:29.412Z,cmrx9lhbn0007w96x99do9808,,71,238,,0,,-999,
2026-07-25T05:20:34.423Z,cmrx9lhbn0007w96x99do9808,,72,227,,0,,-999,
2026-07-25T05:20:39.433Z,cmrx9lhbn0007w96x99do9808,,73,219,,0,,-999,
2026-07-25T05:20:44.451Z,cmrx9lhbn0007w96x99do9808,,74,217,,0,,-999,
2026-07-25T05:20:49.469Z,cmrx9lhbn0007w96x99do9808,,75,216,,0,,-999,
2026-07-25T05:20:54.495Z,cmrx9lhbn0007w96x99do9808,,76,218,,0,,-999,
2026-07-25T05:20:59.521Z,cmrx9lhbn0007w96x99do9808,,77,222,,0,,-999,
2026-07-25T05:21:04.537Z,cmrx9lhbn0007w96x99do9808,,78,220,,0,,-999,
2026-07-25T05:21:09.560Z,cmrx9lhbn0007w96x99do9808,,79,223,,0,,-999,
2026-07-25T05:21:14.576Z,cmrx9lhbn0007w96x99do9808,,80,224,,0,,-999,
2026-07-25T05:21:19.590Z,cmrx9lhbn0007w96x99do9808,,81,217,,0,,-999,
2026-07-25T05:21:24.609Z,cmrx9lhbn0007w96x99do9808,,82,216,,0,,-999,
2026-07-25T05:21:29.629Z,cmrx9lhbn0007w96x99do9808,,83,217,,0,,-999,
2026-07-25T05:21:34.657Z,cmrx9lhbn0007w96x99do9808,,84,221,,0,,-999,
2026-07-25T05:21:39.668Z,cmrx9lhbn0007w96x99do9808,,85,220,,0,,-999,
2026-07-25T05:21:44.693Z,cmrx9lhbn0007w96x99do9808,,86,225,,0,,-999,
2026-07-25T05:21:49.714Z,cmrx9lhbn0007w96x99do9808,,87,226,,0,,-999,
2026-07-25T05:21:54.722Z,cmrx9lhbn0007w96x99do9808,,88,218,,0,,-999,
2026-07-25T05:21:59.742Z,cmrx9lhbn0007w96x99do9808,,89,219,,0,,-999,
2026-07-25T05:22:04.758Z,cmrx9lhbn0007w96x99do9808,,90,218,,0,,-999,
2026-07-25T05:22:09.774Z,cmrx9lhbn0007w96x99do9808,,91,221,,0,,-999,
2026-07-25T05:22:14.795Z,cmrx9lhbn0007w96x99do9808,,92,222,,0,,-999,
2026-07-25T05:22:19.818Z,cmrx9lhbn0007w96x99do9808,,93,220,,0,,-999,
2026-07-25T05:22:24.827Z,cmrx9lhbn0007w96x99do9808,,94,220,,0,,-999,
2026-07-25T05:22:29.846Z,cmrx9lhbn0007w96x99do9808,,95,220,,0,,-999,
2026-07-25T05:22:34.856Z,cmrx9lhbn0007w96x99do9808,,96,218,,0,,-999,
2026-07-25T05:22:39.881Z,cmrx9lhbn0007w96x99do9808,,97,222,,0,,-999,
2026-07-25T05:22:44.892Z,cmrx9lhbn0007w96x99do9808,,98,220,,0,,-999,
2026-07-25T05:22:49.920Z,cmrx9lhbn0007w96x99do9808,,99,223,,0,,-999,
2026-07-25T05:22:57.642Z,cmrx9lhbn0007w96x99do9808,,100,2925,,0,,-999,
2026-07-25T05:22:59.946Z,cmrx9lhbn0007w96x99do9808,,101,217,,0,,-999,
2026-07-25T05:23:04.976Z,cmrx9lhbn0007w96x99do9808,,102,220,,0,,-999,
2026-07-25T05:23:09.989Z,cmrx9lhbn0007w96x99do9808,,103,217,,0,,-999,
2026-07-25T05:23:15.016Z,cmrx9lhbn0007w96x99do9808,,104,220,,0,,-999,
2026-07-25T05:23:20.035Z,cmrx9lhbn0007w96x99do9808,,105,219,,0,,-999,
2026-07-25T05:23:25.046Z,cmrx9lhbn0007w96x99do9808,,106,216,,0,,-999,
2026-07-25T05:23:30.069Z,cmrx9lhbn0007w96x99do9808,,107,220,,0,,-999,
2026-07-25T05:23:35.085Z,cmrx9lhbn0007w96x99do9808,,108,221,,0,,-999,
2026-07-25T05:23:40.106Z,cmrx9lhbn0007w96x99do9808,,109,219,,0,,-999,
2026-07-25T05:23:45.114Z,cmrx9lhbn0007w96x99do9808,,110,217,,0,,-999,
2026-07-25T05:23:50.136Z,cmrx9lhbn0007w96x99do9808,,111,220,,0,,-999,
2026-07-25T05:23:55.152Z,cmrx9lhbn0007w96x99do9808,,112,220,,0,,-999,
2026-07-25T05:24:00.348Z,cmrx9lhbn0007w96x99do9808,,113,399,,0,,-999,
2026-07-25T05:24:05.196Z,cmrx9lhbn0007w96x99do9808,,114,229,,0,,-999,
2026-07-25T05:24:10.202Z,cmrx9lhbn0007w96x99do9808,,115,219,,0,,-999,
2026-07-25T05:24:15.218Z,cmrx9lhbn0007w96x99do9808,,116,218,,0,,-999,
2026-07-25T05:24:20.232Z,cmrx9lhbn0007w96x99do9808,,117,219,,0,,-999,
2026-07-25T05:24:25.249Z,cmrx9lhbn0007w96x99do9808,,118,219,,0,,-999,
2026-07-25T05:24:30.265Z,cmrx9lhbn0007w96x99do9808,,119,217,,0,,-999,
2026-07-25T05:24:35.283Z,cmrx9lhbn0007w96x99do9808,,120,220,,0,,-999,
2026-07-25T05:24:40.298Z,cmrx9lhbn0007w96x99do9808,,121,216,,0,,-999,
2026-07-25T05:24:45.320Z,cmrx9lhbn0007w96x99do9808,,122,218,,0,,-999,
2026-07-25T05:24:50.339Z,cmrx9lhbn0007w96x99do9808,,123,218,,0,,-999,
2026-07-25T05:24:55.355Z,cmrx9lhbn0007w96x99do9808,,124,219,,0,,-999,
2026-07-25T05:25:00.371Z,cmrx9lhbn0007w96x99do9808,,125,218,,0,,-999,
2026-07-25T05:25:05.382Z,cmrx9lhbn0007w96x99do9808,,126,216,,0,,-999,
2026-07-25T05:25:08.961Z,cmrx9lhbn0007w96x99do9808,lora,126,3795,4720.7,0,121,-62,10
2026-07-25T05:25:10.412Z,cmrx9lhbn0007w96x99do9808,,127,235,,0,,-999,
2026-07-25T05:25:11.515Z,cmrx9lhbn0007w96x99do9808,lora,127,1337,4759.7,0,122,-62,9.5
2026-07-25T05:25:15.419Z,cmrx9lhbn0007w96x99do9808,,128,225,,0,,-999,
2026-07-25T05:25:16.522Z,cmrx9lhbn0007w96x99do9808,lora,128,1329,4759.7,0,122,-62,9.5
2026-07-25T05:25:20.427Z,cmrx9lhbn0007w96x99do9808,,129,215,,0,,-999,
2026-07-25T05:25:21.547Z,cmrx9lhbn0007w96x99do9808,lora,129,1335,4801.5,0,120,-61,9.75
2026-07-25T05:25:25.451Z,cmrx9lhbn0007w96x99do9808,,130,219,,0,,-999,
2026-07-25T05:25:26.613Z,cmrx9lhbn0007w96x99do9808,lora,130,1381,4759.7,0,122,-62,9.5
2026-07-25T05:25:30.497Z,cmrx9lhbn0007w96x99do9808,,131,237,,0,,-999,
2026-07-25T05:25:31.588Z,cmrx9lhbn0007w96x99do9808,lora,131,1328,4759.7,0,122,-62,9.5
2026-07-25T05:25:35.492Z,cmrx9lhbn0007w96x99do9808,,132,221,,0,,-999,
2026-07-25T05:25:36.602Z,cmrx9lhbn0007w96x99do9808,lora,132,1331,4801.5,0,120,-62,9.75
2026-07-25T05:26:15.164Z,cmrx9lhbn0007w96x99do9808,http,1,199,5105.527638190954,0,,-999,
2026-07-25T05:26:15.441Z,cmrx9lhbn0007w96x99do9808,http,2,31,32774.1935483871,0,,-999,
2026-07-25T05:26:16.293Z,cmrx9lhbn0007w96x99do9808,lora,1,1326,4759.7,0,122,-62,10.25
2026-07-25T05:26:17.578Z,cmrx9lhbn0007w96x99do9808,lora,2,2168,4798.7,0,123,-62,9.75
2026-07-25T05:26:20.469Z,cmrx9lhbn0007w96x99do9808,http,3,35,29028.57142857143,0,,-999,
2026-07-25T05:26:21.759Z,cmrx9lhbn0007w96x99do9808,lora,3,1325,4761.5,0,119,-61,10
2026-07-25T05:26:25.485Z,cmrx9lhbn0007w96x99do9808,http,4,34,29882.35294117647,0,,-999,
2026-07-25T05:26:26.773Z,cmrx9lhbn0007w96x99do9808,lora,4,1321,4759.7,0,122,-62,9.75
2026-07-25T05:26:30.502Z,cmrx9lhbn0007w96x99do9808,http,5,34,29882.35294117647,0,,-999,
2026-07-25T05:26:31.798Z,cmrx9lhbn0007w96x99do9808,lora,5,1330,4798.7,0,123,-62,9.5
2026-07-25T05:26:35.522Z,cmrx9lhbn0007w96x99do9808,http,6,38,26736.84210526316,0,,-999,
2026-07-25T05:26:36.809Z,cmrx9lhbn0007w96x99do9808,lora,6,1325,4720.7,0,121,-62,9.75
2026-07-25T05:26:40.532Z,cmrx9lhbn0007w96x99do9808,http,7,33,30787.87878787879,0,,-999,
2026-07-25T05:26:41.827Z,cmrx9lhbn0007w96x99do9808,lora,7,1329,4720.7,0,121,-62,9.75
2026-07-25T05:26:45.555Z,cmrx9lhbn0007w96x99do9808,http,8,37,27459.45945945946,0,,-999,
2026-07-25T05:26:46.839Z,cmrx9lhbn0007w96x99do9808,lora,8,1321,4761.5,0,119,-62,9.5
2026-07-25T05:26:50.569Z,cmrx9lhbn0007w96x99do9808,http,9,29,35034.48275862069,0,,-999,
2026-07-25T05:26:51.867Z,cmrx9lhbn0007w96x99do9808,lora,9,1328,4720.7,0,121,-62,10
2026-07-25T05:26:55.595Z,cmrx9lhbn0007w96x99do9808,http,10,35,29028.57142857143,0,,-999,
2026-07-25T05:26:56.892Z,cmrx9lhbn0007w96x99do9808,lora,10,1332,4759.7,0,122,-62,9.75
2026-07-25T05:27:00.618Z,cmrx9lhbn0007w96x99do9808,http,11,40,25400,0,,-999,
2026-07-25T05:27:01.928Z,cmrx9lhbn0007w96x99do9808,lora,11,1349,4801.5,0,120,-61,9.75
2026-07-25T05:27:05.632Z,cmrx9lhbn0007w96x99do9808,http,12,37,27459.45945945946,0,,-999,
2026-07-25T05:27:06.959Z,cmrx9lhbn0007w96x99do9808,lora,12,1364,4837.7,0,124,-62,9.5
2026-07-25T05:27:10.640Z,cmrx9lhbn0007w96x99do9808,http,13,32,31750,0,,-999,
2026-07-25T05:27:11.939Z,cmrx9lhbn0007w96x99do9808,lora,13,1331,4837.7,0,124,-62,10
2026-07-25T05:27:15.662Z,cmrx9lhbn0007w96x99do9808,http,14,35,29028.57142857143,0,,-999,
2026-07-25T05:27:16.950Z,cmrx9lhbn0007w96x99do9808,lora,14,1323,4801.5,0,120,-61,10
2026-07-25T05:27:20.678Z,cmrx9lhbn0007w96x99do9808,http,15,33,30787.87878787879,0,,-999,
2026-07-25T05:27:21.978Z,cmrx9lhbn0007w96x99do9808,lora,15,1333,4798.7,0,123,-62,9.75
2026-07-25T05:28:18.208Z,cmrx9lhbn0007w96x99do9808,http,1,235,4323.404255319149,0,,-999,
2026-07-25T05:28:20.881Z,cmrx9lhbn0007w96x99do9808,http,2,34,29882.35294117647,0,,-999,
2026-07-25T05:28:25.905Z,cmrx9lhbn0007w96x99do9808,http,3,39,26051.28205128205,0,,-999,
2026-07-25T05:28:26.091Z,cmrx9lhbn0007w96x99do9808,lora,2,5244,4798.7,0,123,-62,9.75
2026-07-25T05:28:27.196Z,cmrx9lhbn0007w96x99do9808,lora,3,1330,4759.7,0,122,-62,9.5
2026-07-25T05:28:30.923Z,cmrx9lhbn0007w96x99do9808,http,4,36,28222.22222222222,0,,-999,
2026-07-25T05:28:32.223Z,cmrx9lhbn0007w96x99do9808,lora,4,1335,4798.7,0,123,-62,10.25
2026-07-25T05:28:35.941Z,cmrx9lhbn0007w96x99do9808,http,5,35,29028.57142857143,0,,-999,
2026-07-25T05:28:37.234Z,cmrx9lhbn0007w96x99do9808,lora,5,1328,4720.7,0,121,-61,10
2026-07-25T05:28:40.955Z,cmrx9lhbn0007w96x99do9808,http,6,30,33866.66666666666,0,,-999,
2026-07-25T05:28:42.244Z,cmrx9lhbn0007w96x99do9808,lora,6,1319,4721.5,0,118,-63,9.5
2026-07-25T05:28:45.984Z,cmrx9lhbn0007w96x99do9808,http,7,39,26051.28205128205,0,,-999,
2026-07-25T05:28:47.312Z,cmrx9lhbn0007w96x99do9808,lora,7,1367,4801.5,0,120,-62,9.75
2026-07-25T05:28:51.000Z,cmrx9lhbn0007w96x99do9808,http,8,39,26051.28205128205,0,,-999,
2026-07-25T05:28:52.281Z,cmrx9lhbn0007w96x99do9808,lora,8,1321,4804.5,0,117,-62,10
2026-07-25T05:28:56.015Z,cmrx9lhbn0007w96x99do9808,http,9,42,24190.47619047619,0,,-999,
2026-07-25T05:28:57.305Z,cmrx9lhbn0007w96x99do9808,lora,9,1332,4798.7,0,123,-61,9.5
2026-07-25T05:29:01.027Z,cmrx9lhbn0007w96x99do9808,http,10,34,29882.35294117647,0,,-999,
2026-07-25T05:29:02.329Z,cmrx9lhbn0007w96x99do9808,lora,10,1336,4837.7,0,124,-62,9.75
2026-07-25T05:29:06.040Z,cmrx9lhbn0007w96x99do9808,http,11,30,33866.66666666666,0,,-999,
2026-07-25T05:29:07.339Z,cmrx9lhbn0007w96x99do9808,lora,11,1328,4837.7,0,124,-61,9.75
2026-07-25T05:29:11.058Z,cmrx9lhbn0007w96x99do9808,http,12,30,33866.66666666666,0,,-999,
2026-07-25T05:29:12.360Z,cmrx9lhbn0007w96x99do9808,lora,12,1331,4837.7,0,124,-61,9.75
2026-07-25T05:29:16.076Z,cmrx9lhbn0007w96x99do9808,http,13,31,32774.1935483871,0,,-999,
2026-07-25T05:29:17.359Z,cmrx9lhbn0007w96x99do9808,lora,13,1315,4761.5,0,119,-61,9.75
2026-07-25T05:29:21.091Z,cmrx9lhbn0007w96x99do9808,http,14,32,31750,0,,-999,
2026-07-25T05:29:22.387Z,cmrx9lhbn0007w96x99do9808,lora,14,1327,4798.7,0,123,-62,9.5
2026-07-25T05:29:26.104Z,cmrx9lhbn0007w96x99do9808,http,15,30,33866.66666666666,0,,-999,
2026-07-25T05:29:27.399Z,cmrx9lhbn0007w96x99do9808,lora,15,1325,4759.7,0,122,-61,10
2026-07-25T05:29:31.130Z,cmrx9lhbn0007w96x99do9808,http,16,36,28222.22222222222,0,,-999,
2026-07-25T05:29:32.432Z,cmrx9lhbn0007w96x99do9808,lora,16,1339,4837.7,0,124,-61,9.75
2026-07-25T05:29:36.143Z,cmrx9lhbn0007w96x99do9808,http,17,31,32774.1935483871,0,,-999,
2026-07-25T05:29:37.441Z,cmrx9lhbn0007w96x99do9808,lora,17,1329,4837.7,0,124,-62,10
2026-07-25T05:29:41.166Z,cmrx9lhbn0007w96x99do9808,http,18,36,28222.22222222222,0,,-999,
2026-07-25T05:29:42.471Z,cmrx9lhbn0007w96x99do9808,lora,18,1341,4798.7,0,123,-61,9.75
2026-07-25T05:29:46.179Z,cmrx9lhbn0007w96x99do9808,http,19,33,30787.87878787879,0,,-999,
2026-07-25T05:29:47.475Z,cmrx9lhbn0007w96x99do9808,lora,19,1330,4837.7,0,124,-62,9.75
2026-07-25T05:29:51.197Z,cmrx9lhbn0007w96x99do9808,http,20,29,35034.48275862069,0,,-999,
2026-07-25T05:29:52.499Z,cmrx9lhbn0007w96x99do9808,lora,20,1331,4798.7,0,123,-62,9.75
2026-07-25T05:29:56.210Z,cmrx9lhbn0007w96x99do9808,http,21,30,33866.66666666666,0,,-999,
2026-07-25T05:29:57.511Z,cmrx9lhbn0007w96x99do9808,lora,21,1330,4759.7,0,122,-62,9.5
2026-07-25T05:30:01.250Z,cmrx9lhbn0007w96x99do9808,http,22,48,21166.66666666667,0,,-999,
2026-07-25T05:30:02.559Z,cmrx9lhbn0007w96x99do9808,lora,22,1355,4837.7,0,124,-61,10
2026-07-25T05:30:06.260Z,cmrx9lhbn0007w96x99do9808,http,23,37,27459.45945945946,0,,-999,
2026-07-25T05:30:07.552Z,cmrx9lhbn0007w96x99do9808,lora,23,1329,4837.7,0,124,-62,9.5
2026-07-25T05:30:11.273Z,cmrx9lhbn0007w96x99do9808,http,24,33,30787.87878787879,0,,-999,
2026-07-25T05:30:12.570Z,cmrx9lhbn0007w96x99do9808,lora,24,1331,4837.7,0,124,-62,9.75
2026-07-25T05:30:16.290Z,cmrx9lhbn0007w96x99do9808,http,25,33,30787.87878787879,0,,-999,
2026-07-25T05:30:17.599Z,cmrx9lhbn0007w96x99do9808,lora,25,1342,4837.7,0,124,-62,9.75
2026-07-25T05:30:21.312Z,cmrx9lhbn0007w96x99do9808,http,26,36,28222.22222222222,0,,-999,
2026-07-25T05:30:22.606Z,cmrx9lhbn0007w96x99do9808,lora,26,1329,4759.7,0,122,-62,10
2026-07-25T05:30:26.332Z,cmrx9lhbn0007w96x99do9808,http,27,35,29028.57142857143,0,,-999,
2026-07-25T05:30:27.635Z,cmrx9lhbn0007w96x99do9808,lora,27,1338,4837.7,0,124,-62,9.75
2026-07-25T05:30:31.350Z,cmrx9lhbn0007w96x99do9808,http,28,37,27459.45945945946,0,,-999,
2026-07-25T05:30:32.645Z,cmrx9lhbn0007w96x99do9808,lora,28,1332,4837.7,0,124,-61,10.25
2026-07-25T05:30:36.364Z,cmrx9lhbn0007w96x99do9808,http,29,36,28222.22222222222,0,,-999,
2026-07-25T05:30:37.661Z,cmrx9lhbn0007w96x99do9808,lora,29,1333,4837.7,0,124,-61,10.25
2026-07-25T05:30:41.380Z,cmrx9lhbn0007w96x99do9808,http,30,34,29882.35294117647,0,,-999,
2026-07-25T05:30:42.685Z,cmrx9lhbn0007w96x99do9808,lora,30,1339,4837.7,0,124,-61,10
2026-07-25T05:30:46.397Z,cmrx9lhbn0007w96x99do9808,http,31,31,32774.1935483871,0,,-999,
2026-07-25T05:30:47.690Z,cmrx9lhbn0007w96x99do9808,lora,31,1324,4721.5,0,118,-62,9.75
2026-07-25T05:30:51.420Z,cmrx9lhbn0007w96x99do9808,http,32,32,31750,0,,-999,
2026-07-25T05:30:52.733Z,cmrx9lhbn0007w96x99do9808,lora,32,1345,4759.7,0,122,-62,9.5
2026-07-25T05:30:56.989Z,cmrx9lhbn0007w96x99do9808,http,33,583,1742.710120068611,0,,-999,
2026-07-25T05:30:57.736Z,cmrx9lhbn0007w96x99do9808,lora,33,1330,4837.7,0,124,-61,10.5
2026-07-25T05:31:01.461Z,cmrx9lhbn0007w96x99do9808,http,34,33,30787.87878787879,0,,-999,
2026-07-25T05:31:02.795Z,cmrx9lhbn0007w96x99do9808,lora,34,1367,4801.5,0,120,-62,10
2026-07-25T05:31:06.475Z,cmrx9lhbn0007w96x99do9808,http,35,39,26051.28205128205,0,,-999,
2026-07-25T05:31:07.763Z,cmrx9lhbn0007w96x99do9808,lora,35,1326,4759.7,0,122,-62,10
2026-07-25T05:31:11.494Z,cmrx9lhbn0007w96x99do9808,http,36,35,29028.57142857143,0,,-999,
2026-07-25T05:31:12.787Z,cmrx9lhbn0007w96x99do9808,lora,36,1327,4720.7,0,121,-62,9.75
2026-07-25T05:31:16.504Z,cmrx9lhbn0007w96x99do9808,http,37,33,30787.87878787879,0,,-999,
2026-07-25T05:31:17.958Z,cmrx9lhbn0007w96x99do9808,lora,37,1488,4798.7,0,123,-61,9.75
2026-07-25T05:31:21.518Z,cmrx9lhbn0007w96x99do9808,http,38,30,33866.66666666666,0,,-999,
2026-07-25T05:31:22.817Z,cmrx9lhbn0007w96x99do9808,lora,38,1328,4720.7,0,121,-61,9.75
2026-07-25T05:31:26.540Z,cmrx9lhbn0007w96x99do9808,http,39,35,29028.57142857143,0,,-999,
2026-07-25T05:31:27.828Z,cmrx9lhbn0007w96x99do9808,lora,39,1323,4720.7,0,121,-61,10.5
2026-07-25T05:31:31.585Z,cmrx9lhbn0007w96x99do9808,http,40,58,17517.24137931034,0,,-999,
2026-07-25T05:31:32.847Z,cmrx9lhbn0007w96x99do9808,lora,40,1325,4720.7,0,121,-62,10
2026-07-25T05:31:36.573Z,cmrx9lhbn0007w96x99do9808,http,41,34,29882.35294117647,0,,-999,
2026-07-25T05:31:37.870Z,cmrx9lhbn0007w96x99do9808,lora,41,1332,4798.7,0,123,-62,9.75
2026-07-25T05:31:41.586Z,cmrx9lhbn0007w96x99do9808,http,42,34,29882.35294117647,0,,-999,
2026-07-25T05:31:42.881Z,cmrx9lhbn0007w96x99do9808,lora,42,1329,4759.7,0,122,-61,10
2026-07-25T05:31:46.611Z,cmrx9lhbn0007w96x99do9808,http,43,40,25400,0,,-999,
2026-07-25T05:31:47.901Z,cmrx9lhbn0007w96x99do9808,lora,43,1331,4837.7,0,124,-62,9.5
2026-07-25T05:31:51.632Z,cmrx9lhbn0007w96x99do9808,http,44,44,23090.90909090909,0,,-999,
2026-07-25T05:31:52.920Z,cmrx9lhbn0007w96x99do9808,lora,44,1332,4837.7,0,124,-62,9.5
2026-07-25T05:31:56.648Z,cmrx9lhbn0007w96x99do9808,http,45,32,31750,0,,-999,
2026-07-25T05:31:57.952Z,cmrx9lhbn0007w96x99do9808,lora,45,1336,4837.7,0,124,-61,9.75
2026-07-25T05:32:01.669Z,cmrx9lhbn0007w96x99do9808,http,46,43,23627.90697674419,0,,-999,
2026-07-25T05:32:02.965Z,cmrx9lhbn0007w96x99do9808,lora,46,1340,4837.7,0,124,-61,10.25
2026-07-25T05:32:06.679Z,cmrx9lhbn0007w96x99do9808,http,47,33,30787.87878787879,0,,-999,
2026-07-25T05:32:07.979Z,cmrx9lhbn0007w96x99do9808,lora,47,1333,4837.7,0,124,-62,9.5
2026-07-25T05:32:11.697Z,cmrx9lhbn0007w96x99do9808,http,48,31,32774.1935483871,0,,-999,
2026-07-25T05:32:13.000Z,cmrx9lhbn0007w96x99do9808,lora,48,1334,4837.7,0,124,-61,9.75
2026-07-25T05:32:16.720Z,cmrx9lhbn0007w96x99do9808,http,49,35,29028.57142857143,0,,-999,
2026-07-25T05:32:18.021Z,cmrx9lhbn0007w96x99do9808,lora,49,1337,4837.7,0,124,-61,9.75
2026-07-25T05:32:21.733Z,cmrx9lhbn0007w96x99do9808,http,50,30,33866.66666666666,0,,-999,
2026-07-25T05:32:23.042Z,cmrx9lhbn0007w96x99do9808,lora,50,1339,4837.7,0,124,-62,9.5
2026-07-25T05:32:26.757Z,cmrx9lhbn0007w96x99do9808,http,51,36,28222.22222222222,0,,-999,
2026-07-25T05:32:30.474Z,cmrx9lhbn0007w96x99do9808,lora,51,3752,4759.7,0,122,-62,9.75
2026-07-25T05:32:31.776Z,cmrx9lhbn0007w96x99do9808,http,52,35,29028.57142857143,0,,-999,
2026-07-25T05:32:33.074Z,cmrx9lhbn0007w96x99do9808,lora,52,1333,4837.7,0,124,-62,9.75
2026-07-25T05:32:36.793Z,cmrx9lhbn0007w96x99do9808,http,53,30,33866.66666666666,0,,-999,
2026-07-25T05:32:38.093Z,cmrx9lhbn0007w96x99do9808,lora,53,1330,4837.7,0,124,-61,9.5
2026-07-25T05:32:41.815Z,cmrx9lhbn0007w96x99do9808,http,54,33,30787.87878787879,0,,-999,
2026-07-25T05:32:43.133Z,cmrx9lhbn0007w96x99do9808,lora,54,1351,4837.7,0,124,-62,9.5
2026-07-25T05:32:46.841Z,cmrx9lhbn0007w96x99do9808,http,55,40,25400,0,,-999,
2026-07-25T05:32:48.127Z,cmrx9lhbn0007w96x99do9808,lora,55,1326,4837.7,0,124,-62,10
2026-07-25T05:32:51.850Z,cmrx9lhbn0007w96x99do9808,http,56,33,30787.87878787879,0,,-999,
2026-07-25T05:32:53.152Z,cmrx9lhbn0007w96x99do9808,lora,56,1334,4837.7,0,124,-62,9.75
2026-07-25T05:32:56.874Z,cmrx9lhbn0007w96x99do9808,http,57,36,28222.22222222222,0,,-999,
2026-07-25T05:32:58.173Z,cmrx9lhbn0007w96x99do9808,lora,57,1335,4837.7,0,124,-62,10
2026-07-25T05:33:01.899Z,cmrx9lhbn0007w96x99do9808,http,58,38,26736.84210526316,0,,-999,
2026-07-25T05:33:03.200Z,cmrx9lhbn0007w96x99do9808,lora,58,1339,4837.7,0,124,-61,9.75
2026-07-25T05:33:06.919Z,cmrx9lhbn0007w96x99do9808,http,59,37,27459.45945945946,0,,-999,
2026-07-25T05:33:08.207Z,cmrx9lhbn0007w96x99do9808,lora,59,1325,4720.7,0,121,-62,10
2026-07-25T05:33:11.940Z,cmrx9lhbn0007w96x99do9808,http,60,39,26051.28205128205,0,,-999,
2026-07-25T05:33:13.233Z,cmrx9lhbn0007w96x99do9808,lora,60,1330,4720.7,0,121,-62,9.75
2026-07-25T05:33:16.951Z,cmrx9lhbn0007w96x99do9808,http,61,30,33866.66666666666,0,,-999,
2026-07-25T05:33:18.248Z,cmrx9lhbn0007w96x99do9808,lora,61,1327,4720.7,0,121,-61,9.75
2026-07-25T05:33:21.971Z,cmrx9lhbn0007w96x99do9808,http,62,33,30787.87878787879,0,,-999,
2026-07-25T05:33:25.261Z,cmrx9lhbn0007w96x99do9808,lora,62,3321,4720.7,0,121,-62,9.75
2026-07-25T05:33:26.989Z,cmrx9lhbn0007w96x99do9808,http,63,35,29028.57142857143,0,,-999,
2026-07-25T05:33:28.287Z,cmrx9lhbn0007w96x99do9808,lora,63,1332,4761.5,0,119,-61,9.75
2026-07-25T05:33:32.009Z,cmrx9lhbn0007w96x99do9808,http,64,38,26736.84210526316,0,,-999,
2026-07-25T05:33:33.291Z,cmrx9lhbn0007w96x99do9808,lora,64,1319,4761.5,0,119,-62,9.75
2026-07-25T05:33:37.028Z,cmrx9lhbn0007w96x99do9808,http,65,33,30787.87878787879,0,,-999,
2026-07-25T05:33:38.318Z,cmrx9lhbn0007w96x99do9808,lora,65,1323,4720.7,0,121,-62,10.25
2026-07-25T05:33:42.047Z,cmrx9lhbn0007w96x99do9808,http,66,33,30787.87878787879,0,,-999,
2026-07-25T05:33:43.344Z,cmrx9lhbn0007w96x99do9808,lora,66,1330,4837.7,0,124,-62,9.75
2026-07-25T05:33:47.068Z,cmrx9lhbn0007w96x99do9808,http,67,35,29028.57142857143,0,,-999,
2026-07-25T05:33:48.374Z,cmrx9lhbn0007w96x99do9808,lora,67,1340,4837.7,0,124,-61,10.25
2026-07-25T05:33:52.087Z,cmrx9lhbn0007w96x99do9808,http,68,32,31750,0,,-999,
2026-07-25T05:33:53.382Z,cmrx9lhbn0007w96x99do9808,lora,68,1328,4837.7,0,124,-61,9.5
2026-07-25T05:33:57.112Z,cmrx9lhbn0007w96x99do9808,http,69,32,31750,0,,-999,
2026-07-25T05:33:58.413Z,cmrx9lhbn0007w96x99do9808,lora,69,1333,4837.7,0,124,-62,9.5
2026-07-25T05:34:02.134Z,cmrx9lhbn0007w96x99do9808,http,70,39,26051.28205128205,0,,-999,
2026-07-25T05:34:03.425Z,cmrx9lhbn0007w96x99do9808,lora,70,1329,4720.7,0,121,-62,9.75
2026-07-25T05:34:07.147Z,cmrx9lhbn0007w96x99do9808,http,71,32,31750,0,,-999,
2026-07-25T05:34:08.439Z,cmrx9lhbn0007w96x99do9808,lora,71,1325,4720.7,0,121,-63,9.75
2026-07-25T05:34:12.169Z,cmrx9lhbn0007w96x99do9808,http,72,34,29882.35294117647,0,,-999,
2026-07-25T05:34:13.451Z,cmrx9lhbn0007w96x99do9808,lora,72,1316,4761.5,0,119,-63,9.75
2026-07-25T05:34:17.190Z,cmrx9lhbn0007w96x99do9808,http,73,36,28222.22222222222,0,,-999,
2026-07-25T05:34:18.486Z,cmrx9lhbn0007w96x99do9808,lora,73,1332,4837.7,0,124,-62,9.5
2026-07-25T05:34:22.201Z,cmrx9lhbn0007w96x99do9808,http,74,30,33866.66666666666,0,,-999,
2026-07-25T05:34:23.512Z,cmrx9lhbn0007w96x99do9808,lora,74,1340,4759.7,0,122,-62,9.75
2026-07-25T05:34:27.222Z,cmrx9lhbn0007w96x99do9808,http,75,30,33866.66666666666,0,,-999,
2026-07-25T05:34:28.525Z,cmrx9lhbn0007w96x99do9808,lora,75,1333,4837.7,0,124,-62,10
2026-07-25T05:34:32.244Z,cmrx9lhbn0007w96x99do9808,http,76,30,33866.66666666666,0,,-999,
2026-07-25T05:34:33.540Z,cmrx9lhbn0007w96x99do9808,lora,76,1326,4759.7,0,122,-62,9.5
2026-07-25T05:34:37.265Z,cmrx9lhbn0007w96x99do9808,http,77,31,32774.1935483871,0,,-999,
2026-07-25T05:34:38.563Z,cmrx9lhbn0007w96x99do9808,lora,77,1328,4837.7,0,124,-62,9.75
2026-07-25T05:34:42.289Z,cmrx9lhbn0007w96x99do9808,http,78,33,30787.87878787879,0,,-999,
2026-07-25T05:34:43.587Z,cmrx9lhbn0007w96x99do9808,lora,78,1331,4837.7,0,124,-62,10
2026-07-25T05:34:47.312Z,cmrx9lhbn0007w96x99do9808,http,79,33,30787.87878787879,0,,-999,
2026-07-25T05:34:48.615Z,cmrx9lhbn0007w96x99do9808,lora,79,1336,4837.7,0,124,-62,10
2026-07-25T05:34:53.035Z,cmrx9lhbn0007w96x99do9808,http,80,738,1376.693766937669,0,,-999,
2026-07-25T05:34:53.636Z,cmrx9lhbn0007w96x99do9808,lora,80,1339,4837.7,0,124,-62,9.75
2026-07-25T05:34:57.351Z,cmrx9lhbn0007w96x99do9808,http,81,33,30787.87878787879,0,,-999,
2026-07-25T05:34:58.717Z,cmrx9lhbn0007w96x99do9808,lora,81,1399,4759.7,0,122,-62,9.75
2026-07-25T05:35:02.379Z,cmrx9lhbn0007w96x99do9808,http,82,40,25400,0,,-999,
2026-07-25T05:35:03.666Z,cmrx9lhbn0007w96x99do9808,lora,82,1327,4761.5,0,119,-62,9.75
2026-07-25T05:35:07.393Z,cmrx9lhbn0007w96x99do9808,http,83,34,29882.35294117647,0,,-999,
2026-07-25T05:35:08.690Z,cmrx9lhbn0007w96x99do9808,lora,83,1330,4720.7,0,121,-62,9.75
2026-07-25T05:35:12.416Z,cmrx9lhbn0007w96x99do9808,http,84,37,27459.45945945946,0,,-999,
2026-07-25T05:35:13.705Z,cmrx9lhbn0007w96x99do9808,lora,84,1326,4720.7,0,121,-61,10
2026-07-25T05:35:17.436Z,cmrx9lhbn0007w96x99do9808,http,85,41,24780.48780487805,0,,-999,
2026-07-25T05:35:18.730Z,cmrx9lhbn0007w96x99do9808,lora,85,1335,4801.5,0,120,-62,10
2026-07-25T05:35:22.453Z,cmrx9lhbn0007w96x99do9808,http,86,38,26736.84210526316,0,,-999,
2026-07-25T05:35:23.744Z,cmrx9lhbn0007w96x99do9808,lora,86,1328,4720.7,0,121,-62,9.75
2026-07-25T05:35:27.471Z,cmrx9lhbn0007w96x99do9808,http,87,35,29028.57142857143,0,,-999,
2026-07-25T05:35:28.770Z,cmrx9lhbn0007w96x99do9808,lora,87,1335,4837.7,0,124,-62,9.5
2026-07-25T05:35:32.491Z,cmrx9lhbn0007w96x99do9808,http,88,33,30787.87878787879,0,,-999,
2026-07-25T05:35:33.791Z,cmrx9lhbn0007w96x99do9808,lora,88,1334,4837.7,0,124,-61,10
2026-07-25T05:35:37.510Z,cmrx9lhbn0007w96x99do9808,http,89,34,29882.35294117647,0,,-999,
2026-07-25T05:35:38.808Z,cmrx9lhbn0007w96x99do9808,lora,89,1332,4837.7,0,124,-68,10.25
2026-07-25T05:35:42.545Z,cmrx9lhbn0007w96x99do9808,http,90,40,25400,0,,-999,
2026-07-25T05:35:43.843Z,cmrx9lhbn0007w96x99do9808,lora,90,1339,4837.7,0,124,-61,10
2026-07-25T05:35:47.552Z,cmrx9lhbn0007w96x99do9808,http,91,37,27459.45945945946,0,,-999,
2026-07-25T05:35:48.853Z,cmrx9lhbn0007w96x99do9808,lora,91,1338,4837.7,0,124,-64,10
2026-07-25T05:35:55.336Z,cmrx9lhbn0007w96x99do9808,http,92,38,26736.84210526316,0,,-999,
2026-07-25T05:35:56.628Z,cmrx9lhbn0007w96x99do9808,lora,92,1330,4837.7,0,124,-65,10
2026-07-25T05:36:00.518Z,cmrx9lhbn0007w96x99do9808,http,93,54,18814.81481481481,0,,-999,
2026-07-25T05:36:03.792Z,cmrx9lhbn0007w96x99do9808,lora,93,3329,4837.7,0,124,-66,10
2026-07-25T05:36:05.509Z,cmrx9lhbn0007w96x99do9808,http,94,32,31750,0,,-999,
2026-07-25T05:36:06.813Z,cmrx9lhbn0007w96x99do9808,lora,94,1335,4759.7,0,122,-69,10
2026-07-25T05:36:10.529Z,cmrx9lhbn0007w96x99do9808,http,95,32,31750,0,,-999,
2026-07-25T05:36:11.827Z,cmrx9lhbn0007w96x99do9808,lora,95,1330,4759.7,0,122,-63,9.5
2026-07-25T05:36:15.550Z,cmrx9lhbn0007w96x99do9808,http,96,32,31750,0,,-999,
2026-07-25T05:36:16.843Z,cmrx9lhbn0007w96x99do9808,lora,96,1325,4759.7,0,122,-65,9.5
2026-07-25T05:36:20.592Z,cmrx9lhbn0007w96x99do9808,http,97,51,19921.56862745098,0,,-999,
2026-07-25T05:36:21.868Z,cmrx9lhbn0007w96x99do9808,lora,97,1327,4759.7,0,122,-67,9.75
2026-07-25T05:36:25.598Z,cmrx9lhbn0007w96x99do9808,http,98,39,26051.28205128205,0,,-999,
2026-07-25T05:36:26.891Z,cmrx9lhbn0007w96x99do9808,lora,98,1332,4837.7,0,124,-62,10
2026-07-25T05:36:31.499Z,cmrx9lhbn0007w96x99do9808,http,99,34,29882.35294117647,0,,-999,
2026-07-25T05:36:32.786Z,cmrx9lhbn0007w96x99do9808,lora,99,1321,4759.7,0,122,-65,9.5
2026-07-25T05:36:36.663Z,cmrx9lhbn0007w96x99do9808,http,100,41,24780.48780487805,0,,-999,
2026-07-25T05:36:37.964Z,cmrx9lhbn0007w96x99do9808,lora,100,1342,4757.9,0,125,-64,9.75
2026-07-25T05:36:41.680Z,cmrx9lhbn0007w96x99do9808,http,101,34,29882.35294117647,0,,-999,
2026-07-25T05:36:42.974Z,cmrx9lhbn0007w96x99do9808,lora,101,1328,4801.5,0,120,-61,10.25
2026-07-25T05:36:46.699Z,cmrx9lhbn0007w96x99do9808,http,102,40,25400,0,,-999,
2026-07-25T05:36:47.987Z,cmrx9lhbn0007w96x99do9808,lora,102,1328,4801.5,0,120,-62,9.75
2026-07-25T05:36:51.709Z,cmrx9lhbn0007w96x99do9808,http,103,34,29882.35294117647,0,,-999,
2026-07-25T05:36:52.996Z,cmrx9lhbn0007w96x99do9808,lora,103,1321,4721.5,0,118,-62,9.75
2026-07-25T05:36:56.725Z,cmrx9lhbn0007w96x99do9808,http,104,36,28222.22222222222,0,,-999,
2026-07-25T05:36:58.011Z,cmrx9lhbn0007w96x99do9808,lora,104,1323,4721.5,0,118,-60,9.5
2026-07-25T05:37:01.806Z,cmrx9lhbn0007w96x99do9808,http,105,72,14111.11111111111,0,,-999,
2026-07-25T05:37:03.077Z,cmrx9lhbn0007w96x99do9808,lora,105,1343,4757.9,0,125,-59,9.75
2026-07-25T05:37:06.906Z,cmrx9lhbn0007w96x99do9808,http,106,38,26736.84210526316,0,,-999,
2026-07-25T05:37:08.199Z,cmrx9lhbn0007w96x99do9808,lora,106,1331,4757.9,0,125,-59,10.25
2026-07-25T05:37:11.924Z,cmrx9lhbn0007w96x99do9808,http,107,32,31750,0,,-999,
2026-07-25T05:37:13.265Z,cmrx9lhbn0007w96x99do9808,lora,107,1374,4720.7,0,121,-59,10
2026-07-25T05:37:16.937Z,cmrx9lhbn0007w96x99do9808,http,108,34,29882.35294117647,0,,-999,
2026-07-25T05:37:18.237Z,cmrx9lhbn0007w96x99do9808,lora,108,1334,4837.7,0,124,-59,9.75
2026-07-25T05:37:21.993Z,cmrx9lhbn0007w96x99do9808,http,109,66,15393.93939393939,0,,-999,
2026-07-25T05:37:23.259Z,cmrx9lhbn0007w96x99do9808,lora,109,1333,4837.7,0,124,-60,9.75
2026-07-25T05:37:27.028Z,cmrx9lhbn0007w96x99do9808,http,110,36,28222.22222222222,0,,-999,
2026-07-25T05:37:28.327Z,cmrx9lhbn0007w96x99do9808,lora,110,1335,4837.7,0,124,-59,9.75
2026-07-25T05:37:32.192Z,cmrx9lhbn0007w96x99do9808,http,111,37,27459.45945945946,0,,-999,
2026-07-25T05:37:33.486Z,cmrx9lhbn0007w96x99do9808,lora,111,1331,4757.9,0,125,-60,9.5
2026-07-25T05:37:37.225Z,cmrx9lhbn0007w96x99do9808,http,112,47,21617.02127659574,0,,-999,
2026-07-25T05:37:38.515Z,cmrx9lhbn0007w96x99do9808,lora,112,1338,4837.7,0,124,-60,9.25
2026-07-25T05:37:42.234Z,cmrx9lhbn0007w96x99do9808,http,113,40,25400,0,,-999,
2026-07-25T05:37:43.521Z,cmrx9lhbn0007w96x99do9808,lora,113,1328,4759.7,0,122,-60,9.75
2026-07-25T05:37:48.337Z,cmrx9lhbn0007w96x99do9808,http,114,35,29028.57142857143,0,,-999,
2026-07-25T05:37:49.640Z,cmrx9lhbn0007w96x99do9808,lora,114,1337,4837.7,0,124,-60,9.5
2026-07-25T05:37:53.513Z,cmrx9lhbn0007w96x99do9808,http,115,41,24780.48780487805,0,,-999,
2026-07-25T05:37:54.812Z,cmrx9lhbn0007w96x99do9808,lora,115,1340,4837.7,0,124,-60,9.5
2026-07-25T05:37:58.572Z,cmrx9lhbn0007w96x99do9808,http,116,35,29028.57142857143,0,,-999,
2026-07-25T05:37:59.871Z,cmrx9lhbn0007w96x99do9808,lora,116,1333,4837.7,0,124,-60,9.75
2026-07-25T05:38:03.731Z,cmrx9lhbn0007w96x99do9808,http,117,34,29882.35294117647,0,,-999,
2026-07-25T05:38:05.032Z,cmrx9lhbn0007w96x99do9808,lora,117,1335,4837.7,0,124,-59,10.25
2026-07-25T05:38:08.811Z,cmrx9lhbn0007w96x99do9808,http,118,40,25400,0,,-999,
2026-07-25T05:38:10.107Z,cmrx9lhbn0007w96x99do9808,lora,118,1335,4798.7,0,123,-60,9.5
2026-07-25T05:38:13.959Z,cmrx9lhbn0007w96x99do9808,http,119,36,28222.22222222222,0,,-999,
2026-07-25T05:38:15.258Z,cmrx9lhbn0007w96x99do9808,lora,119,1334,4720.7,0,121,-60,9.5
2026-07-25T05:38:18.985Z,cmrx9lhbn0007w96x99do9808,http,120,35,29028.57142857143,0,,-999,
2026-07-25T05:38:20.282Z,cmrx9lhbn0007w96x99do9808,lora,120,1332,4798.7,0,123,-62,9.5
2026-07-25T05:38:24.010Z,cmrx9lhbn0007w96x99do9808,http,121,35,29028.57142857143,0,,-999,
2026-07-25T05:38:25.308Z,cmrx9lhbn0007w96x99do9808,lora,121,1334,4757.9,0,125,-61,10.5
2026-07-25T05:38:29.039Z,cmrx9lhbn0007w96x99do9808,http,122,37,27459.45945945946,0,,-999,
2026-07-25T05:38:30.335Z,cmrx9lhbn0007w96x99do9808,lora,122,1333,4757.9,0,125,-60,9.75
2026-07-25T05:38:34.047Z,cmrx9lhbn0007w96x99do9808,http,123,32,31750,0,,-999,
2026-07-25T05:38:35.348Z,cmrx9lhbn0007w96x99do9808,lora,123,1333,4757.9,0,125,-62,10
2026-07-25T05:38:39.075Z,cmrx9lhbn0007w96x99do9808,http,124,35,29028.57142857143,0,,-999,
2026-07-25T05:38:40.378Z,cmrx9lhbn0007w96x99do9808,lora,124,1338,4757.9,0,125,-60,9.25
2026-07-25T05:38:44.098Z,cmrx9lhbn0007w96x99do9808,http,125,37,27459.45945945946,0,,-999,
2026-07-25T05:38:45.398Z,cmrx9lhbn0007w96x99do9808,lora,125,1337,4798.7,0,123,-63,9.5
2026-07-25T05:38:49.116Z,cmrx9lhbn0007w96x99do9808,http,126,36,28222.22222222222,0,,-999,
2026-07-25T05:38:50.415Z,cmrx9lhbn0007w96x99do9808,lora,126,1335,4757.9,0,125,-64,9.25
2026-07-25T05:38:58.801Z,cmrx9lhbn0007w96x99do9808,http,127,38,26736.84210526316,0,,-999,
2026-07-25T05:39:00.113Z,cmrx9lhbn0007w96x99do9808,lora,127,1349,4757.9,0,125,-64,9.75
2026-07-25T05:39:04.411Z,cmrx9lhbn0007w96x99do9808,http,128,43,23627.90697674419,0,,-999,
2026-07-25T05:39:05.704Z,cmrx9lhbn0007w96x99do9808,lora,128,1337,4757.9,0,125,-64,9.5
2026-07-25T05:39:09.419Z,cmrx9lhbn0007w96x99do9808,http,129,38,26736.84210526316,0,,-999,
2026-07-25T05:39:10.732Z,cmrx9lhbn0007w96x99do9808,lora,129,1349,4757.9,0,125,-64,9.5
2026-07-25T05:39:14.491Z,cmrx9lhbn0007w96x99do9808,http,130,34,29882.35294117647,0,,-999,
2026-07-25T05:39:15.799Z,cmrx9lhbn0007w96x99do9808,lora,130,1342,4757.9,0,125,-64,9.75
2026-07-25T05:39:19.652Z,cmrx9lhbn0007w96x99do9808,http,131,37,27459.45945945946,0,,-999,
2026-07-25T05:39:20.947Z,cmrx9lhbn0007w96x99do9808,lora,131,1333,4757.9,0,125,-63,10
2026-07-25T05:39:24.673Z,cmrx9lhbn0007w96x99do9808,http,132,38,26736.84210526316,0,,-999,
2026-07-25T05:39:25.971Z,cmrx9lhbn0007w96x99do9808,lora,132,1336,4757.9,0,125,-62,9.75
2026-07-25T05:39:29.693Z,cmrx9lhbn0007w96x99do9808,http,133,40,25400,0,,-999,
2026-07-25T05:39:30.987Z,cmrx9lhbn0007w96x99do9808,lora,133,1335,4757.9,0,125,-58,10.25
2026-07-25T05:39:34.715Z,cmrx9lhbn0007w96x99do9808,http,134,37,27459.45945945946,0,,-999,
2026-07-25T05:39:36.016Z,cmrx9lhbn0007w96x99do9808,lora,134,1338,4798.7,0,123,-61,9.75
2026-07-25T05:39:39.741Z,cmrx9lhbn0007w96x99do9808,http,135,41,24780.48780487805,0,,-999,
2026-07-25T05:39:41.040Z,cmrx9lhbn0007w96x99do9808,lora,135,1341,4757.9,0,125,-64,10
2026-07-25T05:39:44.756Z,cmrx9lhbn0007w96x99do9808,http,136,36,28222.22222222222,0,,-999,
2026-07-25T05:39:46.057Z,cmrx9lhbn0007w96x99do9808,lora,136,1337,4757.9,0,125,-61,9.5
2026-07-25T05:39:49.785Z,cmrx9lhbn0007w96x99do9808,http,137,38,26736.84210526316,0,,-999,
2026-07-25T05:39:51.080Z,cmrx9lhbn0007w96x99do9808,lora,137,1333,4757.9,0,125,-61,9.5
2026-07-25T05:39:54.811Z,cmrx9lhbn0007w96x99do9808,http,138,41,24780.48780487805,0,,-999,
2026-07-25T05:39:56.105Z,cmrx9lhbn0007w96x99do9808,lora,138,1335,4757.9,0,125,-62,9.5
2026-07-25T05:39:59.829Z,cmrx9lhbn0007w96x99do9808,http,139,39,26051.28205128205,0,,-999,
2026-07-25T05:40:01.130Z,cmrx9lhbn0007w96x99do9808,lora,139,1340,4757.9,0,125,-61,9.75
2026-07-25T05:40:04.847Z,cmrx9lhbn0007w96x99do9808,http,140,39,26051.28205128205,0,,-999,
2026-07-25T05:40:06.141Z,cmrx9lhbn0007w96x99do9808,lora,140,1333,4757.9,0,125,-62,9.5
2026-07-25T05:40:09.869Z,cmrx9lhbn0007w96x99do9808,http,141,39,26051.28205128205,0,,-999,
2026-07-25T05:40:11.279Z,cmrx9lhbn0007w96x99do9808,lora,141,1450,4837.7,0,124,-61,10.5
2026-07-25T05:40:14.895Z,cmrx9lhbn0007w96x99do9808,http,142,40,25400,0,,-999,
2026-07-25T05:40:16.195Z,cmrx9lhbn0007w96x99do9808,lora,142,1340,4757.9,0,125,-60,10
2026-07-25T05:40:20.192Z,cmrx9lhbn0007w96x99do9808,http,143,319,3184.952978056426,0,,-999,
2026-07-25T05:40:23.202Z,cmrx9lhbn0007w96x99do9808,lora,143,3328,4757.9,0,125,-61,9.75
2026-07-25T05:40:24.929Z,cmrx9lhbn0007w96x99do9808,http,144,35,29028.57142857143,0,,-999,
2026-07-25T05:40:26.234Z,cmrx9lhbn0007w96x99do9808,lora,144,1340,4757.9,0,125,-61,9.75
2026-07-25T05:40:29.947Z,cmrx9lhbn0007w96x99do9808,http,145,37,27459.45945945946,0,,-999,
2026-07-25T05:40:31.246Z,cmrx9lhbn0007w96x99do9808,lora,145,1336,4757.9,0,125,-62,9.75
2026-07-25T05:40:34.966Z,cmrx9lhbn0007w96x99do9808,http,146,38,26736.84210526316,0,,-999,
2026-07-25T05:40:36.329Z,cmrx9lhbn0007w96x99do9808,lora,146,1400,4798.7,0,123,-63,9.5
2026-07-25T05:40:39.987Z,cmrx9lhbn0007w96x99do9808,http,147,39,26051.28205128205,0,,-999,
2026-07-25T05:40:41.283Z,cmrx9lhbn0007w96x99do9808,lora,147,1335,4798.7,0,123,-62,9.75
2026-07-25T05:40:45.009Z,cmrx9lhbn0007w96x99do9808,http,148,42,24190.47619047619,0,,-999,
2026-07-25T05:40:46.303Z,cmrx9lhbn0007w96x99do9808,lora,148,1336,4798.7,0,123,-64,9.5
2026-07-25T05:40:50.028Z,cmrx9lhbn0007w96x99do9808,http,149,40,25400,0,,-999,
2026-07-25T05:40:51.322Z,cmrx9lhbn0007w96x99do9808,lora,149,1335,4757.9,0,125,-62,10
2026-07-25T05:40:55.046Z,cmrx9lhbn0007w96x99do9808,http,150,42,24190.47619047619,0,,-999,
2026-07-25T05:40:56.687Z,cmrx9lhbn0007w96x99do9808,lora,150,1683,4759.7,0,122,-60,9.5
2026-07-25T05:41:00.062Z,cmrx9lhbn0007w96x99do9808,http,151,40,25400,0,,-999,
2026-07-25T05:41:01.351Z,cmrx9lhbn0007w96x99do9808,lora,151,1329,4721.5,0,118,-59,10
2026-07-25T05:41:05.087Z,cmrx9lhbn0007w96x99do9808,http,152,42,24190.47619047619,0,,-999,
2026-07-25T05:41:06.379Z,cmrx9lhbn0007w96x99do9808,lora,152,1334,4757.9,0,125,-63,9.75
2026-07-25T05:41:10.107Z,cmrx9lhbn0007w96x99do9808,http,153,39,26051.28205128205,0,,-999,
2026-07-25T05:41:11.411Z,cmrx9lhbn0007w96x99do9808,lora,153,1343,4757.9,0,125,-63,9.75
2026-07-25T05:41:15.152Z,cmrx9lhbn0007w96x99do9808,http,154,63,16126.98412698413,0,,-999,
2026-07-25T05:41:16.584Z,cmrx9lhbn0007w96x99do9808,lora,154,1495,4798.7,0,123,-62,10
2026-07-25T05:41:20.148Z,cmrx9lhbn0007w96x99do9808,http,155,40,25400,0,,-999,
2026-07-25T05:41:23.434Z,cmrx9lhbn0007w96x99do9808,lora,155,3326,4757.9,0,125,-63,9.75
2026-07-25T05:41:25.163Z,cmrx9lhbn0007w96x99do9808,http,156,37,27459.45945945946,0,,-999,
2026-07-25T05:41:26.463Z,cmrx9lhbn0007w96x99do9808,lora,156,1337,4757.9,0,125,-62,10
2026-07-25T05:41:30.184Z,cmrx9lhbn0007w96x99do9808,http,157,40,25400,0,,-999,
2026-07-25T05:41:31.473Z,cmrx9lhbn0007w96x99do9808,lora,157,1329,4801.5,0,120,-63,9.75
2026-07-25T05:41:35.711Z,cmrx9lhbn0007w96x99do9808,http,158,548,1854.014598540146,0,,-999,
2026-07-25T05:41:38.417Z,cmrx9lhbn0007w96x99do9808,lora,158,3254,4759.7,0,122,-62,10.25
2026-07-25T05:41:40.221Z,cmrx9lhbn0007w96x99do9808,http,159,39,26051.28205128205,0,,-999,
2026-07-25T05:41:41.560Z,cmrx9lhbn0007w96x99do9808,lora,159,1377,4759.7,0,122,-62,9.5
2026-07-25T05:41:45.240Z,cmrx9lhbn0007w96x99do9808,http,160,39,26051.28205128205,0,,-999,
2026-07-25T05:41:46.530Z,cmrx9lhbn0007w96x99do9808,lora,160,1330,4759.7,0,122,-62,10
2026-07-25T05:41:50.260Z,cmrx9lhbn0007w96x99do9808,http,161,35,29028.57142857143,0,,-999,
2026-07-25T05:41:51.560Z,cmrx9lhbn0007w96x99do9808,lora,161,1334,4759.7,0,122,-62,9.5
2026-07-25T05:41:55.274Z,cmrx9lhbn0007w96x99do9808,http,162,37,27459.45945945946,0,,-999,
2026-07-25T05:41:56.571Z,cmrx9lhbn0007w96x99do9808,lora,162,1334,4759.7,0,122,-62,10
2026-07-25T05:42:00.297Z,cmrx9lhbn0007w96x99do9808,http,163,42,24190.47619047619,0,,-999,
2026-07-25T05:42:01.597Z,cmrx9lhbn0007w96x99do9808,lora,163,1341,4759.7,0,122,-63,9.5
2026-07-25T05:42:05.327Z,cmrx9lhbn0007w96x99do9808,http,164,52,19538.46153846154,0,,-999,
2026-07-25T05:42:06.610Z,cmrx9lhbn0007w96x99do9808,lora,164,1334,4759.7,0,122,-62,10.25
2026-07-25T05:42:10.330Z,cmrx9lhbn0007w96x99do9808,http,165,36,28222.22222222222,0,,-999,
2026-07-25T05:42:11.625Z,cmrx9lhbn0007w96x99do9808,lora,165,1330,4759.7,0,122,-63,9.5
2026-07-25T05:42:16.685Z,cmrx9lhbn0007w96x99do9808,lora,166,1370,4757.9,0,125,-62,10.5
2026-07-25T05:42:17.382Z,cmrx9lhbn0007w96x99do9808,http,166,2068,491.2959381044487,0,,-999,
2026-07-25T05:42:20.366Z,cmrx9lhbn0007w96x99do9808,http,167,37,27459.45945945946,0,,-999,
2026-07-25T05:42:21.664Z,cmrx9lhbn0007w96x99do9808,lora,167,1335,4757.9,0,125,-62,10.25
2026-07-25T05:42:25.399Z,cmrx9lhbn0007w96x99do9808,http,168,50,20320,0,,-999,
2026-07-25T05:42:26.685Z,cmrx9lhbn0007w96x99do9808,lora,168,1336,4757.9,0,125,-62,10
2026-07-25T05:42:30.402Z,cmrx9lhbn0007w96x99do9808,http,169,38,26736.84210526316,0,,-999,
2026-07-25T05:42:32.328Z,cmrx9lhbn0007w96x99do9808,lora,169,1964,4757.9,0,125,-62,9.75
2026-07-25T05:42:35.430Z,cmrx9lhbn0007w96x99do9808,http,170,44,23090.90909090909,0,,-999,
2026-07-25T05:42:36.723Z,cmrx9lhbn0007w96x99do9808,lora,170,1336,4798.7,0,123,-62,9.5
2026-07-25T05:42:40.444Z,cmrx9lhbn0007w96x99do9808,http,171,38,26736.84210526316,0,,-999,
2026-07-25T05:42:41.741Z,cmrx9lhbn0007w96x99do9808,lora,171,1335,4798.7,0,123,-63,9.75
2026-07-25T05:42:45.461Z,cmrx9lhbn0007w96x99do9808,http,172,36,28222.22222222222,0,,-999,
2026-07-25T05:42:46.765Z,cmrx9lhbn0007w96x99do9808,lora,172,1341,4757.9,0,125,-62,10
2026-07-25T05:42:50.477Z,cmrx9lhbn0007w96x99do9808,http,173,38,26736.84210526316,0,,-999,
2026-07-25T05:42:51.931Z,cmrx9lhbn0007w96x99do9808,lora,173,1491,4757.9,0,125,-62,10
2026-07-25T05:42:55.491Z,cmrx9lhbn0007w96x99do9808,http,174,35,29028.57142857143,0,,-999,
2026-07-25T05:42:56.792Z,cmrx9lhbn0007w96x99do9808,lora,174,1335,4757.9,0,125,-62,9.5
2026-07-25T05:43:00.518Z,cmrx9lhbn0007w96x99do9808,http,175,41,24780.48780487805,0,,-999,
2026-07-25T05:43:01.815Z,cmrx9lhbn0007w96x99do9808,lora,175,1338,4757.9,0,125,-63,9.75
2026-07-25T05:43:05.533Z,cmrx9lhbn0007w96x99do9808,http,176,39,26051.28205128205,0,,-999,
2026-07-25T05:43:06.831Z,cmrx9lhbn0007w96x99do9808,lora,176,1336,4757.9,0,125,-62,10
2026-07-25T05:43:10.553Z,cmrx9lhbn0007w96x99do9808,http,177,38,26736.84210526316,0,,-999,
2026-07-25T05:43:11.848Z,cmrx9lhbn0007w96x99do9808,lora,177,1333,4798.7,0,123,-63,9.75
2026-07-25T05:43:15.561Z,cmrx9lhbn0007w96x99do9808,http,178,38,26736.84210526316,0,,-999,
2026-07-25T05:43:18.847Z,cmrx9lhbn0007w96x99do9808,lora,178,3325,4798.7,0,123,-62,9.75
2026-07-25T05:43:20.574Z,cmrx9lhbn0007w96x99do9808,http,179,36,28222.22222222222,0,,-999,
2026-07-25T05:43:21.870Z,cmrx9lhbn0007w96x99do9808,lora,179,1332,4757.9,0,125,-62,9.75
2026-07-25T05:43:25.595Z,cmrx9lhbn0007w96x99do9808,http,180,41,24780.48780487805,0,,-999,
2026-07-25T05:43:26.889Z,cmrx9lhbn0007w96x99do9808,lora,180,1336,4757.9,0,125,-62,10.25
2026-07-25T05:43:30.613Z,cmrx9lhbn0007w96x99do9808,http,181,41,24780.48780487805,0,,-999,
2026-07-25T05:43:31.906Z,cmrx9lhbn0007w96x99do9808,lora,181,1334,4757.9,0,125,-62,10
2026-07-25T05:43:35.629Z,cmrx9lhbn0007w96x99do9808,http,182,38,26736.84210526316,0,,-999,
2026-07-25T05:43:36.928Z,cmrx9lhbn0007w96x99do9808,lora,182,1337,4757.9,0,125,-63,9.5
2026-07-25T05:43:40.641Z,cmrx9lhbn0007w96x99do9808,http,183,35,29028.57142857143,0,,-999,
2026-07-25T05:43:41.940Z,cmrx9lhbn0007w96x99do9808,lora,183,1334,4757.9,0,125,-63,9.75
2026-07-25T05:43:45.657Z,cmrx9lhbn0007w96x99do9808,http,184,38,26736.84210526316,0,,-999,
2026-07-25T05:43:46.956Z,cmrx9lhbn0007w96x99do9808,lora,184,1337,4798.7,0,123,-62,9.75
2026-07-25T05:43:50.684Z,cmrx9lhbn0007w96x99do9808,http,185,45,22577.77777777778,0,,-999,
2026-07-25T05:43:51.974Z,cmrx9lhbn0007w96x99do9808,lora,185,1335,4798.7,0,123,-62,10
2026-07-25T05:43:55.698Z,cmrx9lhbn0007w96x99do9808,http,186,39,26051.28205128205,0,,-999,
2026-07-25T05:43:57.030Z,cmrx9lhbn0007w96x99do9808,lora,186,1369,4798.7,0,123,-62,10
2026-07-25T05:44:00.720Z,cmrx9lhbn0007w96x99do9808,http,187,41,24780.48780487805,0,,-999,
2026-07-25T05:44:02.028Z,cmrx9lhbn0007w96x99do9808,lora,187,1349,4798.7,0,123,-62,9.5
2026-07-25T05:44:08.869Z,cmrx9lhbn0007w96x99do9808,lora,188,3168,4798.7,0,123,-62,9.75
2026-07-25T05:44:10.755Z,cmrx9lhbn0007w96x99do9808,http,189,38,26736.84210526316,0,,-999,
2026-07-25T05:44:12.052Z,cmrx9lhbn0007w96x99do9808,lora,189,1336,4798.7,0,123,-62,9.75
2026-07-25T05:44:15.772Z,cmrx9lhbn0007w96x99do9808,http,190,38,26736.84210526316,0,,-999,
2026-07-25T05:44:19.004Z,cmrx9lhbn0007w96x99do9808,lora,190,3270,4757.9,0,125,-62,10
2026-07-25T05:44:20.791Z,cmrx9lhbn0007w96x99do9808,http,191,37,27459.45945945946,0,,-999,
2026-07-25T05:44:24.084Z,cmrx9lhbn0007w96x99do9808,lora,191,3330,4757.9,0,125,-62,10
2026-07-25T05:44:25.820Z,cmrx9lhbn0007w96x99do9808,http,192,44,23090.90909090909,0,,-999,
2026-07-25T05:44:27.117Z,cmrx9lhbn0007w96x99do9808,lora,192,1341,4757.9,0,125,-62,9.5
2026-07-25T05:44:30.833Z,cmrx9lhbn0007w96x99do9808,http,193,37,27459.45945945946,0,,-999,
2026-07-25T05:44:34.126Z,cmrx9lhbn0007w96x99do9808,lora,193,3330,4798.7,0,123,-62,9.75
2026-07-25T05:44:35.855Z,cmrx9lhbn0007w96x99do9808,http,194,42,24190.47619047619,0,,-999,
2026-07-25T05:44:37.151Z,cmrx9lhbn0007w96x99do9808,lora,194,1338,4757.9,0,125,-62,10
2026-07-25T05:44:40.872Z,cmrx9lhbn0007w96x99do9808,http,195,40,25400,0,,-999,
2026-07-25T05:44:42.174Z,cmrx9lhbn0007w96x99do9808,lora,195,1341,4798.7,0,123,-62,9.75
2026-07-25T05:44:46.638Z,cmrx9lhbn0007w96x99do9808,http,196,782,1299.23273657289,0,,-999,
2026-07-25T05:44:47.192Z,cmrx9lhbn0007w96x99do9808,lora,196,1338,4757.9,0,125,-63,10
2026-07-25T05:44:50.918Z,cmrx9lhbn0007w96x99do9808,http,197,41,24780.48780487805,0,,-999,
2026-07-25T05:44:52.213Z,cmrx9lhbn0007w96x99do9808,lora,197,1336,4798.7,0,123,-64,9.75
2026-07-25T05:44:56.679Z,cmrx9lhbn0007w96x99do9808,http,198,787,1290.978398983482,0,,-999,
2026-07-25T05:44:57.227Z,cmrx9lhbn0007w96x99do9808,lora,198,1335,4798.7,0,123,-65,9.5
2026-07-25T05:45:00.961Z,cmrx9lhbn0007w96x99do9808,http,199,48,21166.66666666667,0,,-999,
2026-07-25T05:45:02.255Z,cmrx9lhbn0007w96x99do9808,lora,199,1342,4757.9,0,125,-66,10
2026-07-25T05:45:05.963Z,cmrx9lhbn0007w96x99do9808,http,200,35,29028.57142857143,0,,-999,
2026-07-25T05:45:07.264Z,cmrx9lhbn0007w96x99do9808,lora,200,1337,4757.9,0,125,-70,9.25
2026-07-25T05:45:10.997Z,cmrx9lhbn0007w96x99do9808,http,201,40,25400,0,,-999,
2026-07-25T05:45:12.292Z,cmrx9lhbn0007w96x99do9808,lora,201,1335,4757.9,0,125,-66,9.75
2026-07-25T05:45:16.018Z,cmrx9lhbn0007w96x99do9808,http,202,44,23090.90909090909,0,,-999,
2026-07-25T05:45:19.305Z,cmrx9lhbn0007w96x99do9808,lora,202,3331,4757.9,0,125,-63,9.75
2026-07-25T05:45:21.037Z,cmrx9lhbn0007w96x99do9808,http,203,41,24780.48780487805,0,,-999,
2026-07-25T05:45:22.331Z,cmrx9lhbn0007w96x99do9808,lora,203,1335,4757.9,0,125,-64,8.75
2026-07-25T05:45:26.060Z,cmrx9lhbn0007w96x99do9808,http,204,42,24190.47619047619,0,,-999,
2026-07-25T05:45:27.356Z,cmrx9lhbn0007w96x99do9808,lora,204,1338,4757.9,0,125,-65,9.75
2026-07-25T05:45:31.082Z,cmrx9lhbn0007w96x99do9808,http,205,36,28222.22222222222,0,,-999,
2026-07-25T05:45:32.378Z,cmrx9lhbn0007w96x99do9808,lora,205,1333,4757.9,0,125,-63,9.5
2026-07-25T05:45:36.100Z,cmrx9lhbn0007w96x99do9808,http,206,35,29028.57142857143,0,,-999,
2026-07-25T05:45:37.422Z,cmrx9lhbn0007w96x99do9808,lora,206,1357,4757.9,0,125,-65,9.25
2026-07-25T05:45:41.130Z,cmrx9lhbn0007w96x99do9808,http,207,40,25400,0,,-999,
2026-07-25T05:45:42.425Z,cmrx9lhbn0007w96x99do9808,lora,207,1335,4757.9,0,125,-60,9.75
2026-07-25T05:45:48.085Z,cmrx9lhbn0007w96x99do9808,http,208,44,23090.90909090909,0,,-999,
2026-07-25T05:45:49.378Z,cmrx9lhbn0007w96x99do9808,lora,208,1337,4757.9,0,125,-69,9.75
2026-07-25T05:45:53.234Z,cmrx9lhbn0007w96x99do9808,http,209,38,26736.84210526316,0,,-999,
2026-07-25T05:45:54.534Z,cmrx9lhbn0007w96x99do9808,lora,209,1338,4837.7,0,124,-66,10
2026-07-25T05:45:58.259Z,cmrx9lhbn0007w96x99do9808,http,210,39,26051.28205128205,0,,-999,
2026-07-25T05:45:59.555Z,cmrx9lhbn0007w96x99do9808,lora,210,1335,4837.7,0,124,-65,9.5
2026-07-25T05:46:03.275Z,cmrx9lhbn0007w96x99do9808,http,211,36,28222.22222222222,0,,-999,
2026-07-25T05:46:04.574Z,cmrx9lhbn0007w96x99do9808,lora,211,1335,4837.7,0,124,-65,9.75
2026-07-25T05:46:08.308Z,cmrx9lhbn0007w96x99do9808,http,212,41,24780.48780487805,0,,-999,
2026-07-25T05:46:09.648Z,cmrx9lhbn0007w96x99do9808,lora,212,1380,4759.7,0,122,-65,9.5
2026-07-25T05:46:13.373Z,cmrx9lhbn0007w96x99do9808,http,213,39,26051.28205128205,0,,-999,
2026-07-25T05:46:14.664Z,cmrx9lhbn0007w96x99do9808,lora,213,1330,4801.5,0,120,-67,9.5
2026-07-25T05:46:18.541Z,cmrx9lhbn0007w96x99do9808,http,214,39,26051.28205128205,0,,-999,
2026-07-25T05:46:21.834Z,cmrx9lhbn0007w96x99do9808,lora,214,3332,4837.7,0,124,-63,9
2026-07-25T05:46:23.559Z,cmrx9lhbn0007w96x99do9808,http,215,43,23627.90697674419,0,,-999,
2026-07-25T05:46:24.855Z,cmrx9lhbn0007w96x99do9808,lora,215,1339,4837.7,0,124,-64,9.5
2026-07-25T05:46:28.576Z,cmrx9lhbn0007w96x99do9808,http,216,41,24780.48780487805,0,,-999,
2026-07-25T05:46:29.867Z,cmrx9lhbn0007w96x99do9808,lora,216,1332,4720.7,0,121,-65,9.5
2026-07-25T05:46:34.302Z,cmrx9lhbn0007w96x99do9808,http,217,43,23627.90697674419,0,,-999,
2026-07-25T05:46:35.595Z,cmrx9lhbn0007w96x99do9808,lora,217,1336,4720.7,0,121,-66,9.75
2026-07-25T05:46:39.907Z,cmrx9lhbn0007w96x99do9808,http,218,52,19538.46153846154,0,,-999,
2026-07-25T05:46:41.178Z,cmrx9lhbn0007w96x99do9808,lora,218,1324,4721.5,0,118,-65,9.75
2026-07-25T05:46:45.613Z,cmrx9lhbn0007w96x99do9808,http,219,734,1384.196185286104,0,,-999,
2026-07-25T05:46:46.318Z,cmrx9lhbn0007w96x99do9808,lora,219,1439,4837.7,0,124,-65,9.75
2026-07-25T05:46:52.923Z,cmrx9lhbn0007w96x99do9808,http,220,42,24190.47619047619,0,,-999,
2026-07-25T05:46:54.223Z,cmrx9lhbn0007w96x99do9808,lora,220,1341,4837.7,0,124,-65,9.75
2026-07-25T05:46:58.524Z,cmrx9lhbn0007w96x99do9808,http,221,38,26736.84210526316,0,,-999,
2026-07-25T05:46:59.829Z,cmrx9lhbn0007w96x99do9808,lora,221,1343,4757.9,0,125,-67,9.75
2026-07-25T05:47:03.534Z,cmrx9lhbn0007w96x99do9808,http,222,41,24780.48780487805,0,,-999,
2026-07-25T05:47:04.833Z,cmrx9lhbn0007w96x99do9808,lora,222,1340,4837.7,0,124,-67,9.75
2026-07-25T05:47:08.554Z,cmrx9lhbn0007w96x99do9808,http,223,37,27459.45945945946,0,,-999,
2026-07-25T05:47:09.862Z,cmrx9lhbn0007w96x99do9808,lora,223,1345,4837.7,0,124,-65,9.5
2026-07-25T05:47:13.590Z,cmrx9lhbn0007w96x99do9808,http,224,39,26051.28205128205,0,,-999,
2026-07-25T05:47:14.887Z,cmrx9lhbn0007w96x99do9808,lora,224,1336,4759.7,0,122,-66,10.25
2026-07-25T05:47:18.600Z,cmrx9lhbn0007w96x99do9808,http,225,39,26051.28205128205,0,,-999,
2026-07-25T05:47:19.968Z,cmrx9lhbn0007w96x99do9808,lora,225,1406,4759.7,0,122,-66,10
2026-07-25T05:47:23.694Z,cmrx9lhbn0007w96x99do9808,http,226,37,27459.45945945946,0,,-999,
2026-07-25T05:47:24.997Z,cmrx9lhbn0007w96x99do9808,lora,226,1339,4798.7,0,123,-67,9.5
2026-07-25T05:47:29.097Z,cmrx9lhbn0007w96x99do9808,http,227,48,21166.66666666667,0,,-999,
2026-07-25T05:47:30.385Z,cmrx9lhbn0007w96x99do9808,lora,227,1336,4798.7,0,123,-66,9.75
2026-07-25T05:47:34.101Z,cmrx9lhbn0007w96x99do9808,http,228,43,23627.90697674419,0,,-999,
2026-07-25T05:47:35.395Z,cmrx9lhbn0007w96x99do9808,lora,228,1336,4837.7,0,124,-64,9
2026-07-25T05:47:41.881Z,cmrx9lhbn0007w96x99do9808,http,229,41,24780.48780487805,0,,-999,
2026-07-25T05:47:43.168Z,cmrx9lhbn0007w96x99do9808,lora,229,1329,4759.7,0,122,-69,9.5
2026-07-25T05:47:47.041Z,cmrx9lhbn0007w96x99do9808,http,230,40,25400,0,,-999,
2026-07-25T05:47:48.343Z,cmrx9lhbn0007w96x99do9808,lora,230,1342,4798.7,0,123,-70,9.5
2026-07-25T05:47:52.056Z,cmrx9lhbn0007w96x99do9808,http,231,43,23627.90697674419,0,,-999,
2026-07-25T05:47:53.353Z,cmrx9lhbn0007w96x99do9808,lora,231,1339,4837.7,0,124,-69,9.5
2026-07-25T05:47:58.033Z,cmrx9lhbn0007w96x99do9808,http,232,998,1018.036072144289,0,,-999,
2026-07-25T05:47:58.373Z,cmrx9lhbn0007w96x99do9808,lora,232,1338,4837.7,0,124,-65,9.75
2026-07-25T05:48:02.089Z,cmrx9lhbn0007w96x99do9808,http,233,41,24780.48780487805,0,,-999,
2026-07-25T05:48:03.379Z,cmrx9lhbn0007w96x99do9808,lora,233,1331,4759.7,0,122,-64,9.75
2026-07-25T05:48:10.339Z,cmrx9lhbn0007w96x99do9808,lora,234,3270,4837.7,0,124,-63,9.25
2026-07-25T05:48:10.828Z,cmrx9lhbn0007w96x99do9808,http,234,3758,270.356572645024,0,,-999,
2026-07-25T05:48:12.134Z,cmrx9lhbn0007w96x99do9808,http,235,43,23627.90697674419,0,,-999,
2026-07-25T05:48:13.421Z,cmrx9lhbn0007w96x99do9808,lora,235,1330,4759.7,0,122,-61,9.75
2026-07-25T05:48:17.155Z,cmrx9lhbn0007w96x99do9808,http,236,43,23627.90697674419,0,,-999,
2026-07-25T05:48:20.383Z,cmrx9lhbn0007w96x99do9808,lora,236,3271,4757.9,0,125,-61,10
2026-07-25T05:48:22.167Z,cmrx9lhbn0007w96x99do9808,http,237,38,26736.84210526316,0,,-999,
2026-07-25T05:48:23.452Z,cmrx9lhbn0007w96x99do9808,lora,237,1323,4761.5,0,119,-62,9.5
2026-07-25T05:48:27.189Z,cmrx9lhbn0007w96x99do9808,http,238,40,25400,0,,-999,
2026-07-25T05:48:28.537Z,cmrx9lhbn0007w96x99do9808,lora,238,1388,4720.7,0,121,-61,10
2026-07-25T05:48:32.205Z,cmrx9lhbn0007w96x99do9808,http,239,37,27459.45945945946,0,,-999,
2026-07-25T05:48:33.501Z,cmrx9lhbn0007w96x99do9808,lora,239,1333,4757.9,0,125,-60,9.75
2026-07-25T05:48:37.229Z,cmrx9lhbn0007w96x99do9808,http,240,41,24780.48780487805,0,,-999,
2026-07-25T05:48:38.531Z,cmrx9lhbn0007w96x99do9808,lora,240,1343,4757.9,0,125,-62,10
2026-07-25T05:48:42.251Z,cmrx9lhbn0007w96x99do9808,http,241,37,27459.45945945946,0,,-999,
2026-07-25T05:48:43.555Z,cmrx9lhbn0007w96x99do9808,lora,241,1341,4757.9,0,125,-63,9.75
2026-07-25T05:48:47.281Z,cmrx9lhbn0007w96x99do9808,http,242,46,22086.95652173913,0,,-999,
2026-07-25T05:48:48.591Z,cmrx9lhbn0007w96x99do9808,lora,242,1356,4757.9,0,125,-62,10
2026-07-25T05:48:52.296Z,cmrx9lhbn0007w96x99do9808,http,243,40,25400,0,,-999,
2026-07-25T05:48:55.587Z,cmrx9lhbn0007w96x99do9808,lora,243,3330,4757.9,0,125,-62,10
2026-07-25T05:48:57.313Z,cmrx9lhbn0007w96x99do9808,http,244,39,26051.28205128205,0,,-999,
2026-07-25T05:48:58.611Z,cmrx9lhbn0007w96x99do9808,lora,244,1336,4798.7,0,123,-61,9.5
2026-07-25T05:49:02.347Z,cmrx9lhbn0007w96x99do9808,http,245,55,18472.72727272727,0,,-999,
2026-07-25T05:49:03.621Z,cmrx9lhbn0007w96x99do9808,lora,245,1329,4759.7,0,122,-62,9.5
2026-07-25T05:49:07.355Z,cmrx9lhbn0007w96x99do9808,http,246,36,28222.22222222222,0,,-999,
2026-07-25T05:49:08.657Z,cmrx9lhbn0007w96x99do9808,lora,246,1338,4798.7,0,123,-62,9.5
2026-07-25T05:49:12.372Z,cmrx9lhbn0007w96x99do9808,http,247,37,27459.45945945946,0,,-999,
2026-07-25T05:49:13.678Z,cmrx9lhbn0007w96x99do9808,lora,247,1344,4798.7,0,123,-62,9.5
2026-07-25T05:49:17.401Z,cmrx9lhbn0007w96x99do9808,http,248,45,22577.77777777778,0,,-999,
2026-07-25T05:49:18.693Z,cmrx9lhbn0007w96x99do9808,lora,248,1337,4798.7,0,123,-63,10
2026-07-25T05:49:22.420Z,cmrx9lhbn0007w96x99do9808,http,249,43,23627.90697674419,0,,-999,
2026-07-25T05:49:23.746Z,cmrx9lhbn0007w96x99do9808,lora,249,1369,4757.9,0,125,-63,10
2026-07-25T05:49:27.437Z,cmrx9lhbn0007w96x99do9808,http,250,44,23090.90909090909,0,,-999,
2026-07-25T05:49:28.728Z,cmrx9lhbn0007w96x99do9808,lora,250,1335,4798.7,0,123,-64,9.25
2026-07-25T05:49:32.458Z,cmrx9lhbn0007w96x99do9808,http,251,38,26736.84210526316,0,,-999,
2026-07-25T05:49:33.803Z,cmrx9lhbn0007w96x99do9808,lora,251,1383,4757.9,0,125,-62,10
2026-07-25T05:49:37.476Z,cmrx9lhbn0007w96x99do9808,http,252,40,25400,0,,-999,
2026-07-25T05:49:38.773Z,cmrx9lhbn0007w96x99do9808,lora,252,1336,4757.9,0,125,-64,10
2026-07-25T05:49:42.496Z,cmrx9lhbn0007w96x99do9808,http,253,38,26736.84210526316,0,,-999,
2026-07-25T05:49:43.795Z,cmrx9lhbn0007w96x99do9808,lora,253,1338,4757.9,0,125,-63,9.5
2026-07-25T05:49:47.522Z,cmrx9lhbn0007w96x99do9808,http,254,49,20734.69387755102,0,,-999,
2026-07-25T05:49:48.812Z,cmrx9lhbn0007w96x99do9808,lora,254,1339,4757.9,0,125,-64,9.75
2026-07-25T05:49:52.537Z,cmrx9lhbn0007w96x99do9808,http,255,40,25400,0,,-999,
2026-07-25T05:49:53.837Z,cmrx9lhbn0007w96x99do9808,lora,255,1340,4757.9,0,125,-62,10
2026-07-25T05:49:57.562Z,cmrx9lhbn0007w96x99do9808,http,256,40,25400,0,,-999,
2026-07-25T05:49:58.868Z,cmrx9lhbn0007w96x99do9808,lora,256,1342,4798.7,0,123,-62,9.75
2026-07-25T05:50:02.582Z,cmrx9lhbn0007w96x99do9808,http,257,41,24780.48780487805,0,,-999,
2026-07-25T05:50:03.891Z,cmrx9lhbn0007w96x99do9808,lora,257,1349,4798.7,0,123,-62,9.75
2026-07-25T05:50:07.603Z,cmrx9lhbn0007w96x99do9808,http,258,38,26736.84210526316,0,,-999,
2026-07-25T05:50:09.023Z,cmrx9lhbn0007w96x99do9808,lora,258,1459,4757.9,0,125,-62,9.5
2026-07-25T05:50:12.635Z,cmrx9lhbn0007w96x99do9808,http,259,43,23627.90697674419,0,,-999,
2026-07-25T05:50:13.934Z,cmrx9lhbn0007w96x99do9808,lora,259,1342,4757.9,0,125,-62,9.5
2026-07-25T05:50:17.649Z,cmrx9lhbn0007w96x99do9808,http,260,43,23627.90697674419,0,,-999,
2026-07-25T05:50:18.946Z,cmrx9lhbn0007w96x99do9808,lora,260,1340,4757.9,0,125,-62,10
2026-07-25T05:50:22.662Z,cmrx9lhbn0007w96x99do9808,http,261,37,27459.45945945946,0,,-999,
2026-07-25T05:50:23.965Z,cmrx9lhbn0007w96x99do9808,lora,261,1340,4757.9,0,125,-62,9.5
2026-07-25T05:50:27.685Z,cmrx9lhbn0007w96x99do9808,http,262,40,25400,0,,-999,
2026-07-25T05:50:28.986Z,cmrx9lhbn0007w96x99do9808,lora,262,1340,4757.9,0,125,-62,9.75
2026-07-25T05:50:32.704Z,cmrx9lhbn0007w96x99do9808,http,263,39,26051.28205128205,0,,-999,
2026-07-25T05:50:34.009Z,cmrx9lhbn0007w96x99do9808,lora,263,1344,4757.9,0,125,-62,10
2026-07-25T05:50:37.723Z,cmrx9lhbn0007w96x99do9808,http,264,42,24190.47619047619,0,,-999,
2026-07-25T05:50:39.022Z,cmrx9lhbn0007w96x99do9808,lora,264,1341,4798.7,0,123,-62,9.75
2026-07-25T05:50:42.752Z,cmrx9lhbn0007w96x99do9808,http,265,51,19921.56862745098,0,,-999,
2026-07-25T05:50:44.040Z,cmrx9lhbn0007w96x99do9808,lora,265,1338,4757.9,0,125,-62,10.25
2026-07-25T05:50:47.759Z,cmrx9lhbn0007w96x99do9808,http,266,42,24190.47619047619,0,,-999,
2026-07-25T05:50:49.057Z,cmrx9lhbn0007w96x99do9808,lora,266,1340,4757.9,0,125,-61,9.75
2026-07-25T05:50:52.776Z,cmrx9lhbn0007w96x99do9808,http,267,37,27459.45945945946,0,,-999,
2026-07-25T05:50:54.074Z,cmrx9lhbn0007w96x99do9808,lora,267,1335,4837.7,0,124,-61,10.25
2026-07-25T05:50:57.799Z,cmrx9lhbn0007w96x99do9808,http,268,40,25400,0,,-999,
2026-07-25T05:50:59.104Z,cmrx9lhbn0007w96x99do9808,lora,268,1345,4798.7,0,123,-62,9.25
2026-07-25T05:51:02.823Z,cmrx9lhbn0007w96x99do9808,http,269,47,21617.02127659574,0,,-999,
2026-07-25T05:51:04.120Z,cmrx9lhbn0007w96x99do9808,lora,269,1343,4798.7,0,123,-62,9.75
2026-07-25T05:51:07.831Z,cmrx9lhbn0007w96x99do9808,http,270,38,26736.84210526316,0,,-999,
2026-07-25T05:51:09.137Z,cmrx9lhbn0007w96x99do9808,lora,270,1343,4798.7,0,123,-62,9.75
2026-07-25T05:51:12.849Z,cmrx9lhbn0007w96x99do9808,http,271,40,25400,0,,-999,
2026-07-25T05:51:16.216Z,cmrx9lhbn0007w96x99do9808,lora,271,3406,4801.5,0,120,-62,9.75
2026-07-25T05:51:17.868Z,cmrx9lhbn0007w96x99do9808,http,272,43,23627.90697674419,0,,-999,
2026-07-25T05:51:19.153Z,cmrx9lhbn0007w96x99do9808,lora,272,1328,4720.7,0,121,-62,9.75
2026-07-25T05:51:22.891Z,cmrx9lhbn0007w96x99do9808,http,273,40,25400,0,,-999,
2026-07-25T05:51:24.186Z,cmrx9lhbn0007w96x99do9808,lora,273,1335,4757.9,0,125,-61,10
2026-07-25T05:51:27.908Z,cmrx9lhbn0007w96x99do9808,http,274,42,24190.47619047619,0,,-999,
2026-07-25T05:51:29.204Z,cmrx9lhbn0007w96x99do9808,lora,274,1338,4798.7,0,123,-62,9.5
2026-07-25T05:51:32.928Z,cmrx9lhbn0007w96x99do9808,http,275,40,25400,0,,-999,
2026-07-25T05:51:34.222Z,cmrx9lhbn0007w96x99do9808,lora,275,1334,4757.9,0,125,-62,10
2026-07-25T05:51:37.949Z,cmrx9lhbn0007w96x99do9808,http,276,44,23090.90909090909,0,,-999,
2026-07-25T05:51:39.244Z,cmrx9lhbn0007w96x99do9808,lora,276,1340,4757.9,0,125,-62,10.25
2026-07-25T05:51:42.964Z,cmrx9lhbn0007w96x99do9808,http,277,41,24780.48780487805,0,,-999,
2026-07-25T05:51:44.266Z,cmrx9lhbn0007w96x99do9808,lora,277,1342,4798.7,0,123,-62,9.75
2026-07-25T05:51:47.985Z,cmrx9lhbn0007w96x99do9808,http,278,40,25400,0,,-999,
2026-07-25T05:51:49.380Z,cmrx9lhbn0007w96x99do9808,lora,278,1435,4757.9,0,125,-62,10.25
2026-07-25T05:51:53.013Z,cmrx9lhbn0007w96x99do9808,http,279,47,21617.02127659574,0,,-999,
2026-07-25T05:51:54.302Z,cmrx9lhbn0007w96x99do9808,lora,279,1336,4757.9,0,125,-62,9.75
2026-07-25T05:51:58.034Z,cmrx9lhbn0007w96x99do9808,http,280,45,22577.77777777778,0,,-999,
2026-07-25T05:51:59.328Z,cmrx9lhbn0007w96x99do9808,lora,280,1339,4757.9,0,125,-62,10
2026-07-25T05:52:03.044Z,cmrx9lhbn0007w96x99do9808,http,281,42,24190.47619047619,0,,-999,
2026-07-25T05:52:04.341Z,cmrx9lhbn0007w96x99do9808,lora,281,1339,4757.9,0,125,-62,7.75
2026-07-25T05:52:08.063Z,cmrx9lhbn0007w96x99do9808,http,282,41,24780.48780487805,0,,-999,
2026-07-25T05:52:09.360Z,cmrx9lhbn0007w96x99do9808,lora,282,1338,4757.9,0,125,-62,9.5
2026-07-25T05:52:13.089Z,cmrx9lhbn0007w96x99do9808,http,283,44,23090.90909090909,0,,-999,
2026-07-25T05:52:14.392Z,cmrx9lhbn0007w96x99do9808,lora,283,1346,4757.9,0,125,-62,9.75
2026-07-25T05:52:18.112Z,cmrx9lhbn0007w96x99do9808,http,284,45,22577.77777777778,0,,-999,
2026-07-25T05:52:19.396Z,cmrx9lhbn0007w96x99do9808,lora,284,1329,4761.5,0,119,-62,9.75
2026-07-25T05:52:23.132Z,cmrx9lhbn0007w96x99do9808,http,285,40,25400,0,,-999,
2026-07-25T05:52:24.451Z,cmrx9lhbn0007w96x99do9808,lora,285,1360,4759.7,0,122,-62,9.75
2026-07-25T05:52:28.151Z,cmrx9lhbn0007w96x99do9808,http,286,41,24780.48780487805,0,,-999,
2026-07-25T05:52:29.446Z,cmrx9lhbn0007w96x99do9808,lora,286,1336,4798.7,0,123,-63,9.75
2026-07-25T05:52:33.181Z,cmrx9lhbn0007w96x99do9808,http,287,47,21617.02127659574,0,,-999,
2026-07-25T05:52:34.466Z,cmrx9lhbn0007w96x99do9808,lora,287,1334,4837.7,0,124,-62,9.75
2026-07-25T05:52:38.192Z,cmrx9lhbn0007w96x99do9808,http,288,39,26051.28205128205,0,,-999,
2026-07-25T05:52:39.492Z,cmrx9lhbn0007w96x99do9808,lora,288,1338,4837.7,0,124,-62,10
2026-07-25T05:52:43.223Z,cmrx9lhbn0007w96x99do9808,http,289,47,21617.02127659574,0,,-999,
2026-07-25T05:52:44.513Z,cmrx9lhbn0007w96x99do9808,lora,289,1336,4798.7,0,123,-63,9.5
2026-07-25T05:52:48.243Z,cmrx9lhbn0007w96x99do9808,http,290,44,23090.90909090909,0,,-999,
2026-07-25T05:52:49.546Z,cmrx9lhbn0007w96x99do9808,lora,290,1346,4757.9,0,125,-62,9.75
2026-07-25T05:52:53.272Z,cmrx9lhbn0007w96x99do9808,http,291,51,19921.56862745098,0,,-999,
2026-07-25T05:52:54.583Z,cmrx9lhbn0007w96x99do9808,lora,291,1362,4757.9,0,125,-62,9.75
2026-07-25T05:52:58.289Z,cmrx9lhbn0007w96x99do9808,http,292,47,21617.02127659574,0,,-999,
2026-07-25T05:52:59.574Z,cmrx9lhbn0007w96x99do9808,lora,292,1333,4801.5,0,120,-62,10.25
2026-07-25T05:53:03.296Z,cmrx9lhbn0007w96x99do9808,http,293,40,25400,0,,-999,
2026-07-25T05:53:04.598Z,cmrx9lhbn0007w96x99do9808,lora,293,1342,4798.7,0,123,-62,9.75
2026-07-25T05:53:08.320Z,cmrx9lhbn0007w96x99do9808,http,294,49,20734.69387755102,0,,-999,
2026-07-25T05:53:09.609Z,cmrx9lhbn0007w96x99do9808,lora,294,1338,4837.7,0,124,-63,9.5
2026-07-25T05:53:13.346Z,cmrx9lhbn0007w96x99do9808,http,295,47,21617.02127659574,0,,-999,
2026-07-25T05:53:14.637Z,cmrx9lhbn0007w96x99do9808,lora,295,1339,4759.7,0,122,-63,10
2026-07-25T05:53:18.350Z,cmrx9lhbn0007w96x99do9808,http,296,40,25400,0,,-999,
2026-07-25T05:53:19.649Z,cmrx9lhbn0007w96x99do9808,lora,296,1340,4798.7,0,123,-62,9.75
2026-07-25T05:53:23.367Z,cmrx9lhbn0007w96x99do9808,http,297,40,25400,0,,-999,
2026-07-25T05:53:26.668Z,cmrx9lhbn0007w96x99do9808,lora,297,3341,4757.9,0,125,-61,10.25
2026-07-25T05:53:28.383Z,cmrx9lhbn0007w96x99do9808,http,298,38,26736.84210526316,0,,-999,
2026-07-25T05:53:29.708Z,cmrx9lhbn0007w96x99do9808,lora,298,1363,4837.7,0,124,-62,9.75
2026-07-25T05:53:33.401Z,cmrx9lhbn0007w96x99do9808,http,299,40,25400,0,,-999,
2026-07-25T05:53:36.683Z,cmrx9lhbn0007w96x99do9808,lora,299,3321,4720.7,0,121,-62,10
2026-07-25T05:53:38.427Z,cmrx9lhbn0007w96x99do9808,http,300,42,24190.47619047619,0,,-999,
2026-07-25T05:53:39.728Z,cmrx9lhbn0007w96x99do9808,lora,300,1343,4757.9,0,125,-62,9.75
2026-07-25T05:53:43.452Z,cmrx9lhbn0007w96x99do9808,http,301,45,22577.77777777778,0,,-999,
2026-07-25T05:53:44.740Z,cmrx9lhbn0007w96x99do9808,lora,301,1334,4801.5,0,120,-63,9.75
2026-07-25T05:53:48.465Z,cmrx9lhbn0007w96x99do9808,http,302,38,26736.84210526316,0,,-999,
2026-07-25T05:53:49.757Z,cmrx9lhbn0007w96x99do9808,lora,302,1330,4721.5,0,118,-63,9.5
2026-07-25T05:53:53.483Z,cmrx9lhbn0007w96x99do9808,http,303,38,26736.84210526316,0,,-999,
2026-07-25T05:53:54.778Z,cmrx9lhbn0007w96x99do9808,lora,303,1334,4759.7,0,122,-62,10
2026-07-25T05:53:58.512Z,cmrx9lhbn0007w96x99do9808,http,304,46,22086.95652173913,0,,-999,
2026-07-25T05:53:59.804Z,cmrx9lhbn0007w96x99do9808,lora,304,1339,4837.7,0,124,-62,9.75
2026-07-25T05:54:03.531Z,cmrx9lhbn0007w96x99do9808,http,305,48,21166.66666666667,0,,-999,
2026-07-25T05:54:04.940Z,cmrx9lhbn0007w96x99do9808,lora,305,1458,4757.9,0,125,-61,10.75
2026-07-25T05:54:08.536Z,cmrx9lhbn0007w96x99do9808,http,306,37,27459.45945945946,0,,-999,
2026-07-25T05:54:09.839Z,cmrx9lhbn0007w96x99do9808,lora,306,1340,4837.7,0,124,-62,10
2026-07-25T05:54:13.574Z,cmrx9lhbn0007w96x99do9808,http,307,55,18472.72727272727,0,,-999,
2026-07-25T05:54:14.876Z,cmrx9lhbn0007w96x99do9808,lora,307,1357,4837.7,0,124,-62,10
2026-07-25T05:54:18.577Z,cmrx9lhbn0007w96x99do9808,http,308,40,25400,0,,-999,
2026-07-25T05:54:19.869Z,cmrx9lhbn0007w96x99do9808,lora,308,1333,4837.7,0,124,-62,9.5
2026-07-25T05:54:23.596Z,cmrx9lhbn0007w96x99do9808,http,309,36,28222.22222222222,0,,-999,
2026-07-25T05:54:26.884Z,cmrx9lhbn0007w96x99do9808,lora,309,3324,4837.7,0,124,-62,9.5
2026-07-25T05:54:28.615Z,cmrx9lhbn0007w96x99do9808,http,310,39,26051.28205128205,0,,-999,
2026-07-25T05:54:29.913Z,cmrx9lhbn0007w96x99do9808,lora,310,1337,4801.5,0,120,-62,9.5
2026-07-25T05:54:33.641Z,cmrx9lhbn0007w96x99do9808,http,311,46,22086.95652173913,0,,-999,
2026-07-25T05:54:34.927Z,cmrx9lhbn0007w96x99do9808,lora,311,1332,4801.5,0,120,-62,9.25
2026-07-25T05:54:38.652Z,cmrx9lhbn0007w96x99do9808,http,312,42,24190.47619047619,0,,-999,
2026-07-25T05:54:39.940Z,cmrx9lhbn0007w96x99do9808,lora,312,1330,4801.5,0,120,-62,9.75
2026-07-25T05:54:43.678Z,cmrx9lhbn0007w96x99do9808,http,313,43,23627.90697674419,0,,-999,
2026-07-25T05:54:44.975Z,cmrx9lhbn0007w96x99do9808,lora,313,1340,4837.7,0,124,-62,10
2026-07-25T05:54:48.699Z,cmrx9lhbn0007w96x99do9808,http,314,44,23090.90909090909,0,,-999,
2026-07-25T05:54:49.997Z,cmrx9lhbn0007w96x99do9808,lora,314,1342,4837.7,0,124,-61,10
2026-07-25T05:54:55.277Z,cmrx9lhbn0007w96x99do9808,http,315,1604,633.4164588528678,0,,-999,
2026-07-25T05:54:56.928Z,cmrx9lhbn0007w96x99do9808,lora,315,3256,4759.7,0,122,-62,10
2026-07-25T05:55:00.027Z,cmrx9lhbn0007w96x99do9808,lora,316,1340,4757.9,0,125,-62,9.5
2026-07-25T05:55:05.044Z,cmrx9lhbn0007w96x99do9808,lora,317,1336,4837.7,0,124,-63,9.75
2026-07-25T05:55:10.075Z,cmrx9lhbn0007w96x99do9808,lora,318,1343,4837.7,0,124,-62,10
2026-07-25T05:55:13.828Z,cmrx9lhbn0007w96x99do9808,http,319,82,12390.24390243902,0,,-999,
2026-07-25T05:55:15.085Z,cmrx9lhbn0007w96x99do9808,lora,319,1338,4837.7,0,124,-62,10
2026-07-25T05:55:18.812Z,cmrx9lhbn0007w96x99do9808,http,320,42,24190.47619047619,0,,-999,
2026-07-25T05:55:20.107Z,cmrx9lhbn0007w96x99do9808,lora,320,1337,4837.7,0,124,-62,10.25
2026-07-25T05:55:23.832Z,cmrx9lhbn0007w96x99do9808,http,321,39,26051.28205128205,0,,-999,
2026-07-25T05:55:25.130Z,cmrx9lhbn0007w96x99do9808,lora,321,1337,4837.7,0,124,-63,9.75
2026-07-25T05:55:28.847Z,cmrx9lhbn0007w96x99do9808,http,322,38,26736.84210526316,0,,-999,
2026-07-25T05:55:30.152Z,cmrx9lhbn0007w96x99do9808,lora,322,1343,4837.7,0,124,-62,10
2026-07-25T05:55:33.866Z,cmrx9lhbn0007w96x99do9808,http,323,40,25400,0,,-999,
2026-07-25T05:55:37.152Z,cmrx9lhbn0007w96x99do9808,lora,323,3327,4759.7,0,122,-62,10
2026-07-25T05:55:38.887Z,cmrx9lhbn0007w96x99do9808,http,324,40,25400,0,,-999,
2026-07-25T05:55:40.189Z,cmrx9lhbn0007w96x99do9808,lora,324,1342,4837.7,0,124,-61,10
2026-07-25T05:55:43.919Z,cmrx9lhbn0007w96x99do9808,http,325,49,20734.69387755102,0,,-999,
2026-07-25T05:55:45.453Z,cmrx9lhbn0007w96x99do9808,lora,325,1584,4837.7,0,124,-62,10
2026-07-25T05:55:48.933Z,cmrx9lhbn0007w96x99do9808,http,326,39,26051.28205128205,0,,-999,
2026-07-25T05:55:50.231Z,cmrx9lhbn0007w96x99do9808,lora,326,1337,4837.7,0,124,-62,10
2026-07-25T05:55:53.949Z,cmrx9lhbn0007w96x99do9808,http,327,43,23627.90697674419,0,,-999,
2026-07-25T05:55:55.245Z,cmrx9lhbn0007w96x99do9808,lora,327,1339,4837.7,0,124,-63,9.75
2026-07-25T05:55:58.966Z,cmrx9lhbn0007w96x99do9808,http,328,39,26051.28205128205,0,,-999,
2026-07-25T05:56:00.265Z,cmrx9lhbn0007w96x99do9808,lora,328,1339,4837.7,0,124,-62,10.25
2026-07-25T05:56:04.000Z,cmrx9lhbn0007w96x99do9808,http,329,47,21617.02127659574,0,,-999,
2026-07-25T05:56:05.289Z,cmrx9lhbn0007w96x99do9808,lora,329,1336,4837.7,0,124,-62,9.5
2026-07-25T05:56:09.019Z,cmrx9lhbn0007w96x99do9808,http,330,44,23090.90909090909,0,,-999,
2026-07-25T05:56:10.303Z,cmrx9lhbn0007w96x99do9808,lora,330,1328,4720.7,0,121,-62,10
2026-07-25T05:56:14.039Z,cmrx9lhbn0007w96x99do9808,http,331,41,24780.48780487805,0,,-999,
2026-07-25T05:56:15.333Z,cmrx9lhbn0007w96x99do9808,lora,331,1335,4759.7,0,122,-62,10.25
2026-07-25T05:56:19.057Z,cmrx9lhbn0007w96x99do9808,http,332,42,24190.47619047619,0,,-999,
2026-07-25T05:56:20.351Z,cmrx9lhbn0007w96x99do9808,lora,332,1337,4837.7,0,124,-62,9.75
2026-07-25T05:56:24.785Z,cmrx9lhbn0007w96x99do9808,http,333,753,1349.269588313413,0,,-999,
2026-07-25T05:56:25.373Z,cmrx9lhbn0007w96x99do9808,lora,333,1340,4837.7,0,124,-63,9.75
2026-07-25T05:56:29.089Z,cmrx9lhbn0007w96x99do9808,http,334,39,26051.28205128205,0,,-999,
2026-07-25T05:56:30.383Z,cmrx9lhbn0007w96x99do9808,lora,334,1334,4837.7,0,124,-63,10
2026-07-25T05:56:34.167Z,cmrx9lhbn0007w96x99do9808,http,335,94,10808.51063829787,0,,-999,
2026-07-25T05:56:35.406Z,cmrx9lhbn0007w96x99do9808,lora,335,1333,4759.7,0,122,-63,9.75
2026-07-25T05:56:39.140Z,cmrx9lhbn0007w96x99do9808,http,336,39,26051.28205128205,0,,-999,
2026-07-25T05:56:40.427Z,cmrx9lhbn0007w96x99do9808,lora,336,1326,4761.5,0,119,-62,9.75
2026-07-25T05:56:44.151Z,cmrx9lhbn0007w96x99do9808,http,337,35,29028.57142857143,0,,-999,
2026-07-25T05:56:45.443Z,cmrx9lhbn0007w96x99do9808,lora,337,1328,4720.7,0,121,-62,10
2026-07-25T05:56:49.173Z,cmrx9lhbn0007w96x99do9808,http,338,37,27459.45945945946,0,,-999,
2026-07-25T05:56:50.476Z,cmrx9lhbn0007w96x99do9808,lora,338,1340,4837.7,0,124,-62,9.75
2026-07-25T05:56:54.192Z,cmrx9lhbn0007w96x99do9808,http,339,37,27459.45945945946,0,,-999,
2026-07-25T05:56:55.491Z,cmrx9lhbn0007w96x99do9808,lora,339,1336,4759.7,0,122,-62,10
2026-07-25T05:56:59.215Z,cmrx9lhbn0007w96x99do9808,http,340,41,24780.48780487805,0,,-999,
2026-07-25T05:57:00.526Z,cmrx9lhbn0007w96x99do9808,lora,340,1351,4759.7,0,122,-63,10
2026-07-25T05:57:04.234Z,cmrx9lhbn0007w96x99do9808,http,341,41,24780.48780487805,0,,-999,
2026-07-25T05:57:05.530Z,cmrx9lhbn0007w96x99do9808,lora,341,1337,4837.7,0,124,-62,9.75
2026-07-25T05:57:09.256Z,cmrx9lhbn0007w96x99do9808,http,342,43,23627.90697674419,0,,-999,
2026-07-25T05:57:10.546Z,cmrx9lhbn0007w96x99do9808,lora,342,1333,4837.7,0,124,-63,9.5
2026-07-25T05:57:14.272Z,cmrx9lhbn0007w96x99do9808,http,343,39,26051.28205128205,0,,-999,
2026-07-25T05:57:17.557Z,cmrx9lhbn0007w96x99do9808,lora,343,3324,4720.7,0,121,-62,9.5
2026-07-25T05:57:19.293Z,cmrx9lhbn0007w96x99do9808,http,344,41,24780.48780487805,0,,-999,
2026-07-25T05:57:20.582Z,cmrx9lhbn0007w96x99do9808,lora,344,1330,4720.7,0,121,-62,9.5
2026-07-25T05:57:24.347Z,cmrx9lhbn0007w96x99do9808,http,345,80,12700,0,,-999,
2026-07-25T05:57:25.599Z,cmrx9lhbn0007w96x99do9808,lora,345,1332,4761.5,0,119,-63,9.5
2026-07-25T05:57:29.320Z,cmrx9lhbn0007w96x99do9808,http,346,37,27459.45945945946,0,,-999,
2026-07-25T05:57:30.612Z,cmrx9lhbn0007w96x99do9808,lora,346,1329,4720.7,0,121,-62,9.5
2026-07-25T05:57:34.338Z,cmrx9lhbn0007w96x99do9808,http,347,37,27459.45945945946,0,,-999,
2026-07-25T05:57:35.629Z,cmrx9lhbn0007w96x99do9808,lora,347,1328,4720.7,0,121,-62,10.5
2026-07-25T05:57:39.356Z,cmrx9lhbn0007w96x99do9808,http,348,40,25400,0,,-999,
2026-07-25T05:57:40.643Z,cmrx9lhbn0007w96x99do9808,lora,348,1327,4720.7,0,121,-62,9.75
2026-07-25T05:57:44.377Z,cmrx9lhbn0007w96x99do9808,http,349,43,23627.90697674419,0,,-999,
2026-07-25T05:57:45.664Z,cmrx9lhbn0007w96x99do9808,lora,349,1330,4759.7,0,122,-62,9.75
2026-07-25T05:57:49.399Z,cmrx9lhbn0007w96x99do9808,http,350,46,22086.95652173913,0,,-999,
2026-07-25T05:57:50.686Z,cmrx9lhbn0007w96x99do9808,lora,350,1332,4759.7,0,122,-62,9.75
2026-07-25T05:57:54.407Z,cmrx9lhbn0007w96x99do9808,http,351,37,27459.45945945946,0,,-999,
2026-07-25T05:57:55.698Z,cmrx9lhbn0007w96x99do9808,lora,351,1328,4801.5,0,120,-62,9.5
2026-07-25T05:57:59.428Z,cmrx9lhbn0007w96x99do9808,http,352,37,27459.45945945946,0,,-999,
2026-07-25T05:58:04.445Z,cmrx9lhbn0007w96x99do9808,http,353,39,26051.28205128205,0,,-999,
2026-07-25T05:58:04.707Z,cmrx9lhbn0007w96x99do9808,lora,352,5316,4759.7,0,122,-62,9.75
2026-07-25T05:58:05.988Z,cmrx9lhbn0007w96x99do9808,lora,353,1582,4759.7,0,122,-62,9.75
2026-07-25T05:58:09.458Z,cmrx9lhbn0007w96x99do9808,http,354,38,26736.84210526316,0,,-999,
2026-07-25T05:58:10.755Z,cmrx9lhbn0007w96x99do9808,lora,354,1334,4837.7,0,124,-62,9.75
2026-07-25T05:58:14.477Z,cmrx9lhbn0007w96x99do9808,http,355,38,26736.84210526316,0,,-999,
2026-07-25T05:58:15.775Z,cmrx9lhbn0007w96x99do9808,lora,355,1335,4837.7,0,124,-62,10
2026-07-25T05:58:19.495Z,cmrx9lhbn0007w96x99do9808,http,356,37,27459.45945945946,0,,-999,
2026-07-25T05:58:20.800Z,cmrx9lhbn0007w96x99do9808,lora,356,1342,4837.7,0,124,-62,10
2026-07-25T05:58:24.514Z,cmrx9lhbn0007w96x99do9808,http,357,39,26051.28205128205,0,,-999,
2026-07-25T05:58:25.843Z,cmrx9lhbn0007w96x99do9808,lora,357,1369,4837.7,0,124,-61,10
2026-07-25T05:58:29.529Z,cmrx9lhbn0007w96x99do9808,http,358,39,26051.28205128205,0,,-999,
2026-07-25T05:58:30.824Z,cmrx9lhbn0007w96x99do9808,lora,358,1335,4837.7,0,124,-63,9.5
2026-07-25T05:58:34.543Z,cmrx9lhbn0007w96x99do9808,http,359,38,26736.84210526316,0,,-999,
2026-07-25T05:58:35.844Z,cmrx9lhbn0007w96x99do9808,lora,359,1339,4837.7,0,124,-61,10
2026-07-25T05:58:39.566Z,cmrx9lhbn0007w96x99do9808,http,360,43,23627.90697674419,0,,-999,
2026-07-25T05:58:40.853Z,cmrx9lhbn0007w96x99do9808,lora,360,1329,4759.7,0,122,-62,9.75
2026-07-25T05:58:44.584Z,cmrx9lhbn0007w96x99do9808,http,361,38,26736.84210526316,0,,-999,
2026-07-25T05:58:45.886Z,cmrx9lhbn0007w96x99do9808,lora,361,1340,4798.7,0,123,-62,9.75
2026-07-25T05:58:49.605Z,cmrx9lhbn0007w96x99do9808,http,362,42,24190.47619047619,0,,-999,
2026-07-25T05:58:50.897Z,cmrx9lhbn0007w96x99do9808,lora,362,1334,4798.7,0,123,-62,9.75
2026-07-25T05:58:54.617Z,cmrx9lhbn0007w96x99do9808,http,363,39,26051.28205128205,0,,-999,
2026-07-25T05:58:55.911Z,cmrx9lhbn0007w96x99do9808,lora,363,1332,4798.7,0,123,-62,9.75
2026-07-25T05:58:59.636Z,cmrx9lhbn0007w96x99do9808,http,364,40,25400,0,,-999,
2026-07-25T05:59:00.936Z,cmrx9lhbn0007w96x99do9808,lora,364,1339,4759.7,0,122,-62,9.75
2026-07-25T05:59:04.648Z,cmrx9lhbn0007w96x99do9808,http,365,36,28222.22222222222,0,,-999,
2026-07-25T05:59:05.939Z,cmrx9lhbn0007w96x99do9808,lora,365,1328,4801.5,0,120,-62,10
2026-07-25T05:59:09.667Z,cmrx9lhbn0007w96x99do9808,http,366,40,25400,0,,-999,
2026-07-25T05:59:10.963Z,cmrx9lhbn0007w96x99do9808,lora,366,1336,4759.7,0,122,-62,10
2026-07-25T05:59:14.700Z,cmrx9lhbn0007w96x99do9808,http,367,57,17824.56140350877,0,,-999,
2026-07-25T05:59:15.976Z,cmrx9lhbn0007w96x99do9808,lora,367,1333,4801.5,0,120,-62,10
2026-07-25T05:59:19.699Z,cmrx9lhbn0007w96x99do9808,http,368,39,26051.28205128205,0,,-999,
2026-07-25T05:59:20.988Z,cmrx9lhbn0007w96x99do9808,lora,368,1328,4801.5,0,120,-62,9.5
2026-07-25T05:59:24.712Z,cmrx9lhbn0007w96x99do9808,http,369,36,28222.22222222222,0,,-999,
2026-07-25T05:59:26.014Z,cmrx9lhbn0007w96x99do9808,lora,369,1337,4837.7,0,124,-62,9.75
2026-07-25T05:59:29.732Z,cmrx9lhbn0007w96x99do9808,http,370,38,26736.84210526316,0,,-999,
2026-07-25T05:59:31.033Z,cmrx9lhbn0007w96x99do9808,lora,370,1340,4837.7,0,124,-63,9.75
2026-07-25T05:59:34.745Z,cmrx9lhbn0007w96x99do9808,http,371,38,26736.84210526316,0,,-999,
2026-07-25T05:59:36.044Z,cmrx9lhbn0007w96x99do9808,lora,371,1336,4837.7,0,124,-62,10
2026-07-25T05:59:39.759Z,cmrx9lhbn0007w96x99do9808,http,372,38,26736.84210526316,0,,-999,
2026-07-25T05:59:41.141Z,cmrx9lhbn0007w96x99do9808,lora,372,1418,4721.5,0,118,-62,10.25
2026-07-25T05:59:44.779Z,cmrx9lhbn0007w96x99do9808,http,373,40,25400,0,,-999,
2026-07-25T05:59:46.070Z,cmrx9lhbn0007w96x99do9808,lora,373,1332,4759.7,0,122,-62,10
2026-07-25T05:59:49.798Z,cmrx9lhbn0007w96x99do9808,http,374,37,27459.45945945946,0,,-999,
2026-07-25T05:59:53.093Z,cmrx9lhbn0007w96x99do9808,lora,374,3332,4759.7,0,122,-62,10
2026-07-25T05:59:54.808Z,cmrx9lhbn0007w96x99do9808,http,375,39,26051.28205128205,0,,-999,
2026-07-25T05:59:56.104Z,cmrx9lhbn0007w96x99do9808,lora,375,1335,4759.7,0,122,-63,9.5
2026-07-25T05:59:59.831Z,cmrx9lhbn0007w96x99do9808,http,376,41,24780.48780487805,0,,-999,
2026-07-25T06:00:01.131Z,cmrx9lhbn0007w96x99do9808,lora,376,1341,4759.7,0,122,-62,10
2026-07-25T06:00:04.853Z,cmrx9lhbn0007w96x99do9808,http,377,53,19169.81132075472,0,,-999,
2026-07-25T06:00:06.139Z,cmrx9lhbn0007w96x99do9808,lora,377,1338,4837.7,0,124,-61,10
2026-07-25T06:00:11.162Z,cmrx9lhbn0007w96x99do9808,lora,378,1346,4837.7,0,124,-62,9.75
2026-07-25T06:00:16.181Z,cmrx9lhbn0007w96x99do9808,lora,379,1343,4759.7,0,122,-62,9.75
2026-07-25T06:00:16.681Z,cmrx9lhbn0007w96x99do9808,http,378,6865,147.9970866715222,0,,-999,
2026-07-25T06:00:16.731Z,cmrx9lhbn0007w96x99do9808,http,379,1893,536.7142102482832,0,,-999,
2026-07-25T06:00:19.896Z,cmrx9lhbn0007w96x99do9808,http,380,40,25400,0,,-999,
2026-07-25T06:00:21.188Z,cmrx9lhbn0007w96x99do9808,lora,380,1332,4759.7,0,122,-63,10
2026-07-25T06:00:24.908Z,cmrx9lhbn0007w96x99do9808,http,381,37,27459.45945945946,0,,-999,
2026-07-25T06:00:26.200Z,cmrx9lhbn0007w96x99do9808,lora,381,1328,4759.7,0,122,-63,10
2026-07-25T06:00:29.929Z,cmrx9lhbn0007w96x99do9808,http,382,40,25400,0,,-999,
2026-07-25T06:00:31.225Z,cmrx9lhbn0007w96x99do9808,lora,382,1336,4759.7,0,122,-63,10
2026-07-25T06:00:34.951Z,cmrx9lhbn0007w96x99do9808,http,383,44,23090.90909090909,0,,-999,
2026-07-25T06:00:36.239Z,cmrx9lhbn0007w96x99do9808,lora,383,1333,4759.7,0,122,-62,9.75
2026-07-25T06:00:39.959Z,cmrx9lhbn0007w96x99do9808,http,384,38,26736.84210526316,0,,-999,
2026-07-25T06:00:41.277Z,cmrx9lhbn0007w96x99do9808,lora,384,1355,4759.7,0,122,-63,9.5
2026-07-25T06:00:44.980Z,cmrx9lhbn0007w96x99do9808,http,385,43,23627.90697674419,0,,-999,
2026-07-25T06:00:48.323Z,cmrx9lhbn0007w96x99do9808,lora,385,3386,4798.7,0,123,-62,10
2026-07-25T06:00:50.001Z,cmrx9lhbn0007w96x99do9808,http,386,46,22086.95652173913,0,,-999,
2026-07-25T06:00:51.295Z,cmrx9lhbn0007w96x99do9808,lora,386,1340,4798.7,0,123,-62,9.5
2026-07-25T06:00:55.012Z,cmrx9lhbn0007w96x99do9808,http,387,36,28222.22222222222,0,,-999,
2026-07-25T06:00:56.317Z,cmrx9lhbn0007w96x99do9808,lora,387,1340,4798.7,0,123,-62,9.75
2026-07-25T06:01:00.030Z,cmrx9lhbn0007w96x99do9808,http,388,42,24190.47619047619,0,,-999,
2026-07-25T06:01:01.341Z,cmrx9lhbn0007w96x99do9808,lora,388,1353,4798.7,0,123,-62,9.5
2026-07-25T06:01:05.043Z,cmrx9lhbn0007w96x99do9808,http,389,40,25400,0,,-999,
2026-07-25T06:01:06.338Z,cmrx9lhbn0007w96x99do9808,lora,389,1335,4798.7,0,123,-62,10
2026-07-25T06:01:10.061Z,cmrx9lhbn0007w96x99do9808,http,390,44,23090.90909090909,0,,-999,
2026-07-25T06:01:13.284Z,cmrx9lhbn0007w96x99do9808,lora,390,3267,4837.7,0,124,-62,9.75
2026-07-25T06:01:15.080Z,cmrx9lhbn0007w96x99do9808,http,391,44,23090.90909090909,0,,-999,
2026-07-25T06:01:16.371Z,cmrx9lhbn0007w96x99do9808,lora,391,1334,4837.7,0,124,-62,9.5
2026-07-25T06:01:20.808Z,cmrx9lhbn0007w96x99do9808,http,392,754,1347.480106100796,0,,-999,
2026-07-25T06:01:21.492Z,cmrx9lhbn0007w96x99do9808,lora,392,1437,4837.7,0,124,-63,9.75
2026-07-25T06:01:25.107Z,cmrx9lhbn0007w96x99do9808,http,393,36,28222.22222222222,0,,-999,
2026-07-25T06:01:26.409Z,cmrx9lhbn0007w96x99do9808,lora,393,1338,4837.7,0,124,-62,10.5
2026-07-25T06:01:30.130Z,cmrx9lhbn0007w96x99do9808,http,394,43,23627.90697674419,0,,-999,
2026-07-25T06:01:31.423Z,cmrx9lhbn0007w96x99do9808,lora,394,1337,4837.7,0,124,-62,9.5
2026-07-25T06:01:35.145Z,cmrx9lhbn0007w96x99do9808,http,395,41,24780.48780487805,0,,-999,
2026-07-25T06:01:36.442Z,cmrx9lhbn0007w96x99do9808,lora,395,1339,4837.7,0,124,-63,10
2026-07-25T06:01:40.163Z,cmrx9lhbn0007w96x99do9808,http,396,43,23627.90697674419,0,,-999,
2026-07-25T06:01:41.466Z,cmrx9lhbn0007w96x99do9808,lora,396,1346,4837.7,0,124,-62,10
2026-07-25T06:01:45.184Z,cmrx9lhbn0007w96x99do9808,http,397,44,23090.90909090909,0,,-999,
2026-07-25T06:01:48.473Z,cmrx9lhbn0007w96x99do9808,lora,397,3332,4837.7,0,124,-63,9.5
2026-07-25T06:01:50.213Z,cmrx9lhbn0007w96x99do9808,http,398,52,19538.46153846154,0,,-999,
2026-07-25T06:01:51.491Z,cmrx9lhbn0007w96x99do9808,lora,398,1331,4720.7,0,121,-62,10.25
2026-07-25T06:01:55.221Z,cmrx9lhbn0007w96x99do9808,http,399,40,25400,0,,-999,
2026-07-25T06:01:56.567Z,cmrx9lhbn0007w96x99do9808,lora,399,1385,4837.7,0,124,-63,9.75
2026-07-25T06:02:00.244Z,cmrx9lhbn0007w96x99do9808,http,400,45,22577.77777777778,0,,-999,
2026-07-25T06:02:01.545Z,cmrx9lhbn0007w96x99do9808,lora,400,1346,4837.7,0,124,-62,10
2026-07-25T06:02:05.262Z,cmrx9lhbn0007w96x99do9808,http,401,42,24190.47619047619,0,,-999,
2026-07-25T06:02:06.551Z,cmrx9lhbn0007w96x99do9808,lora,401,1331,4759.7,0,122,-62,10.25
2026-07-25T06:02:10.280Z,cmrx9lhbn0007w96x99do9808,http,402,40,25400,0,,-999,
2026-07-25T06:02:11.578Z,cmrx9lhbn0007w96x99do9808,lora,402,1338,4837.7,0,124,-62,10
2026-07-25T06:02:15.297Z,cmrx9lhbn0007w96x99do9808,http,403,40,25400,0,,-999,
2026-07-25T06:02:16.597Z,cmrx9lhbn0007w96x99do9808,lora,403,1340,4837.7,0,124,-61,10.5
2026-07-25T06:02:20.326Z,cmrx9lhbn0007w96x99do9808,http,404,44,23090.90909090909,0,,-999,
2026-07-25T06:02:21.614Z,cmrx9lhbn0007w96x99do9808,lora,404,1333,4759.7,0,122,-63,9.75
2026-07-25T06:02:25.341Z,cmrx9lhbn0007w96x99do9808,http,405,39,26051.28205128205,0,,-999,
2026-07-25T06:02:26.639Z,cmrx9lhbn0007w96x99do9808,lora,405,1337,4837.7,0,124,-62,9.75
2026-07-25T06:02:30.363Z,cmrx9lhbn0007w96x99do9808,http,406,42,24190.47619047619,0,,-999,
2026-07-25T06:02:31.657Z,cmrx9lhbn0007w96x99do9808,lora,406,1336,4837.7,0,124,-63,10
2026-07-25T06:02:35.376Z,cmrx9lhbn0007w96x99do9808,http,407,38,26736.84210526316,0,,-999,
2026-07-25T06:02:36.677Z,cmrx9lhbn0007w96x99do9808,lora,407,1339,4837.7,0,124,-63,10
2026-07-25T06:02:40.415Z,cmrx9lhbn0007w96x99do9808,http,408,47,21617.02127659574,0,,-999,
2026-07-25T06:02:41.708Z,cmrx9lhbn0007w96x99do9808,lora,408,1341,4759.7,0,122,-63,9.75
2026-07-25T06:02:45.424Z,cmrx9lhbn0007w96x99do9808,http,409,39,26051.28205128205,0,,-999,
2026-07-25T06:02:46.723Z,cmrx9lhbn0007w96x99do9808,lora,409,1338,4837.7,0,124,-62,9.75
2026-07-25T06:02:50.444Z,cmrx9lhbn0007w96x99do9808,http,410,38,26736.84210526316,0,,-999,
2026-07-25T06:02:51.742Z,cmrx9lhbn0007w96x99do9808,lora,410,1335,4759.7,0,122,-62,9.75
2026-07-25T06:02:55.469Z,cmrx9lhbn0007w96x99do9808,http,411,45,22577.77777777778,0,,-999,
2026-07-25T06:02:56.755Z,cmrx9lhbn0007w96x99do9808,lora,411,1331,4720.7,0,121,-62,10
2026-07-25T06:03:00.481Z,cmrx9lhbn0007w96x99do9808,http,412,39,26051.28205128205,0,,-999,
2026-07-25T06:03:01.834Z,cmrx9lhbn0007w96x99do9808,lora,412,1392,4759.7,0,122,-62,9.5
2026-07-25T06:03:05.500Z,cmrx9lhbn0007w96x99do9808,http,413,37,27459.45945945946,0,,-999,
2026-07-25T06:03:06.795Z,cmrx9lhbn0007w96x99do9808,lora,413,1332,4801.5,0,120,-62,9.75
2026-07-25T06:03:10.522Z,cmrx9lhbn0007w96x99do9808,http,414,40,25400,0,,-999,
2026-07-25T06:03:11.812Z,cmrx9lhbn0007w96x99do9808,lora,414,1330,4759.7,0,122,-63,9.75
2026-07-25T06:03:15.543Z,cmrx9lhbn0007w96x99do9808,http,415,38,26736.84210526316,0,,-999,
2026-07-25T06:03:16.835Z,cmrx9lhbn0007w96x99do9808,lora,415,1330,4759.7,0,122,-62,10
2026-07-25T06:03:20.817Z,cmrx9lhbn0007w96x99do9808,http,416,295,3444.067796610169,0,,-999,
2026-07-25T06:03:21.855Z,cmrx9lhbn0007w96x99do9808,lora,416,1332,4759.7,0,122,-63,9.5
2026-07-25T06:03:25.579Z,cmrx9lhbn0007w96x99do9808,http,417,37,27459.45945945946,0,,-999,
2026-07-25T06:03:28.865Z,cmrx9lhbn0007w96x99do9808,lora,417,3323,4759.7,0,122,-63,9.75
2026-07-25T06:03:30.606Z,cmrx9lhbn0007w96x99do9808,http,418,44,23090.90909090909,0,,-999,
2026-07-25T06:03:31.904Z,cmrx9lhbn0007w96x99do9808,lora,418,1342,4759.7,0,122,-63,10
2026-07-25T06:03:35.620Z,cmrx9lhbn0007w96x99do9808,http,419,38,26736.84210526316,0,,-999,
2026-07-25T06:03:36.913Z,cmrx9lhbn0007w96x99do9808,lora,419,1331,4759.7,0,122,-62,9.75
2026-07-25T06:03:40.639Z,cmrx9lhbn0007w96x99do9808,http,420,37,27459.45945945946,0,,-999,
2026-07-25T06:03:41.931Z,cmrx9lhbn0007w96x99do9808,lora,420,1329,4759.7,0,122,-63,10
2026-07-25T06:03:45.665Z,cmrx9lhbn0007w96x99do9808,http,421,40,25400,0,,-999,
2026-07-25T06:03:46.964Z,cmrx9lhbn0007w96x99do9808,lora,421,1338,4837.7,0,124,-61,9.75
2026-07-25T06:03:50.701Z,cmrx9lhbn0007w96x99do9808,http,422,52,19538.46153846154,0,,-999,
2026-07-25T06:03:51.985Z,cmrx9lhbn0007w96x99do9808,lora,422,1336,4837.7,0,124,-62,9.75
2026-07-25T06:03:57.021Z,cmrx9lhbn0007w96x99do9808,lora,423,1347,4837.7,0,124,-62,10.5
2026-07-25T06:03:57.704Z,cmrx9lhbn0007w96x99do9808,http,423,2030,500.4926108374384,0,,-999,
2026-07-25T06:04:00.725Z,cmrx9lhbn0007w96x99do9808,http,424,39,26051.28205128205,0,,-999,
2026-07-25T06:04:02.026Z,cmrx9lhbn0007w96x99do9808,lora,424,1340,4837.7,0,124,-63,9.5
2026-07-25T06:04:07.045Z,cmrx9lhbn0007w96x99do9808,lora,425,1336,4798.7,0,123,-62,9.5
2026-07-25T06:04:07.787Z,cmrx9lhbn0007w96x99do9808,http,425,2079,488.6964886964887,0,,-999,
2026-07-25T06:04:10.770Z,cmrx9lhbn0007w96x99do9808,http,426,38,26736.84210526316,0,,-999,
2026-07-25T06:04:12.070Z,cmrx9lhbn0007w96x99do9808,lora,426,1338,4798.7,0,123,-62,9.75
2026-07-25T06:04:15.805Z,cmrx9lhbn0007w96x99do9808,http,427,51,19921.56862745098,0,,-999,
2026-07-25T06:04:17.086Z,cmrx9lhbn0007w96x99do9808,lora,427,1332,4798.7,0,123,-62,9.75
2026-07-25T06:04:20.816Z,cmrx9lhbn0007w96x99do9808,http,428,36,28222.22222222222,0,,-999,
2026-07-25T06:04:22.116Z,cmrx9lhbn0007w96x99do9808,lora,428,1337,4798.7,0,123,-62,9.5
2026-07-25T06:04:25.837Z,cmrx9lhbn0007w96x99do9808,http,429,38,26736.84210526316,0,,-999,
2026-07-25T06:04:27.143Z,cmrx9lhbn0007w96x99do9808,lora,429,1344,4798.7,0,123,-62,9.75
2026-07-25T06:04:30.855Z,cmrx9lhbn0007w96x99do9808,http,430,37,27459.45945945946,0,,-999,
2026-07-25T06:04:32.160Z,cmrx9lhbn0007w96x99do9808,lora,430,1342,4798.7,0,123,-62,9.75
2026-07-25T06:04:35.873Z,cmrx9lhbn0007w96x99do9808,http,431,36,28222.22222222222,0,,-999,
2026-07-25T06:04:37.165Z,cmrx9lhbn0007w96x99do9808,lora,431,1329,4720.7,0,121,-62,10.25
2026-07-25T06:04:40.901Z,cmrx9lhbn0007w96x99do9808,http,432,44,23090.90909090909,0,,-999,
2026-07-25T06:04:42.197Z,cmrx9lhbn0007w96x99do9808,lora,432,1340,4798.7,0,123,-62,9.25
2026-07-25T06:04:45.913Z,cmrx9lhbn0007w96x99do9808,http,433,40,25400,0,,-999,
2026-07-25T06:04:49.199Z,cmrx9lhbn0007w96x99do9808,lora,433,3326,4798.7,0,123,-62,9.75
2026-07-25T06:04:50.948Z,cmrx9lhbn0007w96x99do9808,http,434,49,20734.69387755102,0,,-999,
2026-07-25T06:04:52.233Z,cmrx9lhbn0007w96x99do9808,lora,434,1335,4798.7,0,123,-62,9.75
2026-07-25T06:04:55.956Z,cmrx9lhbn0007w96x99do9808,http,435,39,26051.28205128205,0,,-999,
2026-07-25T06:04:57.254Z,cmrx9lhbn0007w96x99do9808,lora,435,1336,4798.7,0,123,-62,10
2026-07-25T06:05:00.983Z,cmrx9lhbn0007w96x99do9808,http,436,45,22577.77777777778,0,,-999,
2026-07-25T06:05:02.286Z,cmrx9lhbn0007w96x99do9808,lora,436,1349,4798.7,0,123,-62,9.75
2026-07-25T06:05:05.994Z,cmrx9lhbn0007w96x99do9808,http,437,38,26736.84210526316,0,,-999,
2026-07-25T06:05:07.293Z,cmrx9lhbn0007w96x99do9808,lora,437,1337,4798.7,0,123,-62,9.75
2026-07-25T06:05:11.023Z,cmrx9lhbn0007w96x99do9808,http,438,39,26051.28205128205,0,,-999,
2026-07-25T06:05:12.311Z,cmrx9lhbn0007w96x99do9808,lora,438,1328,4720.7,0,121,-62,10
2026-07-25T06:05:16.039Z,cmrx9lhbn0007w96x99do9808,http,439,38,26736.84210526316,0,,-999,
2026-07-25T06:05:17.352Z,cmrx9lhbn0007w96x99do9808,lora,439,1352,4720.7,0,121,-62,9.75
2026-07-25T06:05:21.064Z,cmrx9lhbn0007w96x99do9808,http,440,44,23090.90909090909,0,,-999,
2026-07-25T06:05:22.349Z,cmrx9lhbn0007w96x99do9808,lora,440,1329,4720.7,0,121,-62,9.75
2026-07-25T06:05:26.078Z,cmrx9lhbn0007w96x99do9808,http,441,39,26051.28205128205,0,,-999,
2026-07-25T06:05:27.388Z,cmrx9lhbn0007w96x99do9808,lora,441,1348,4720.7,0,121,-62,9.75
2026-07-25T06:05:32.400Z,cmrx9lhbn0007w96x99do9808,lora,442,1340,4759.7,0,122,-63,9.75
2026-07-25T06:05:37.414Z,cmrx9lhbn0007w96x99do9808,lora,443,1342,4798.7,0,123,-62,9.5
2026-07-25T06:05:42.436Z,cmrx9lhbn0007w96x99do9808,lora,444,1342,4837.7,0,124,-63,9.5
2026-07-25T06:05:46.206Z,cmrx9lhbn0007w96x99do9808,http,445,97,10474.22680412371,0,,-999,
2026-07-25T06:05:47.450Z,cmrx9lhbn0007w96x99do9808,lora,445,1341,4837.7,0,124,-61,10
2026-07-25T06:05:51.170Z,cmrx9lhbn0007w96x99do9808,http,446,38,26736.84210526316,0,,-999,
2026-07-25T06:05:52.549Z,cmrx9lhbn0007w96x99do9808,lora,446,1417,4837.7,0,124,-63,10
2026-07-25T06:05:56.189Z,cmrx9lhbn0007w96x99do9808,http,447,40,25400,0,,-999,
2026-07-25T06:05:57.482Z,cmrx9lhbn0007w96x99do9808,lora,447,1332,4720.7,0,121,-61,10
2026-07-25T06:06:01.219Z,cmrx9lhbn0007w96x99do9808,http,448,49,20734.69387755102,0,,-999,
2026-07-25T06:06:02.519Z,cmrx9lhbn0007w96x99do9808,lora,448,1349,4798.7,0,123,-62,10
2026-07-25T06:06:06.225Z,cmrx9lhbn0007w96x99do9808,http,449,37,27459.45945945946,0,,-999,
2026-07-25T06:06:07.525Z,cmrx9lhbn0007w96x99do9808,lora,449,1337,4798.7,0,123,-62,10
2026-07-25T06:06:11.250Z,cmrx9lhbn0007w96x99do9808,http,450,40,25400,0,,-999,
2026-07-25T06:06:12.548Z,cmrx9lhbn0007w96x99do9808,lora,450,1338,4759.7,0,122,-63,9.75
2026-07-25T06:06:16.268Z,cmrx9lhbn0007w96x99do9808,http,451,35,29028.57142857143,0,,-999,
2026-07-25T06:06:17.562Z,cmrx9lhbn0007w96x99do9808,lora,451,1330,4801.5,0,120,-62,10.25
2026-07-25T06:06:21.296Z,cmrx9lhbn0007w96x99do9808,http,452,40,25400,0,,-999,
2026-07-25T06:06:22.593Z,cmrx9lhbn0007w96x99do9808,lora,452,1337,4759.7,0,122,-62,10.25
2026-07-25T06:06:26.313Z,cmrx9lhbn0007w96x99do9808,http,453,35,29028.57142857143,0,,-999,
2026-07-25T06:06:27.606Z,cmrx9lhbn0007w96x99do9808,lora,453,1328,4759.7,0,122,-62,9.5
2026-07-25T06:06:31.343Z,cmrx9lhbn0007w96x99do9808,http,454,45,22577.77777777778,0,,-999,
2026-07-25T06:06:32.627Z,cmrx9lhbn0007w96x99do9808,lora,454,1329,4759.7,0,122,-62,10
2026-07-25T06:06:36.358Z,cmrx9lhbn0007w96x99do9808,http,455,38,26736.84210526316,0,,-999,
2026-07-25T06:06:37.647Z,cmrx9lhbn0007w96x99do9808,lora,455,1327,4759.7,0,122,-62,10
2026-07-25T06:06:41.371Z,cmrx9lhbn0007w96x99do9808,http,456,36,28222.22222222222,0,,-999,
2026-07-25T06:06:42.668Z,cmrx9lhbn0007w96x99do9808,lora,456,1334,4759.7,0,122,-62,10
2026-07-25T06:06:46.393Z,cmrx9lhbn0007w96x99do9808,http,457,38,26736.84210526316,0,,-999,
2026-07-25T06:06:47.689Z,cmrx9lhbn0007w96x99do9808,lora,457,1334,4801.5,0,120,-62,10.25
2026-07-25T06:06:51.420Z,cmrx9lhbn0007w96x99do9808,http,458,41,24780.48780487805,0,,-999,
2026-07-25T06:06:52.719Z,cmrx9lhbn0007w96x99do9808,lora,458,1340,4801.5,0,120,-62,10.25
2026-07-25T06:06:56.445Z,cmrx9lhbn0007w96x99do9808,http,459,42,24190.47619047619,0,,-999,
2026-07-25T06:06:57.843Z,cmrx9lhbn0007w96x99do9808,lora,459,1439,4801.5,0,120,-62,9.75
2026-07-25T06:07:01.465Z,cmrx9lhbn0007w96x99do9808,http,460,40,25400,0,,-999,
2026-07-25T06:07:02.758Z,cmrx9lhbn0007w96x99do9808,lora,460,1333,4837.7,0,124,-62,9.5
2026-07-25T06:07:06.484Z,cmrx9lhbn0007w96x99do9808,http,461,37,27459.45945945946,0,,-999,
2026-07-25T06:07:07.783Z,cmrx9lhbn0007w96x99do9808,lora,461,1336,4837.7,0,124,-62,9.25
2026-07-25T06:07:11.503Z,cmrx9lhbn0007w96x99do9808,http,462,36,28222.22222222222,0,,-999,
2026-07-25T06:07:12.797Z,cmrx9lhbn0007w96x99do9808,lora,462,1330,4759.7,0,122,-63,9.75
2026-07-25T06:07:16.531Z,cmrx9lhbn0007w96x99do9808,http,463,43,23627.90697674419,0,,-999,
2026-07-25T06:07:17.825Z,cmrx9lhbn0007w96x99do9808,lora,463,1337,4757.9,0,125,-62,9.5
2026-07-25T06:07:21.550Z,cmrx9lhbn0007w96x99do9808,http,464,40,25400,0,,-999,
2026-07-25T06:07:22.848Z,cmrx9lhbn0007w96x99do9808,lora,464,1338,4757.9,0,125,-62,9.75
2026-07-25T06:07:26.572Z,cmrx9lhbn0007w96x99do9808,http,465,39,26051.28205128205,0,,-999,
2026-07-25T06:07:27.876Z,cmrx9lhbn0007w96x99do9808,lora,465,1343,4837.7,0,124,-63,9.75
2026-07-25T06:07:31.588Z,cmrx9lhbn0007w96x99do9808,http,466,39,26051.28205128205,0,,-999,
2026-07-25T06:07:32.878Z,cmrx9lhbn0007w96x99do9808,lora,466,1328,4720.7,0,121,-63,9.5
2026-07-25T06:07:36.608Z,cmrx9lhbn0007w96x99do9808,http,467,37,27459.45945945946,0,,-999,
2026-07-25T06:07:37.905Z,cmrx9lhbn0007w96x99do9808,lora,467,1334,4759.7,0,122,-62,10.25
2026-07-25T06:07:41.625Z,cmrx9lhbn0007w96x99do9808,http,468,36,28222.22222222222,0,,-999,
2026-07-25T06:07:42.914Z,cmrx9lhbn0007w96x99do9808,lora,468,1325,4720.7,0,121,-61,10.5
2026-07-25T06:07:46.649Z,cmrx9lhbn0007w96x99do9808,http,469,37,27459.45945945946,0,,-999,
2026-07-25T06:07:47.941Z,cmrx9lhbn0007w96x99do9808,lora,469,1328,4759.7,0,122,-62,10.5
2026-07-25T06:07:51.919Z,cmrx9lhbn0007w96x99do9808,http,470,286,3552.447552447552,0,,-999,
2026-07-25T06:07:52.971Z,cmrx9lhbn0007w96x99do9808,lora,470,1339,4837.7,0,124,-62,9.5
2026-07-25T06:07:56.688Z,cmrx9lhbn0007w96x99do9808,http,471,36,28222.22222222222,0,,-999,
2026-07-25T06:07:57.989Z,cmrx9lhbn0007w96x99do9808,lora,471,1337,4837.7,0,124,-61,10.25
2026-07-25T06:08:01.719Z,cmrx9lhbn0007w96x99do9808,http,472,46,22086.95652173913,0,,-999,
2026-07-25T06:08:03.035Z,cmrx9lhbn0007w96x99do9808,lora,472,1362,4798.7,0,123,-62,9.5
2026-07-25T06:08:06.740Z,cmrx9lhbn0007w96x99do9808,http,473,45,22577.77777777778,0,,-999,
2026-07-25T06:08:08.036Z,cmrx9lhbn0007w96x99do9808,lora,473,1341,4798.7,0,123,-62,9.5
2026-07-25T06:08:11.749Z,cmrx9lhbn0007w96x99do9808,http,474,38,26736.84210526316,0,,-999,
2026-07-25T06:08:13.052Z,cmrx9lhbn0007w96x99do9808,lora,474,1341,4757.9,0,125,-62,10
2026-07-25T06:08:16.769Z,cmrx9lhbn0007w96x99do9808,http,475,35,29028.57142857143,0,,-999,
2026-07-25T06:08:20.065Z,cmrx9lhbn0007w96x99do9808,lora,475,3331,4798.7,0,123,-62,9.75
2026-07-25T06:08:21.794Z,cmrx9lhbn0007w96x99do9808,http,476,37,27459.45945945946,0,,-999,
2026-07-25T06:08:25.089Z,cmrx9lhbn0007w96x99do9808,lora,476,3332,4759.7,0,122,-62,9.25
2026-07-25T09:27:42.386Z,cmrx9lhbn0007w96x99do9808,,,,,0,,-999,
2026-07-25T09:27:47.501Z,cmrx9lhbn0007w96x99do9808,,,,,0,,-999,
2026-07-25T09:27:52.646Z,cmrx9lhbn0007w96x99do9808,,,,,0,,-999,
2026-07-25T09:27:57.788Z,cmrx9lhbn0007w96x99do9808,,,,,0,,-999,
2026-07-25T09:28:03.657Z,cmrx9lhbn0007w96x99do9808,,,,,0,,-999,
2026-07-25T09:28:12.063Z,cmrx9lhbn0007w96x99do9808,,,,,0,,-999,
2026-07-25T09:28:17.275Z,cmrx9lhbn0007w96x99do9808,,,,,0,,-999,
2026-07-25T09:28:26.800Z,cmrx9lhbn0007w96x99do9808,,,,,0,,-999,
2026-07-25T09:28:34.083Z,cmrx9lhbn0007w96x99do9808,,,,,0,,-999,
2026-07-25T09:28:39.296Z,cmrx9lhbn0007w96x99do9808,,,,,0,,-999,
2026-07-25T09:28:47.405Z,cmrx9lhbn0007w96x99do9808,,,,,0,,-999,
2026-07-25T09:28:55.802Z,cmrx9lhbn0007w96x99do9808,,,,,0,,-999,
2026-07-25T09:29:01.032Z,cmrx9lhbn0007w96x99do9808,,,,,0,,-999,
2026-07-25T09:29:09.432Z,cmrx9lhbn0007w96x99do9808,,,,,0,,-999,
2026-07-25T09:29:14.570Z,cmrx9lhbn0007w96x99do9808,,,,,0,,-999,
2026-07-25T09:30:16.357Z,cmrx9lhbn0007w96x99do9808,,,,,0,,-999,
2026-07-25T09:30:24.126Z,cmrx9lhbn0007w96x99do9808,,,,,0,,-999,
2026-07-25T09:31:02.079Z,cmrx9lhbn0007w96x99do9808,,,,,0,,-999,
2026-07-25T09:31:07.284Z,cmrx9lhbn0007w96x99do9808,,,,,0,,-999,
2026-07-25T09:31:12.389Z,cmrx9lhbn0007w96x99do9808,,,,,0,,-999,
2026-07-25T09:31:17.628Z,cmrx9lhbn0007w96x99do9808,,,,,0,,-999,
2026-07-25T09:31:22.777Z,cmrx9lhbn0007w96x99do9808,,,,,0,,-999,
2026-07-25T09:32:11.064Z,cmrx9lhbn0007w96x99do9808,http,1,262,3877.862595419847,0,,-999,
2026-07-25T09:32:12.158Z,cmrx9lhbn0007w96x99do9808,http,2,123,8260.162601626016,0,,-999,
2026-07-25T09:32:17.964Z,cmrx9lhbn0007w96x99do9808,http,3,127,8000,0,,-999,
2026-07-25T09:32:23.444Z,cmrx9lhbn0007w96x99do9808,http,4,121,8396.694214876034,0,,-999,
2026-07-25T09:32:28.512Z,cmrx9lhbn0007w96x99do9808,http,5,123,8260.162601626016,0,,-999,
2026-07-25T09:32:35.446Z,cmrx9lhbn0007w96x99do9808,http,6,124,8193.548387096775,0,,-999,
2026-07-25T09:32:41.049Z,cmrx9lhbn0007w96x99do9808,http,7,124,8193.548387096775,0,,-999,
2026-07-25T09:44:00.140Z,cmrx9lhbn0007w96x99do9808,http,1,249,4080.321285140562,0,,-999,
2026-07-25T09:44:01.700Z,cmrx9lhbn0007w96x99do9808,http,2,130,7815.384615384615,0,,-999,
2026-07-25T09:44:06.987Z,cmrx9lhbn0007w96x99do9808,http,3,131,7755.725190839695,0,,-999,
2026-07-25T09:44:12.263Z,cmrx9lhbn0007w96x99do9808,http,4,128,7937.5,0,,-999,
2026-07-25T09:45:08.795Z,cmrx9lhbn0007w96x99do9808,http,1,186,5462.365591397849,0,,-999,
2026-07-25T09:45:11.899Z,cmrx9lhbn0007w96x99do9808,http,2,125,8128,0,,-999,
2026-07-25T09:45:17.038Z,cmrx9lhbn0007w96x99do9808,http,3,122,8327.868852459016,0,,-999,
2026-07-25T09:45:22.186Z,cmrx9lhbn0007w96x99do9808,http,4,126,8063.492063492064,0,,-999,
2026-07-25T09:45:27.319Z,cmrx9lhbn0007w96x99do9808,http,5,123,8260.162601626016,0,,-999,
2026-07-25T09:45:32.471Z,cmrx9lhbn0007w96x99do9808,http,6,126,8063.492063492064,0,,-999,
2026-07-25T09:45:42.706Z,cmrx9lhbn0007w96x99do9808,http,7,2168,468.6346863468635,0,,-999,
2026-07-25T09:45:46.223Z,cmrx9lhbn0007w96x99do9808,http,8,123,8260.162601626016,0,,-999,
2026-07-25T09:45:51.336Z,cmrx9lhbn0007w96x99do9808,http,9,124,8193.548387096775,0,,-999,
2026-07-25T09:45:57.288Z,cmrx9lhbn0007w96x99do9808,http,10,125,8128,0,,-999,
2026-07-25T09:46:02.778Z,cmrx9lhbn0007w96x99do9808,http,11,127,8000,0,,-999,
2026-07-25T09:46:10.239Z,cmrx9lhbn0007w96x99do9808,http,12,124,8193.548387096775,0,,-999,
2026-07-25T09:46:15.716Z,cmrx9lhbn0007w96x99do9808,http,13,123,8260.162601626016,0,,-999,
2026-07-25T09:46:20.826Z,cmrx9lhbn0007w96x99do9808,http,14,126,8063.492063492064,0,,-999,
2026-07-25T09:46:25.930Z,cmrx9lhbn0007w96x99do9808,http,15,124,8193.548387096775,0,,-999,
2026-07-25T09:46:31.044Z,cmrx9lhbn0007w96x99do9808,http,16,124,8193.548387096775,0,,-999,
2026-07-25T09:46:39.288Z,cmrx9lhbn0007w96x99do9808,http,17,127,8000,0,,-999,
2026-07-25T09:46:44.767Z,cmrx9lhbn0007w96x99do9808,http,18,123,8260.162601626016,0,,-999,
2026-07-25T09:46:49.880Z,cmrx9lhbn0007w96x99do9808,http,19,123,8260.162601626016,0,,-999,
2026-07-25T09:46:54.981Z,cmrx9lhbn0007w96x99do9808,http,20,123,8260.162601626016,0,,-999,
2026-07-25T09:47:00.092Z,cmrx9lhbn0007w96x99do9808,http,21,124,8193.548387096775,0,,-999,
2026-07-25T09:47:05.193Z,cmrx9lhbn0007w96x99do9808,http,22,122,8327.868852459016,0,,-999,
2026-07-25T09:47:10.312Z,cmrx9lhbn0007w96x99do9808,http,23,124,8193.548387096775,0,,-999,
2026-07-25T09:47:15.419Z,cmrx9lhbn0007w96x99do9808,http,24,124,8193.548387096775,0,,-999,
2026-07-25T09:47:20.533Z,cmrx9lhbn0007w96x99do9808,http,25,121,8396.694214876034,0,,-999,
2026-07-25T09:47:26.228Z,cmrx9lhbn0007w96x99do9808,http,26,123,8260.162601626016,0,,-999,
2026-07-25T09:48:28.833Z,cmrx9lhbn0007w96x99do9808,,,,,0,,-999,
2026-07-25T09:48:36.947Z,cmrx9lhbn0007w96x99do9808,,,,,0,,-999,
2026-07-25T09:48:46.403Z,cmrx9lhbn0007w96x99do9808,,,,,0,,-999,
2026-07-25T09:48:51.985Z,cmrx9lhbn0007w96x99do9808,,,,,0,,-999,
2026-07-25T09:48:57.145Z,cmrx9lhbn0007w96x99do9808,,,,,0,,-999,
2026-07-25T09:49:04.608Z,cmrx9lhbn0007w96x99do9808,,,,,0,,-999,
2026-07-25T09:49:12.994Z,cmrx9lhbn0007w96x99do9808,,,,,0,,-999,
2026-07-25T09:49:18.240Z,cmrx9lhbn0007w96x99do9808,,,,,0,,-999,
2026-07-25T09:49:26.719Z,cmrx9lhbn0007w96x99do9808,,,,,0,,-999,
2026-07-25T09:49:35.159Z,cmrx9lhbn0007w96x99do9808,,,,,0,,-999,
2026-07-25T09:49:40.446Z,cmrx9lhbn0007w96x99do9808,,,,,0,,-999,
2026-07-25T09:49:48.577Z,cmrx9lhbn0007w96x99do9808,,,,,0,,-999,
2026-07-25T10:24:09.794Z,cmrx9lhbn0007w96x99do9808,http,1,279,3641.5770609319,0,,-999,
2026-07-25T10:24:12.193Z,cmrx9lhbn0007w96x99do9808,http,2,123,8260.162601626016,0,,-999,
2026-07-25T10:24:17.346Z,cmrx9lhbn0007w96x99do9808,http,3,123,8260.162601626016,0,,-999,
2026-07-25T10:24:22.495Z,cmrx9lhbn0007w96x99do9808,http,4,123,8260.162601626016,0,,-999,
2026-07-25T10:24:29.738Z,cmrx9lhbn0007w96x99do9808,http,5,126,8063.492063492064,0,,-999,
2026-07-25T10:24:35.314Z,cmrx9lhbn0007w96x99do9808,http,6,125,8128,0,,-999,
2026-07-25T10:24:40.451Z,cmrx9lhbn0007w96x99do9808,http,7,125,8128,0,,-999,
2026-07-25T10:24:45.594Z,cmrx9lhbn0007w96x99do9808,http,8,123,8260.162601626016,0,,-999,
2026-07-25T10:24:50.749Z,cmrx9lhbn0007w96x99do9808,http,9,125,8128,0,,-999,
2026-07-25T10:24:55.896Z,cmrx9lhbn0007w96x99do9808,http,10,125,8128,0,,-999,
2026-07-25T10:25:01.041Z,cmrx9lhbn0007w96x99do9808,http,11,127,8000,0,,-999,
2026-07-25T10:25:06.193Z,cmrx9lhbn0007w96x99do9808,http,12,125,8128,0,,-999,
2026-07-25T10:25:11.331Z,cmrx9lhbn0007w96x99do9808,http,13,123,8260.162601626016,0,,-999,
2026-07-25T10:25:16.486Z,cmrx9lhbn0007w96x99do9808,http,14,128,7937.5,0,,-999,
2026-07-25T10:25:23.561Z,cmrx9lhbn0007w96x99do9808,http,15,123,8260.162601626016,0,,-999,
2026-07-25T10:37:42.960Z,cmrx9lhbn0007w96x99do9808,http,1,273,3721.611721611722,0,,-999,
2026-07-25T10:39:05.048Z,cmrx9lhbn0007w96x99do9808,http,1,212,4792.452830188679,0,,-999,
2026-07-25T10:47:25.110Z,cmrx9lhbn0007w96x99do9808,http,1,278,3654.676258992806,0,,-999,
2026-07-25T10:51:36.552Z,cmrx9lhbn0007w96x99do9808,http,1,258,3937.984496124031,0,,-999,
2026-07-25T10:55:36.195Z,cmrx9lhbn0007w96x99do9808,,,,,0,,-999,
2026-07-25T10:55:41.452Z,cmrx9lhbn0007w96x99do9808,,,,,0,,-999,
2026-07-25T10:55:46.769Z,cmrx9lhbn0007w96x99do9808,,,,,0,,-999,
2026-07-25T10:55:52.120Z,cmrx9lhbn0007w96x99do9808,,,,,0,,-999,
2026-07-25T10:55:57.451Z,cmrx9lhbn0007w96x99do9808,,,,,0,,-999,
2026-07-25T10:56:02.937Z,cmrx9lhbn0007w96x99do9808,,,,,0,,-999,
2026-07-25T10:56:08.131Z,cmrx9lhbn0007w96x99do9808,,,,,0,,-999,
2026-07-25T10:56:13.500Z,cmrx9lhbn0007w96x99do9808,,,,,0,,-999,
2026-07-25T10:56:19.941Z,cmrx9lhbn0007w96x99do9808,,,,,0,,-999,
2026-07-25T10:56:27.406Z,cmrx9lhbn0007w96x99do9808,,,,,0,,-999,
2026-07-25T10:56:32.520Z,cmrx9lhbn0007w96x99do9808,,,,,0,,-999,
2026-07-25T10:56:40.497Z,cmrx9lhbn0007w96x99do9808,,,,,0,,-999,
2026-07-25T10:56:47.638Z,cmrx9lhbn0007w96x99do9808,,,,,0,,-999,
2026-07-25T10:56:55.151Z,cmrx9lhbn0007w96x99do9808,,,,,0,,-999,
2026-07-25T10:57:03.442Z,cmrx9lhbn0007w96x99do9808,,,,,0,,-999,
2026-07-25T10:57:08.491Z,cmrx9lhbn0007w96x99do9808,,,,,0,,-999,
2026-07-25T10:57:17.072Z,cmrx9lhbn0007w96x99do9808,,,,,0,,-999,
2026-07-25T10:57:25.351Z,cmrx9lhbn0007w96x99do9808,,,,,0,,-999,
2026-07-25T10:57:31.121Z,cmrx9lhbn0007w96x99do9808,,,,,0,,-999,
2026-07-25T10:57:36.514Z,cmrx9lhbn0007w96x99do9808,,,,,0,,-999,
2026-07-25T10:57:41.846Z,cmrx9lhbn0007w96x99do9808,,,,,0,,-999,
2026-07-25T10:57:48.742Z,cmrx9lhbn0007w96x99do9808,,,,,0,,-999,
2026-07-25T10:57:57.325Z,cmrx9lhbn0007w96x99do9808,,,,,0,,-999,
2026-07-25T10:58:02.675Z,cmrx9lhbn0007w96x99do9808,,,,,0,,-999,
2026-07-25T10:58:07.992Z,cmrx9lhbn0007w96x99do9808,,,,,0,,-999,
2026-07-25T10:58:13.352Z,cmrx9lhbn0007w96x99do9808,,,,,0,,-999,
2026-07-25T10:58:18.606Z,cmrx9lhbn0007w96x99do9808,,,,,0,,-999,
2026-07-25T10:58:27.950Z,cmrx9lhbn0007w96x99do9808,,,,,0,,-999,
2026-07-25T10:58:33.324Z,cmrx9lhbn0007w96x99do9808,,,,,0,,-999,
2026-07-25T10:58:38.632Z,cmrx9lhbn0007w96x99do9808,,,,,0,,-999,
2026-07-25T10:58:47.944Z,cmrx9lhbn0007w96x99do9808,,,,,0,,-999,
2026-07-25T10:58:53.348Z,cmrx9lhbn0007w96x99do9808,,,,,0,,-999,
2026-07-25T10:58:58.644Z,cmrx9lhbn0007w96x99do9808,,,,,0,,-999,
2026-07-25T10:59:06.899Z,cmrx9lhbn0007w96x99do9808,,,,,0,,-999,
2026-07-25T10:59:12.219Z,cmrx9lhbn0007w96x99do9808,,,,,0,,-999,
2026-07-25T10:59:17.547Z,cmrx9lhbn0007w96x99do9808,,,,,0,,-999,
2026-07-25T10:59:22.857Z,cmrx9lhbn0007w96x99do9808,,,,,0,,-999,
2026-07-25T10:59:28.171Z,cmrx9lhbn0007w96x99do9808,,,,,0,,-999,
2026-07-25T10:59:33.494Z,cmrx9lhbn0007w96x99do9808,,,,,0,,-999,
2026-07-25T10:59:38.810Z,cmrx9lhbn0007w96x99do9808,,,,,0,,-999,
2026-07-25T10:59:47.051Z,cmrx9lhbn0007w96x99do9808,,,,,0,,-999,
2026-07-25T10:59:52.391Z,cmrx9lhbn0007w96x99do9808,,,,,0,,-999,
2026-07-25T10:59:57.689Z,cmrx9lhbn0007w96x99do9808,,,,,0,,-999,
2026-07-25T11:00:03.763Z,cmrx9lhbn0007w96x99do9808,,,,,0,,-999,
2026-07-25T11:00:08.331Z,cmrx9lhbn0007w96x99do9808,,,,,0,,-999,
2026-07-25T11:00:17.282Z,cmrx9lhbn0007w96x99do9808,,,,,0,,-999,
2026-07-25T11:00:22.598Z,cmrx9lhbn0007w96x99do9808,,,,,0,,-999,
2026-07-25T11:00:28.188Z,cmrx9lhbn0007w96x99do9808,,,,,0,,-999,
2026-07-25T11:00:33.246Z,cmrx9lhbn0007w96x99do9808,,,,,0,,-999,
2026-07-25T11:00:38.545Z,cmrx9lhbn0007w96x99do9808,,,,,0,,-999,
2026-07-25T11:00:47.136Z,cmrx9lhbn0007w96x99do9808,,,,,0,,-999,
2026-07-25T11:00:55.419Z,cmrx9lhbn0007w96x99do9808,,,,,0,,-999,
2026-07-25T11:01:03.663Z,cmrx9lhbn0007w96x99do9808,,,,,0,,-999,
2026-07-25T11:01:08.695Z,cmrx9lhbn0007w96x99do9808,,,,,0,,-999,
2026-07-25T11:01:17.295Z,cmrx9lhbn0007w96x99do9808,,,,,0,,-999,
2026-07-25T11:01:25.544Z,cmrx9lhbn0007w96x99do9808,,,,,0,,-999,
2026-07-25T11:01:31.348Z,cmrx9lhbn0007w96x99do9808,,,,,0,,-999,
2026-07-25T11:01:36.723Z,cmrx9lhbn0007w96x99do9808,,,,,0,,-999,
2026-07-25T11:01:42.031Z,cmrx9lhbn0007w96x99do9808,,,,,0,,-999,
2026-07-25T11:01:47.764Z,cmrx9lhbn0007w96x99do9808,,,,,0,,-999,
2026-07-25T11:01:55.432Z,cmrx9lhbn0007w96x99do9808,,,,,0,,-999,
2026-07-25T11:05:38.675Z,cmrx9lhbn0007w96x99do9808,http,1,229,4436.681222707423,0,,-999,
2026-07-25T11:05:42.682Z,cmrx9lhbn0007w96x99do9808,http,2,124,8193.548387096775,0,,-999,
2026-07-25T11:05:47.823Z,cmrx9lhbn0007w96x99do9808,http,3,123,8260.162601626016,0,,-999,
2026-07-25T11:05:52.971Z,cmrx9lhbn0007w96x99do9808,http,4,122,8327.868852459016,0,,-999,
2026-07-25T11:05:58.121Z,cmrx9lhbn0007w96x99do9808,http,5,125,8128,0,,-999,
2026-07-25T11:06:03.259Z,cmrx9lhbn0007w96x99do9808,http,6,120,8466.666666666666,0,,-999,
2026-07-25T11:06:08.406Z,cmrx9lhbn0007w96x99do9808,http,7,123,8260.162601626016,0,,-999,
2026-07-25T11:06:13.556Z,cmrx9lhbn0007w96x99do9808,http,8,125,8128,0,,-999,
2026-07-25T11:06:18.695Z,cmrx9lhbn0007w96x99do9808,http,9,120,8466.666666666666,0,,-999,
2026-07-25T11:06:23.848Z,cmrx9lhbn0007w96x99do9808,http,10,123,8260.162601626016,0,,-999,
2026-07-25T11:06:28.989Z,cmrx9lhbn0007w96x99do9808,http,11,125,8128,0,,-999,
2026-07-25T11:06:34.132Z,cmrx9lhbn0007w96x99do9808,http,12,123,8260.162601626016,0,,-999,
2026-07-25T11:06:39.271Z,cmrx9lhbn0007w96x99do9808,http,13,121,8396.694214876034,0,,-999,
2026-07-25T11:06:44.412Z,cmrx9lhbn0007w96x99do9808,http,14,121,8396.694214876034,0,,-999,
2026-07-25T11:06:49.556Z,cmrx9lhbn0007w96x99do9808,http,15,121,8396.694214876034,0,,-999,
2026-07-25T11:06:54.706Z,cmrx9lhbn0007w96x99do9808,http,16,122,8327.868852459016,0,,-999,
2026-07-25T11:06:59.846Z,cmrx9lhbn0007w96x99do9808,http,17,120,8466.666666666666,0,,-999,
2026-07-25T11:07:04.993Z,cmrx9lhbn0007w96x99do9808,http,18,121,8396.694214876034,0,,-999,
2026-07-25T11:07:10.138Z,cmrx9lhbn0007w96x99do9808,http,19,121,8396.694214876034,0,,-999,
2026-07-25T11:07:15.279Z,cmrx9lhbn0007w96x99do9808,http,20,124,8193.548387096775,0,,-999,
2026-07-25T11:07:20.460Z,cmrx9lhbn0007w96x99do9808,http,21,156,6512.820512820513,0,,-999,
2026-07-25T11:07:25.569Z,cmrx9lhbn0007w96x99do9808,http,22,122,8327.868852459016,0,,-999,
2026-07-25T11:07:30.712Z,cmrx9lhbn0007w96x99do9808,http,23,124,8193.548387096775,0,,-999,
2026-07-25T11:07:35.852Z,cmrx9lhbn0007w96x99do9808,http,24,123,8260.162601626016,0,,-999,
2026-07-25T11:07:40.991Z,cmrx9lhbn0007w96x99do9808,http,25,122,8327.868852459016,0,,-999,
2026-07-25T11:07:46.529Z,cmrx9lhbn0007w96x99do9808,http,26,121,8396.694214876034,0,,-999,
2026-07-25T11:07:51.674Z,cmrx9lhbn0007w96x99do9808,http,27,120,8466.666666666666,0,,-999,
2026-07-25T11:07:56.821Z,cmrx9lhbn0007w96x99do9808,http,28,122,8327.868852459016,0,,-999,
2026-07-25T11:08:01.965Z,cmrx9lhbn0007w96x99do9808,http,29,123,8260.162601626016,0,,-999,
2026-07-25T11:08:07.112Z,cmrx9lhbn0007w96x99do9808,http,30,126,8063.492063492064,0,,-999,
2026-07-25T11:08:12.250Z,cmrx9lhbn0007w96x99do9808,http,31,124,8193.548387096775,0,,-999,
2026-07-25T11:08:17.468Z,cmrx9lhbn0007w96x99do9808,http,32,124,8193.548387096775,0,,-999,
2026-07-25T11:08:22.609Z,cmrx9lhbn0007w96x99do9808,http,33,123,8260.162601626016,0,,-999,
2026-07-25T11:08:29.742Z,cmrx9lhbn0007w96x99do9808,http,34,120,8466.666666666666,0,,-999,
2026-07-25T11:08:34.806Z,cmrx9lhbn0007w96x99do9808,http,35,122,8327.868852459016,0,,-999,
2026-07-25T11:08:39.996Z,cmrx9lhbn0007w96x99do9808,http,36,124,8193.548387096775,0,,-999,
2026-07-25T11:08:45.192Z,cmrx9lhbn0007w96x99do9808,http,37,124,8193.548387096775,0,,-999,
2026-07-25T11:08:50.384Z,cmrx9lhbn0007w96x99do9808,http,38,120,8466.666666666666,0,,-999,
2026-07-25T11:08:55.733Z,cmrx9lhbn0007w96x99do9808,http,39,122,8327.868852459016,0,,-999,
2026-07-25T11:09:00.801Z,cmrx9lhbn0007w96x99do9808,http,40,125,8128,0,,-999,
2026-07-25T11:09:05.989Z,cmrx9lhbn0007w96x99do9808,http,41,122,8327.868852459016,0,,-999,
2026-07-25T11:09:11.188Z,cmrx9lhbn0007w96x99do9808,http,42,123,8260.162601626016,0,,-999,
2026-07-25T11:09:16.379Z,cmrx9lhbn0007w96x99do9808,http,43,121,8396.694214876034,0,,-999,
2026-07-25T11:09:21.570Z,cmrx9lhbn0007w96x99do9808,http,44,120,8466.666666666666,0,,-999,
2026-07-25T11:09:26.761Z,cmrx9lhbn0007w96x99do9808,http,45,122,8327.868852459016,0,,-999,
2026-07-25T11:09:31.949Z,cmrx9lhbn0007w96x99do9808,http,46,121,8396.694214876034,0,,-999,
2026-07-25T11:09:37.142Z,cmrx9lhbn0007w96x99do9808,http,47,119,8537.81512605042,0,,-999,
2026-07-25T11:09:42.347Z,cmrx9lhbn0007w96x99do9808,http,48,124,8193.548387096775,0,,-999,
2026-07-25T11:09:47.536Z,cmrx9lhbn0007w96x99do9808,http,49,122,8327.868852459016,0,,-999,
2026-07-25T11:09:54.599Z,cmrx9lhbn0007w96x99do9808,http,50,122,8327.868852459016,0,,-999,
2026-07-25T11:09:59.673Z,cmrx9lhbn0007w96x99do9808,http,51,122,8327.868852459016,0,,-999,
2026-07-25T11:10:07.528Z,cmrx9lhbn0007w96x99do9808,http,52,2783,365.0736615163493,0,,-999,
2026-07-25T11:10:10.065Z,cmrx9lhbn0007w96x99do9808,http,53,122,8327.868852459016,0,,-999,
2026-07-25T11:10:18.580Z,cmrx9lhbn0007w96x99do9808,http,54,2425,418.9690721649484,0,,-999,
2026-07-25T11:10:21.337Z,cmrx9lhbn0007w96x99do9808,http,55,121,8396.694214876034,0,,-999,
2026-07-25T11:10:26.532Z,cmrx9lhbn0007w96x99do9808,http,56,122,8327.868852459016,0,,-999,
2026-07-25T11:10:31.586Z,cmrx9lhbn0007w96x99do9808,http,57,121,8396.694214876034,0,,-999,
2026-07-25T11:10:36.651Z,cmrx9lhbn0007w96x99do9808,http,58,120,8466.666666666666,0,,-999,
2026-07-25T11:10:41.851Z,cmrx9lhbn0007w96x99do9808,http,59,122,8327.868852459016,0,,-999,
2026-07-25T11:10:47.040Z,cmrx9lhbn0007w96x99do9808,http,60,121,8396.694214876034,0,,-999,
2026-07-25T11:10:52.232Z,cmrx9lhbn0007w96x99do9808,http,61,122,8327.868852459016,0,,-999,
2026-07-25T11:10:57.425Z,cmrx9lhbn0007w96x99do9808,http,62,121,8396.694214876034,0,,-999,
2026-07-25T11:11:06.207Z,cmrx9lhbn0007w96x99do9808,http,63,121,8396.694214876034,0,,-999,
2026-07-25T11:11:11.273Z,cmrx9lhbn0007w96x99do9808,http,64,122,8327.868852459016,0,,-999,
2026-07-25T11:11:18.033Z,cmrx9lhbn0007w96x99do9808,http,65,1690,601.1834319526628,0,,-999,
2026-07-25T11:11:21.663Z,cmrx9lhbn0007w96x99do9808,http,66,122,8327.868852459016,0,,-999,
2026-07-25T11:11:26.856Z,cmrx9lhbn0007w96x99do9808,http,67,123,8260.162601626016,0,,-999,
2026-07-25T11:11:32.064Z,cmrx9lhbn0007w96x99do9808,http,68,139,7309.352517985611,0,,-999,
2026-07-25T11:11:37.236Z,cmrx9lhbn0007w96x99do9808,http,69,120,8466.666666666666,0,,-999,
2026-07-25T11:11:42.462Z,cmrx9lhbn0007w96x99do9808,http,70,155,6554.83870967742,0,,-999,
2026-07-25T11:11:47.626Z,cmrx9lhbn0007w96x99do9808,http,71,123,8260.162601626016,0,,-999,
2026-07-25T11:11:53.073Z,cmrx9lhbn0007w96x99do9808,http,72,384,2645.833333333333,0,,-999,
2026-07-25T11:11:57.998Z,cmrx9lhbn0007w96x99do9808,http,73,119,8537.81512605042,0,,-999,
2026-07-25T11:12:03.191Z,cmrx9lhbn0007w96x99do9808,http,74,120,8466.666666666666,0,,-999,
2026-07-25T11:12:08.393Z,cmrx9lhbn0007w96x99do9808,http,75,124,8193.548387096775,0,,-999,
2026-07-25T11:12:16.303Z,cmrx9lhbn0007w96x99do9808,http,76,119,8537.81512605042,0,,-999,
2026-07-25T11:12:21.376Z,cmrx9lhbn0007w96x99do9808,http,77,120,8466.666666666666,0,,-999,
2026-07-25T11:12:37.100Z,cmrx9lhbn0007w96x99do9808,http,1,271,3749.077490774908,0,,-999,
2026-07-25T11:12:42.144Z,cmrx9lhbn0007w96x99do9808,http,2,121,8396.694214876034,0,,-999,
2026-07-25T11:12:47.335Z,cmrx9lhbn0007w96x99do9808,http,3,123,8260.162601626016,0,,-999,
2026-07-25T11:12:52.529Z,cmrx9lhbn0007w96x99do9808,http,4,124,8193.548387096775,0,,-999,
2026-07-25T11:12:57.717Z,cmrx9lhbn0007w96x99do9808,http,5,121,8396.694214876034,0,,-999,
2026-07-25T11:13:02.908Z,cmrx9lhbn0007w96x99do9808,http,6,123,8260.162601626016,0,,-999,
2026-07-25T11:13:08.101Z,cmrx9lhbn0007w96x99do9808,http,7,123,8260.162601626016,0,,-999,
2026-07-25T11:13:13.296Z,cmrx9lhbn0007w96x99do9808,http,8,122,8327.868852459016,0,,-999,
2026-07-25T11:13:18.489Z,cmrx9lhbn0007w96x99do9808,http,9,121,8396.694214876034,0,,-999,
2026-07-25T11:13:23.686Z,cmrx9lhbn0007w96x99do9808,http,10,122,8327.868852459016,0,,-999,
2026-07-25T11:13:28.872Z,cmrx9lhbn0007w96x99do9808,http,11,120,8466.666666666666,0,,-999,
2026-07-25T11:13:33.928Z,cmrx9lhbn0007w96x99do9808,http,12,121,8396.694214876034,0,,-999,
2026-07-25T11:13:39.002Z,cmrx9lhbn0007w96x99do9808,http,13,122,8327.868852459016,0,,-999,
2026-07-25T11:13:44.198Z,cmrx9lhbn0007w96x99do9808,http,14,122,8327.868852459016,0,,-999,
2026-07-25T11:13:49.380Z,cmrx9lhbn0007w96x99do9808,http,15,119,8537.81512605042,0,,-999,
2026-07-25T11:13:54.582Z,cmrx9lhbn0007w96x99do9808,http,16,122,8327.868852459016,0,,-999,
2026-07-25T11:13:59.771Z,cmrx9lhbn0007w96x99do9808,http,17,122,8327.868852459016,0,,-999,
2026-07-25T11:14:04.974Z,cmrx9lhbn0007w96x99do9808,http,18,122,8327.868852459016,0,,-999,
2026-07-25T11:14:10.165Z,cmrx9lhbn0007w96x99do9808,http,19,122,8327.868852459016,0,,-999,
2026-07-25T11:14:15.367Z,cmrx9lhbn0007w96x99do9808,http,20,123,8260.162601626016,0,,-999,
2026-07-25T11:14:20.557Z,cmrx9lhbn0007w96x99do9808,http,21,122,8327.868852459016,0,,-999,
2026-07-25T11:14:25.757Z,cmrx9lhbn0007w96x99do9808,http,22,125,8128,0,,-999,
2026-07-25T11:14:30.944Z,cmrx9lhbn0007w96x99do9808,http,23,124,8193.548387096775,0,,-999,
2026-07-25T11:14:36.137Z,cmrx9lhbn0007w96x99do9808,http,24,122,8327.868852459016,0,,-999,
2026-07-25T11:14:41.325Z,cmrx9lhbn0007w96x99do9808,http,25,121,8396.694214876034,0,,-999,
2026-07-25T11:14:47.235Z,cmrx9lhbn0007w96x99do9808,http,26,121,8396.694214876034,0,,-999,
2026-07-25T11:14:52.303Z,cmrx9lhbn0007w96x99do9808,http,27,121,8396.694214876034,0,,-999,
2026-07-25T11:14:57.494Z,cmrx9lhbn0007w96x99do9808,http,28,121,8396.694214876034,0,,-999,
2026-07-25T11:15:02.690Z,cmrx9lhbn0007w96x99do9808,http,29,124,8193.548387096775,0,,-999,
2026-07-25T11:15:07.885Z,cmrx9lhbn0007w96x99do9808,http,30,123,8260.162601626016,0,,-999,
2026-07-25T11:15:13.071Z,cmrx9lhbn0007w96x99do9808,http,31,122,8327.868852459016,0,,-999,
2026-07-25T11:15:18.404Z,cmrx9lhbn0007w96x99do9808,http,32,121,8396.694214876034,0,,-999,
2026-07-25T11:15:23.476Z,cmrx9lhbn0007w96x99do9808,http,33,122,8327.868852459016,0,,-999,
2026-07-25T11:15:28.664Z,cmrx9lhbn0007w96x99do9808,http,34,122,8327.868852459016,0,,-999,
2026-07-25T11:15:33.856Z,cmrx9lhbn0007w96x99do9808,http,35,124,8193.548387096775,0,,-999,
2026-07-25T11:15:39.051Z,cmrx9lhbn0007w96x99do9808,http,36,121,8396.694214876034,0,,-999,
2026-07-25T11:15:44.236Z,cmrx9lhbn0007w96x99do9808,http,37,122,8327.868852459016,0,,-999,
2026-07-25T11:16:34.024Z,cmrx9lhbn0007w96x99do9808,http,1,233,4360.515021459228,0,,-999,
2026-07-25T11:16:36.119Z,cmrx9lhbn0007w96x99do9808,http,2,121,8396.694214876034,0,,-999,
2026-07-25T11:16:41.313Z,cmrx9lhbn0007w96x99do9808,http,3,122,8327.868852459016,0,,-999,
2026-07-25T11:16:46.501Z,cmrx9lhbn0007w96x99do9808,http,4,120,8466.666666666666,0,,-999,
2026-07-25T11:16:51.692Z,cmrx9lhbn0007w96x99do9808,http,5,122,8327.868852459016,0,,-999,
2026-07-25T11:16:56.889Z,cmrx9lhbn0007w96x99do9808,http,6,124,8193.548387096775,0,,-999,
2026-07-25T11:17:02.077Z,cmrx9lhbn0007w96x99do9808,http,7,132,7696.969696969697,0,,-999,
2026-07-25T11:17:07.110Z,cmrx9lhbn0007w96x99do9808,http,8,119,8537.81512605042,0,,-999,
2026-07-25T11:17:12.177Z,cmrx9lhbn0007w96x99do9808,http,9,121,8396.694214876034,0,,-999,
2026-07-25T11:17:17.364Z,cmrx9lhbn0007w96x99do9808,http,10,121,8396.694214876034,0,,-999,
2026-07-25T11:17:22.415Z,cmrx9lhbn0007w96x99do9808,http,11,121,8396.694214876034,0,,-999,
2026-07-25T11:17:27.475Z,cmrx9lhbn0007w96x99do9808,http,12,121,8396.694214876034,0,,-999,
2026-07-25T11:17:32.666Z,cmrx9lhbn0007w96x99do9808,http,13,121,8396.694214876034,0,,-999,
2026-07-25T11:17:37.857Z,cmrx9lhbn0007w96x99do9808,http,14,122,8327.868852459016,0,,-999,
2026-07-25T11:17:43.048Z,cmrx9lhbn0007w96x99do9808,http,15,122,8327.868852459016,0,,-999,
2026-07-25T11:17:48.238Z,cmrx9lhbn0007w96x99do9808,http,16,121,8396.694214876034,0,,-999,
2026-07-25T11:17:53.425Z,cmrx9lhbn0007w96x99do9808,http,17,121,8396.694214876034,0,,-999,
2026-07-25T11:17:59.624Z,cmrx9lhbn0007w96x99do9808,http,18,121,8396.694214876034,0,,-999,
2026-07-25T11:18:04.694Z,cmrx9lhbn0007w96x99do9808,http,19,123,8260.162601626016,0,,-999,
2026-07-25T11:18:09.883Z,cmrx9lhbn0007w96x99do9808,http,20,122,8327.868852459016,0,,-999,
2026-07-25T11:18:15.071Z,cmrx9lhbn0007w96x99do9808,http,21,120,8466.666666666666,0,,-999,
2026-07-25T11:18:20.262Z,cmrx9lhbn0007w96x99do9808,http,22,122,8327.868852459016,0,,-999,
2026-07-25T11:18:25.447Z,cmrx9lhbn0007w96x99do9808,http,23,120,8466.666666666666,0,,-999,
2026-07-25T11:18:30.636Z,cmrx9lhbn0007w96x99do9808,http,24,121,8396.694214876034,0,,-999,
2026-07-25T11:18:35.838Z,cmrx9lhbn0007w96x99do9808,http,25,124,8193.548387096775,0,,-999,
2026-07-25T11:18:41.131Z,cmrx9lhbn0007w96x99do9808,http,26,122,8327.868852459016,0,,-999,
2026-07-25T11:18:46.238Z,cmrx9lhbn0007w96x99do9808,http,27,122,8327.868852459016,0,,-999,
2026-07-25T11:18:51.424Z,cmrx9lhbn0007w96x99do9808,http,28,125,8128,0,,-999,
2026-07-25T11:18:56.472Z,cmrx9lhbn0007w96x99do9808,http,29,124,8193.548387096775,0,,-999,
2026-07-25T11:19:01.534Z,cmrx9lhbn0007w96x99do9808,http,30,124,8193.548387096775,0,,-999,
2026-07-25T11:19:06.720Z,cmrx9lhbn0007w96x99do9808,http,31,122,8327.868852459016,0,,-999,
2026-07-25T11:19:11.906Z,cmrx9lhbn0007w96x99do9808,http,32,121,8396.694214876034,0,,-999,
2026-07-25T11:19:16.954Z,cmrx9lhbn0007w96x99do9808,http,33,121,8396.694214876034,0,,-999,
2026-07-25T11:19:22.018Z,cmrx9lhbn0007w96x99do9808,http,34,124,8193.548387096775,0,,-999,
2026-07-25T11:19:27.200Z,cmrx9lhbn0007w96x99do9808,http,35,122,8327.868852459016,0,,-999,
2026-07-25T11:19:34.828Z,cmrx9lhbn0007w96x99do9808,http,36,122,8327.868852459016,0,,-999,
2026-07-25T11:19:39.895Z,cmrx9lhbn0007w96x99do9808,http,37,124,8193.548387096775,0,,-999,
2026-07-25T11:19:45.077Z,cmrx9lhbn0007w96x99do9808,http,38,122,8327.868852459016,0,,-999,
2026-07-25T11:19:50.125Z,cmrx9lhbn0007w96x99do9808,http,39,121,8396.694214876034,0,,-999,
2026-07-28T05:23:29.812Z,cmrx9lhbn0007w96x99do9808,,,,,0,,-999,
2026-07-28T05:23:50.368Z,cmrx9lhbn0007w96x99do9808,,,,,0,,-999,
2026-07-28T05:24:05.817Z,cmrx9lhbn0007w96x99do9808,,,,,0,,-999,
2026-07-28T05:24:10.931Z,cmrx9lhbn0007w96x99do9808,,,,,0,,-999,
2026-07-28T05:29:24.021Z,cmrx9lhbn0007w96x99do9808,,,,,0,,-999,
2026-07-28T05:29:59.653Z,cmrx9lhbn0007w96x99do9808,,,,,0,,-999,
2026-07-28T05:30:09.120Z,cmrx9lhbn0007w96x99do9808,,,,,0,,-999,
2026-07-28T05:30:14.315Z,cmrx9lhbn0007w96x99do9808,,,,,0,,-999,
2026-07-28T05:30:22.037Z,cmrx9lhbn0007w96x99do9808,,,,,0,,-999,
2026-07-28T07:03:20.733Z,cmrx9lhbn0007w96x99do9808,,1,215,,0,,-999,
2026-07-28T07:03:21.935Z,cmrx9lhbn0007w96x99do9808,lora,1,1417,4725.4,0,106,-60,9.75
2026-07-28T07:04:54.957Z,cmrx9lhbn0007w96x99do9808,,2,210,,0,,-999,
2026-07-28T07:04:56.047Z,cmrx9lhbn0007w96x99do9808,lora,2,1300,4680.8,0,105,-59,9.25
2026-07-29T03:54:58.804Z,cmrx9lhbn0007w96x99do9808,http,1,246,4130.081300813008,0,,-999,
2026-07-29T03:55:03.305Z,cmrx9lhbn0007w96x99do9808,http,2,95,10694.73684210526,0,,-999,
2026-07-29T03:55:08.448Z,cmrx9lhbn0007w96x99do9808,http,3,90,11288.88888888889,0,,-999,
2026-07-29T03:55:13.604Z,cmrx9lhbn0007w96x99do9808,http,4,95,10694.73684210526,0,,-999,
2026-07-29T03:55:18.738Z,cmrx9lhbn0007w96x99do9808,http,5,81,12543.20987654321,0,,-999,
2026-07-29T03:55:24.401Z,cmrx9lhbn0007w96x99do9808,http,6,601,1690.515806988353,0,,-999,
2026-07-29T03:55:29.037Z,cmrx9lhbn0007w96x99do9808,http,7,82,12390.24390243902,0,,-999,
2026-07-29T03:55:34.197Z,cmrx9lhbn0007w96x99do9808,http,8,97,10474.22680412371,0,,-999,
2026-07-29T03:55:39.351Z,cmrx9lhbn0007w96x99do9808,http,9,101,10059.40594059406,0,,-999,
2026-07-29T03:55:44.471Z,cmrx9lhbn0007w96x99do9808,http,10,77,13194.80519480519,0,,-999,
2026-07-29T03:55:51.646Z,cmrx9lhbn0007w96x99do9808,http,11,111,9153.153153153153,0,,-999,
2026-07-29T03:55:56.749Z,cmrx9lhbn0007w96x99do9808,http,12,76,13368.42105263158,0,,-999,
2026-07-29T03:56:01.917Z,cmrx9lhbn0007w96x99do9808,http,13,98,10367.34693877551,0,,-999,
2026-07-29T03:56:09.400Z,cmrx9lhbn0007w96x99do9808,http,14,129,7875.968992248062,0,,-999,
2026-07-29T03:56:14.467Z,cmrx9lhbn0007w96x99do9808,http,15,55,18472.72727272727,0,,-999,
2026-07-29T03:56:19.636Z,cmrx9lhbn0007w96x99do9808,http,16,74,13729.72972972973,0,,-999,
2026-07-29T03:56:24.770Z,cmrx9lhbn0007w96x99do9808,http,17,63,16126.98412698413,0,,-999,
2026-07-29T03:56:29.917Z,cmrx9lhbn0007w96x99do9808,http,18,58,17517.24137931034,0,,-999,
2026-07-29T03:56:35.095Z,cmrx9lhbn0007w96x99do9808,http,19,89,11415.73033707865,0,,-999,
2026-07-29T03:56:40.241Z,cmrx9lhbn0007w96x99do9808,http,20,82,12390.24390243902,0,,-999,
2026-07-29T03:56:45.393Z,cmrx9lhbn0007w96x99do9808,http,21,76,13368.42105263158,0,,-999,
2026-07-29T03:56:50.553Z,cmrx9lhbn0007w96x99do9808,http,22,90,11288.88888888889,0,,-999,
2026-07-29T03:56:55.692Z,cmrx9lhbn0007w96x99do9808,http,23,68,14941.17647058824,0,,-999,
2026-07-29T03:57:00.872Z,cmrx9lhbn0007w96x99do9808,http,24,108,9407.407407407407,0,,-999,
2026-07-29T03:57:08.686Z,cmrx9lhbn0007w96x99do9808,http,25,140,7257.142857142857,0,,-999,
2026-07-29T03:57:13.765Z,cmrx9lhbn0007w96x99do9808,http,26,76,13368.42105263158,0,,-999,
2026-07-29T03:57:18.923Z,cmrx9lhbn0007w96x99do9808,http,27,85,11952.94117647059,0,,-999,
2026-07-29T03:57:24.067Z,cmrx9lhbn0007w96x99do9808,http,28,82,12390.24390243902,0,,-999,
2026-07-29T03:57:29.221Z,cmrx9lhbn0007w96x99do9808,http,29,89,11415.73033707865,0,,-999,
2026-07-29T03:57:36.681Z,cmrx9lhbn0007w96x99do9808,http,30,95,10694.73684210526,0,,-999,
2026-07-29T03:57:41.789Z,cmrx9lhbn0007w96x99do9808,http,31,61,16655.73770491803,0,,-999,
2026-07-29T03:57:46.953Z,cmrx9lhbn0007w96x99do9808,http,32,73,13917.80821917808,0,,-999,
2026-07-29T03:57:52.106Z,cmrx9lhbn0007w96x99do9808,http,33,83,12240.96385542169,0,,-999,
2026-07-29T03:57:57.304Z,cmrx9lhbn0007w96x99do9808,http,34,132,7696.969696969697,0,,-999,
2026-07-29T03:58:02.387Z,cmrx9lhbn0007w96x99do9808,http,35,71,14309.85915492958,0,,-999,
2026-07-29T03:58:07.529Z,cmrx9lhbn0007w96x99do9808,http,36,70,14514.28571428571,0,,-999,
2026-07-29T03:58:12.675Z,cmrx9lhbn0007w96x99do9808,http,37,77,13194.80519480519,0,,-999,
2026-07-29T03:58:17.801Z,cmrx9lhbn0007w96x99do9808,http,38,56,18142.85714285714,0,,-999,
2026-07-29T03:58:22.965Z,cmrx9lhbn0007w96x99do9808,http,39,83,12240.96385542169,0,,-999,
2026-07-29T03:58:29.147Z,cmrx9lhbn0007w96x99do9808,http,40,90,11288.88888888889,0,,-999,
2026-07-29T03:58:34.262Z,cmrx9lhbn0007w96x99do9808,http,41,64,15875,0,,-999,
2026-07-29T03:58:39.431Z,cmrx9lhbn0007w96x99do9808,http,42,72,14111.11111111111,0,,-999,
2026-07-29T03:58:46.620Z,cmrx9lhbn0007w96x99do9808,http,43,134,7582.089552238806,0,,-999,
2026-07-29T03:58:51.681Z,cmrx9lhbn0007w96x99do9808,http,44,47,21617.02127659574,0,,-999,
2026-07-29T04:18:02.462Z,cmrx9lhbn0007w96x99do9808,http,1,195,5210.25641025641,0,,-999,
2026-07-29T04:18:04.218Z,cmrx9lhbn0007w96x99do9808,http,2,67,15164.17910447761,0,,-999,
2026-07-29T04:18:09.467Z,cmrx9lhbn0007w96x99do9808,http,3,106,9584.905660377359,0,,-999,
2026-07-29T04:18:14.494Z,cmrx9lhbn0007w96x99do9808,http,4,68,14941.17647058824,0,,-999,
2026-07-29T04:18:22.906Z,cmrx9lhbn0007w96x99do9808,http,5,80,12700,0,,-999,
2026-07-29T04:18:27.968Z,cmrx9lhbn0007w96x99do9808,http,6,73,13917.80821917808,0,,-999,
2026-07-29T04:18:33.167Z,cmrx9lhbn0007w96x99do9808,http,7,55,18472.72727272727,0,,-999,
2026-07-29T04:18:38.503Z,cmrx9lhbn0007w96x99do9808,http,8,51,19921.56862745098,0,,-999,
2026-07-29T04:18:43.725Z,cmrx9lhbn0007w96x99do9808,http,9,61,16655.73770491803,0,,-999,
2026-07-29T04:18:48.797Z,cmrx9lhbn0007w96x99do9808,http,10,66,15393.93939393939,0,,-999,
2026-07-29T04:18:53.864Z,cmrx9lhbn0007w96x99do9808,http,11,64,15875,0,,-999,
2026-07-29T04:18:58.948Z,cmrx9lhbn0007w96x99do9808,http,12,87,11678.16091954023,0,,-999,
2026-07-29T04:19:03.985Z,cmrx9lhbn0007w96x99do9808,http,13,61,16655.73770491803,0,,-999,
2026-07-29T04:19:09.048Z,cmrx9lhbn0007w96x99do9808,http,14,52,19538.46153846154,0,,-999,
2026-07-29T04:19:14.100Z,cmrx9lhbn0007w96x99do9808,http,15,48,21166.66666666667,0,,-999,
2026-07-29T04:19:19.180Z,cmrx9lhbn0007w96x99do9808,http,16,56,18142.85714285714,0,,-999,
2026-07-29T04:19:24.395Z,cmrx9lhbn0007w96x99do9808,http,17,70,14514.28571428571,0,,-999,
2026-07-29T04:19:29.440Z,cmrx9lhbn0007w96x99do9808,http,18,48,21166.66666666667,0,,-999,
2026-07-29T04:19:34.663Z,cmrx9lhbn0007w96x99do9808,http,19,59,17220.33898305085,0,,-999,
2026-07-29T04:19:42.589Z,cmrx9lhbn0007w96x99do9808,http,20,120,8466.666666666666,0,,-999,
2026-07-29T04:19:47.613Z,cmrx9lhbn0007w96x99do9808,http,21,68,14941.17647058824,0,,-999,
2026-07-29T04:19:52.668Z,cmrx9lhbn0007w96x99do9808,http,22,63,16126.98412698413,0,,-999,
2026-07-29T04:19:57.746Z,cmrx9lhbn0007w96x99do9808,http,23,77,13194.80519480519,0,,-999,
2026-07-29T04:20:02.804Z,cmrx9lhbn0007w96x99do9808,http,24,77,13194.80519480519,0,,-999,
2026-07-29T04:20:07.863Z,cmrx9lhbn0007w96x99do9808,http,25,74,13729.72972972973,0,,-999,
2026-07-29T04:20:17.113Z,cmrx9lhbn0007w96x99do9808,http,26,132,7696.969696969697,0,,-999,
2026-07-29T04:20:22.663Z,cmrx9lhbn0007w96x99do9808,http,27,77,13194.80519480519,0,,-999,
2026-07-29T04:20:27.729Z,cmrx9lhbn0007w96x99do9808,http,28,85,11952.94117647059,0,,-999,
2026-07-29T04:20:32.796Z,cmrx9lhbn0007w96x99do9808,http,29,88,11545.45454545455,0,,-999,
2026-07-29T04:20:37.847Z,cmrx9lhbn0007w96x99do9808,http,30,80,12700,0,,-999,
2026-07-29T04:20:42.870Z,cmrx9lhbn0007w96x99do9808,http,31,45,22577.77777777778,0,,-999,
2026-07-29T04:20:47.933Z,cmrx9lhbn0007w96x99do9808,http,32,49,20734.69387755102,0,,-999,
2026-07-29T04:20:52.996Z,cmrx9lhbn0007w96x99do9808,http,33,45,22577.77777777778,0,,-999,
2026-07-29T04:20:58.058Z,cmrx9lhbn0007w96x99do9808,http,34,47,21617.02127659574,0,,-999,
2026-07-29T04:21:06.248Z,cmrx9lhbn0007w96x99do9808,http,35,117,8683.760683760684,0,,-999,
2026-07-29T04:21:11.269Z,cmrx9lhbn0007w96x99do9808,http,36,70,14514.28571428571,0,,-999,
2026-07-29T04:21:16.309Z,cmrx9lhbn0007w96x99do9808,http,37,50,20320,0,,-999,
2026-07-29T04:21:21.417Z,cmrx9lhbn0007w96x99do9808,http,38,89,11415.73033707865,0,,-999,
2026-07-29T04:21:28.347Z,cmrx9lhbn0007w96x99do9808,http,39,227,4475.770925110132,0,,-999,
2026-07-29T04:21:33.252Z,cmrx9lhbn0007w96x99do9808,http,40,66,15393.93939393939,0,,-999,
2026-07-29T04:21:38.457Z,cmrx9lhbn0007w96x99do9808,http,41,61,16655.73770491803,0,,-999,
2026-07-29T04:21:43.553Z,cmrx9lhbn0007w96x99do9808,http,42,87,11678.16091954023,0,,-999,
2026-07-29T04:21:50.111Z,cmrx9lhbn0007w96x99do9808,http,43,113,8991.150442477876,0,,-999,
2026-07-29T04:21:55.138Z,cmrx9lhbn0007w96x99do9808,http,44,69,14724.63768115942,0,,-999,
2026-07-29T04:23:55.053Z,cmrx9lhbn0007w96x99do9808,http,1,223,4556.053811659192,0,,-999,
2026-07-29T04:23:57.281Z,cmrx9lhbn0007w96x99do9808,http,2,726,1399.449035812672,0,,-999,
2026-07-29T04:24:01.719Z,cmrx9lhbn0007w96x99do9808,http,3,98,10367.34693877551,0,,-999,
2026-07-29T04:24:06.770Z,cmrx9lhbn0007w96x99do9808,http,4,87,11678.16091954023,0,,-999,
2026-07-29T04:24:11.833Z,cmrx9lhbn0007w96x99do9808,http,5,87,11678.16091954023,0,,-999,
2026-07-29T04:24:16.888Z,cmrx9lhbn0007w96x99do9808,http,6,78,13025.64102564103,0,,-999,
2026-07-29T04:24:21.936Z,cmrx9lhbn0007w96x99do9808,http,7,68,14941.17647058824,0,,-999,
2026-07-29T04:24:27.008Z,cmrx9lhbn0007w96x99do9808,http,8,79,12860.75949367089,0,,-999,
2026-07-29T04:24:32.088Z,cmrx9lhbn0007w96x99do9808,http,9,90,11288.88888888889,0,,-999,
2026-07-29T04:24:37.128Z,cmrx9lhbn0007w96x99do9808,http,10,71,14309.85915492958,0,,-999,
2026-07-29T04:24:42.174Z,cmrx9lhbn0007w96x99do9808,http,11,48,21166.66666666667,0,,-999,
2026-07-29T04:24:47.242Z,cmrx9lhbn0007w96x99do9808,http,12,61,16655.73770491803,0,,-999,
2026-07-29T04:24:52.293Z,cmrx9lhbn0007w96x99do9808,http,13,49,20734.69387755102,0,,-999,
2026-07-29T04:28:16.551Z,cmrx9lhbn0007w96x99do9808,http,1,124,8193.548387096775,0,,-999,
2026-07-29T04:28:19.874Z,cmrx9lhbn0007w96x99do9808,http,2,54,18814.81481481481,0,,-999,
2026-07-29T04:28:24.958Z,cmrx9lhbn0007w96x99do9808,http,3,69,14724.63768115942,0,,-999,
2026-07-29T04:28:30.001Z,cmrx9lhbn0007w96x99do9808,http,4,55,18472.72727272727,0,,-999,
2026-07-29T04:28:35.077Z,cmrx9lhbn0007w96x99do9808,http,5,69,14724.63768115942,0,,-999,
2026-07-29T04:28:40.134Z,cmrx9lhbn0007w96x99do9808,http,6,56,18142.85714285714,0,,-999,
2026-07-29T04:28:46.434Z,cmrx9lhbn0007w96x99do9808,http,7,92,11043.47826086957,0,,-999,
2026-07-29T04:28:51.455Z,cmrx9lhbn0007w96x99do9808,http,8,48,21166.66666666667,0,,-999,
2026-07-29T04:28:56.555Z,cmrx9lhbn0007w96x99do9808,http,9,82,12390.24390243902,0,,-999,
2026-07-29T04:29:01.592Z,cmrx9lhbn0007w96x99do9808,http,10,64,15875,0,,-999,
2026-07-29T04:29:06.677Z,cmrx9lhbn0007w96x99do9808,http,11,81,12543.20987654321,0,,-999,
2026-07-29T04:29:11.708Z,cmrx9lhbn0007w96x99do9808,http,12,57,17824.56140350877,0,,-999,
2026-07-29T04:29:16.767Z,cmrx9lhbn0007w96x99do9808,http,13,50,20320,0,,-999,
2026-07-29T04:29:21.876Z,cmrx9lhbn0007w96x99do9808,http,14,88,11545.45454545455,0,,-999,
2026-07-29T04:29:26.904Z,cmrx9lhbn0007w96x99do9808,http,15,60,16933.33333333333,0,,-999,
2026-07-29T04:29:31.988Z,cmrx9lhbn0007w96x99do9808,http,16,78,13025.64102564103,0,,-999,
2026-07-29T04:29:37.012Z,cmrx9lhbn0007w96x99do9808,http,17,46,22086.95652173913,0,,-999,
2026-07-29T04:32:42.179Z,cmrx9lhbn0007w96x99do9808,http,1,141,7205.673758865249,0,,-999,
2026-07-29T04:32:43.365Z,cmrx9lhbn0007w96x99do9808,lora,1,1328,4588.8,0,100,-46,9.25
2026-07-29T04:32:44.316Z,cmrx9lhbn0007w96x99do9808,http,2,81,12543.20987654321,0,,-999,
2026-07-29T04:32:45.522Z,cmrx9lhbn0007w96x99do9808,lora,2,1287,4634.7,0,101,-48,10
2026-07-29T04:32:49.349Z,cmrx9lhbn0007w96x99do9808,http,3,44,23090.90909090909,0,,-999,
2026-07-29T04:32:50.588Z,cmrx9lhbn0007w96x99do9808,lora,3,1283,4634.7,0,101,-55,10.5
2026-07-29T04:32:54.418Z,cmrx9lhbn0007w96x99do9808,http,4,54,18814.81481481481,0,,-999,
2026-07-29T04:32:55.650Z,cmrx9lhbn0007w96x99do9808,lora,4,1286,4680.6,0,102,-48,9.75
2026-07-29T04:32:59.473Z,cmrx9lhbn0007w96x99do9808,http,5,48,21166.66666666667,0,,-999,
2026-07-29T04:33:00.708Z,cmrx9lhbn0007w96x99do9808,lora,5,1283,4634.7,0,101,-47,9.5
2026-07-29T04:33:04.575Z,cmrx9lhbn0007w96x99do9808,http,6,84,12095.2380952381,0,,-999,
2026-07-29T04:33:05.775Z,cmrx9lhbn0007w96x99do9808,lora,6,1283,4634.7,0,101,-45,9.5
2026-07-29T04:33:09.605Z,cmrx9lhbn0007w96x99do9808,http,7,58,17517.24137931034,0,,-999,
2026-07-29T04:33:10.830Z,cmrx9lhbn0007w96x99do9808,lora,7,1283,4634.7,0,101,-50,9.75
2026-07-29T04:33:14.677Z,cmrx9lhbn0007w96x99do9808,http,8,61,16655.73770491803,0,,-999,
2026-07-29T04:33:15.895Z,cmrx9lhbn0007w96x99do9808,lora,8,1281,4634.7,0,101,-34,9.5
2026-07-29T04:33:19.729Z,cmrx9lhbn0007w96x99do9808,http,9,56,18142.85714285714,0,,-999,
2026-07-29T04:33:20.957Z,cmrx9lhbn0007w96x99do9808,lora,9,1283,4634.7,0,101,-39,9.75
2026-07-29T04:33:24.795Z,cmrx9lhbn0007w96x99do9808,http,10,59,17220.33898305085,0,,-999,
2026-07-29T04:33:26.021Z,cmrx9lhbn0007w96x99do9808,lora,10,1285,4634.7,0,101,-43,10
2026-07-29T04:33:30.020Z,cmrx9lhbn0007w96x99do9808,http,11,72,14111.11111111111,0,,-999,
2026-07-29T04:33:31.240Z,cmrx9lhbn0007w96x99do9808,lora,11,1292,4680.6,0,102,-50,9.75
2026-07-29T04:33:35.062Z,cmrx9lhbn0007w96x99do9808,http,12,54,18814.81481481481,0,,-999,
2026-07-29T04:33:36.302Z,cmrx9lhbn0007w96x99do9808,lora,12,1294,4680.6,0,102,-36,9.5
2026-07-29T04:33:40.143Z,cmrx9lhbn0007w96x99do9808,http,13,67,15164.17910447761,0,,-999,
2026-07-29T04:33:41.358Z,cmrx9lhbn0007w96x99do9808,lora,13,1282,4588.8,0,100,-40,9.5
2026-07-29T04:33:45.206Z,cmrx9lhbn0007w96x99do9808,http,14,71,14309.85915492958,0,,-999,
2026-07-29T04:33:46.424Z,cmrx9lhbn0007w96x99do9808,lora,14,1289,4680.6,0,102,-40,9.5
2026-07-29T04:33:50.292Z,cmrx9lhbn0007w96x99do9808,http,15,89,11415.73033707865,0,,-999,
2026-07-29T04:33:51.491Z,cmrx9lhbn0007w96x99do9808,lora,15,1287,4680.6,0,102,-43,9.5
2026-07-29T04:33:55.361Z,cmrx9lhbn0007w96x99do9808,http,16,86,11813.95348837209,0,,-999,
2026-07-29T04:33:56.560Z,cmrx9lhbn0007w96x99do9808,lora,16,1285,4680.6,0,102,-36,9.75
2026-07-29T04:34:00.388Z,cmrx9lhbn0007w96x99do9808,http,17,58,17517.24137931034,0,,-999,
2026-07-29T04:34:01.622Z,cmrx9lhbn0007w96x99do9808,lora,17,1291,4680.6,0,102,-46,9.75
2026-07-29T04:34:05.472Z,cmrx9lhbn0007w96x99do9808,http,18,74,13729.72972972973,0,,-999,
2026-07-29T04:34:06.681Z,cmrx9lhbn0007w96x99do9808,lora,18,1283,4588.8,0,100,-46,9.75
2026-07-29T04:34:10.528Z,cmrx9lhbn0007w96x99do9808,http,19,73,13917.80821917808,0,,-999,
2026-07-29T04:34:11.737Z,cmrx9lhbn0007w96x99do9808,lora,19,1282,4588.8,0,100,-43,9.25
2026-07-29T04:34:15.568Z,cmrx9lhbn0007w96x99do9808,http,20,51,19921.56862745098,0,,-999,
2026-07-29T04:34:16.804Z,cmrx9lhbn0007w96x99do9808,lora,20,1287,4680.6,0,102,-40,9.75
2026-07-29T04:34:20.671Z,cmrx9lhbn0007w96x99do9808,http,21,90,11288.88888888889,0,,-999,
2026-07-29T04:34:21.867Z,cmrx9lhbn0007w96x99do9808,lora,21,1285,4588.8,0,100,-42,9.75
2026-07-29T04:34:25.709Z,cmrx9lhbn0007w96x99do9808,http,22,70,14514.28571428571,0,,-999,
2026-07-29T04:34:26.932Z,cmrx9lhbn0007w96x99do9808,lora,22,1293,4680.6,0,102,-50,9.5
2026-07-29T04:34:30.781Z,cmrx9lhbn0007w96x99do9808,http,23,72,14111.11111111111,0,,-999,
2026-07-29T04:34:31.996Z,cmrx9lhbn0007w96x99do9808,lora,23,1288,4726.5,0,103,-38,9.25
2026-07-29T04:34:35.830Z,cmrx9lhbn0007w96x99do9808,http,24,64,15875,0,,-999,
2026-07-29T04:34:37.060Z,cmrx9lhbn0007w96x99do9808,lora,24,1294,4680.6,0,102,-43,9.5
2026-07-29T04:34:40.887Z,cmrx9lhbn0007w96x99do9808,http,25,61,16655.73770491803,0,,-999,
2026-07-29T04:34:42.114Z,cmrx9lhbn0007w96x99do9808,lora,25,1288,4680.6,0,102,-41,9.75
2026-07-29T04:34:45.963Z,cmrx9lhbn0007w96x99do9808,http,26,72,14111.11111111111,0,,-999,
2026-07-29T04:34:47.178Z,cmrx9lhbn0007w96x99do9808,lora,26,1287,4588.8,0,100,-39,9.5
2026-07-29T04:34:51.022Z,cmrx9lhbn0007w96x99do9808,http,27,74,13729.72972972973,0,,-999,
2026-07-29T04:34:52.241Z,cmrx9lhbn0007w96x99do9808,lora,27,1292,4680.6,0,102,-39,9.5
2026-07-29T04:34:56.073Z,cmrx9lhbn0007w96x99do9808,http,28,55,18472.72727272727,0,,-999,
2026-07-29T04:34:57.310Z,cmrx9lhbn0007w96x99do9808,lora,28,1291,4680.6,0,102,-37,9.25
2026-07-29T04:35:01.828Z,cmrx9lhbn0007w96x99do9808,http,29,77,13194.80519480519,0,,-999,
2026-07-29T04:35:03.046Z,cmrx9lhbn0007w96x99do9808,lora,29,1295,4680.6,0,102,-38,10
2026-07-29T04:35:06.903Z,cmrx9lhbn0007w96x99do9808,http,30,83,12240.96385542169,0,,-999,
2026-07-29T04:35:08.107Z,cmrx9lhbn0007w96x99do9808,lora,30,1286,4680.4,0,99,-42,9.75
2026-07-29T04:35:11.968Z,cmrx9lhbn0007w96x99do9808,http,31,76,13368.42105263158,0,,-999,
2026-07-29T04:35:13.185Z,cmrx9lhbn0007w96x99do9808,lora,31,1291,4726.5,0,103,-41,9.75
2026-07-29T04:35:18.493Z,cmrx9lhbn0007w96x99do9808,http,32,77,13194.80519480519,0,,-999,
2026-07-29T04:35:19.709Z,cmrx9lhbn0007w96x99do9808,lora,32,1293,4634.7,0,101,-40,9.5
2026-07-29T04:35:27.190Z,cmrx9lhbn0007w96x99do9808,http,33,114,8912.280701754386,0,,-999,
2026-07-29T04:35:28.376Z,cmrx9lhbn0007w96x99do9808,lora,33,1300,4680.6,0,102,-42,9.5
2026-07-29T04:35:32.233Z,cmrx9lhbn0007w96x99do9808,http,34,89,11415.73033707865,0,,-999,
2026-07-29T04:35:33.434Z,cmrx9lhbn0007w96x99do9808,lora,34,1289,4680.6,0,102,-42,9.75
2026-07-29T04:35:37.283Z,cmrx9lhbn0007w96x99do9808,http,35,67,15164.17910447761,0,,-999,
2026-07-29T04:35:38.501Z,cmrx9lhbn0007w96x99do9808,lora,35,1284,4588.8,0,100,-43,9.5
2026-07-29T04:35:42.330Z,cmrx9lhbn0007w96x99do9808,http,36,56,18142.85714285714,0,,-999,
2026-07-29T04:35:43.563Z,cmrx9lhbn0007w96x99do9808,lora,36,1290,4680.6,0,102,-38,9.5
2026-07-29T04:35:47.416Z,cmrx9lhbn0007w96x99do9808,http,37,72,14111.11111111111,0,,-999,
2026-07-29T04:35:48.637Z,cmrx9lhbn0007w96x99do9808,lora,37,1293,4680.6,0,102,-42,9.75
2026-07-29T04:35:52.599Z,cmrx9lhbn0007w96x99do9808,http,38,53,19169.81132075472,0,,-999,
2026-07-29T04:35:53.838Z,cmrx9lhbn0007w96x99do9808,lora,38,1292,4680.6,0,102,-43,9.75
2026-07-29T04:35:57.671Z,cmrx9lhbn0007w96x99do9808,http,39,58,17517.24137931034,0,,-999,
2026-07-29T04:35:58.901Z,cmrx9lhbn0007w96x99do9808,lora,39,1287,4634.7,0,101,-43,9.5
2026-07-29T04:37:05.901Z,cmrx9lhbn0007w96x99do9808,http,1,134,7582.089552238806,0,,-999,
2026-07-29T04:37:07.068Z,cmrx9lhbn0007w96x99do9808,lora,1,1301,4634.7,0,101,-62,10
2026-07-29T04:37:09.263Z,cmrx9lhbn0007w96x99do9808,http,2,83,12240.96385542169,0,,-999,
2026-07-29T04:37:10.466Z,cmrx9lhbn0007w96x99do9808,lora,2,1286,4634.7,0,101,-48,9.75
2026-07-29T04:37:14.446Z,cmrx9lhbn0007w96x99do9808,http,3,89,11415.73033707865,0,,-999,
2026-07-29T04:37:15.644Z,cmrx9lhbn0007w96x99do9808,lora,3,1287,4634.7,0,101,-46,10
2026-07-29T04:37:19.589Z,cmrx9lhbn0007w96x99do9808,http,4,59,17220.33898305085,0,,-999,
2026-07-29T04:37:20.823Z,cmrx9lhbn0007w96x99do9808,lora,4,1293,4634.7,0,101,-59,9.75
2026-07-29T04:37:24.748Z,cmrx9lhbn0007w96x99do9808,http,5,53,19169.81132075472,0,,-999,
2026-07-29T04:37:25.988Z,cmrx9lhbn0007w96x99do9808,lora,5,1292,4634.7,0,101,-48,9.75
2026-07-29T04:37:29.938Z,cmrx9lhbn0007w96x99do9808,http,6,62,16387.09677419355,0,,-999,
2026-07-29T04:37:31.162Z,cmrx9lhbn0007w96x99do9808,lora,6,1286,4634.7,0,101,-48,9.75
2026-07-29T04:37:35.872Z,cmrx9lhbn0007w96x99do9808,http,7,98,10367.34693877551,0,,-999,
2026-07-29T04:37:37.063Z,cmrx9lhbn0007w96x99do9808,lora,7,1289,4588.8,0,100,-49,8.75
2026-07-29T04:37:40.906Z,cmrx9lhbn0007w96x99do9808,http,8,75,13546.66666666667,0,,-999,
2026-07-29T04:37:42.121Z,cmrx9lhbn0007w96x99do9808,lora,8,1290,4634.7,0,101,-52,10.25
2026-07-29T04:37:46.102Z,cmrx9lhbn0007w96x99do9808,http,9,92,11043.47826086957,0,,-999,
2026-07-29T04:37:47.300Z,cmrx9lhbn0007w96x99do9808,lora,9,1289,4588.8,0,100,-43,9.25
2026-07-29T04:37:51.252Z,cmrx9lhbn0007w96x99do9808,http,10,74,13729.72972972973,0,,-999,
2026-07-29T04:37:52.467Z,cmrx9lhbn0007w96x99do9808,lora,10,1289,4680.6,0,102,-58,9.5
2026-07-29T04:37:56.429Z,cmrx9lhbn0007w96x99do9808,http,11,73,13917.80821917808,0,,-999,
2026-07-29T04:37:57.644Z,cmrx9lhbn0007w96x99do9808,lora,11,1289,4634.7,0,101,-60,9.5
2026-07-29T04:38:01.611Z,cmrx9lhbn0007w96x99do9808,http,12,85,11952.94117647059,0,,-999,
2026-07-29T04:38:02.813Z,cmrx9lhbn0007w96x99do9808,lora,12,1287,4634.7,0,101,-55,9.75
2026-07-29T04:38:06.799Z,cmrx9lhbn0007w96x99do9808,http,13,98,10367.34693877551,0,,-999,
2026-07-29T04:38:07.989Z,cmrx9lhbn0007w96x99do9808,lora,13,1289,4634.7,0,101,-60,9.5
2026-07-29T04:38:11.957Z,cmrx9lhbn0007w96x99do9808,http,14,75,13546.66666666667,0,,-999,
2026-07-29T04:38:13.169Z,cmrx9lhbn0007w96x99do9808,lora,14,1286,4634.7,0,101,-50,9.5
2026-07-29T04:38:17.123Z,cmrx9lhbn0007w96x99do9808,http,15,75,13546.66666666667,0,,-999,
2026-07-29T04:38:18.340Z,cmrx9lhbn0007w96x99do9808,lora,15,1292,4680.6,0,102,-41,10
2026-07-29T04:38:22.294Z,cmrx9lhbn0007w96x99do9808,http,16,70,14514.28571428571,0,,-999,
2026-07-29T04:38:23.518Z,cmrx9lhbn0007w96x99do9808,lora,16,1294,4680.6,0,102,-36,9.5
2026-07-29T04:38:27.470Z,cmrx9lhbn0007w96x99do9808,http,17,68,14941.17647058824,0,,-999,
2026-07-29T04:38:28.689Z,cmrx9lhbn0007w96x99do9808,lora,17,1286,4633.1,0,98,-46,9.5
2026-07-29T04:38:32.643Z,cmrx9lhbn0007w96x99do9808,http,18,75,13546.66666666667,0,,-999,
2026-07-29T04:38:33.861Z,cmrx9lhbn0007w96x99do9808,lora,18,1293,4680.6,0,102,-42,10.25
2026-07-29T04:38:37.817Z,cmrx9lhbn0007w96x99do9808,http,19,69,14724.63768115942,0,,-999,
2026-07-29T04:38:39.035Z,cmrx9lhbn0007w96x99do9808,lora,19,1287,4634.7,0,101,-43,9.25
2026-07-29T04:38:42.992Z,cmrx9lhbn0007w96x99do9808,http,20,73,13917.80821917808,0,,-999,
2026-07-29T04:38:44.213Z,cmrx9lhbn0007w96x99do9808,lora,20,1294,4680.6,0,102,-44,9.5
2026-07-29T04:38:48.156Z,cmrx9lhbn0007w96x99do9808,http,21,61,16655.73770491803,0,,-999,
2026-07-29T04:38:49.390Z,cmrx9lhbn0007w96x99do9808,lora,21,1295,4680.6,0,102,-43,9.5
2026-07-29T04:38:53.327Z,cmrx9lhbn0007w96x99do9808,http,22,53,19169.81132075472,0,,-999,
2026-07-29T04:38:54.566Z,cmrx9lhbn0007w96x99do9808,lora,22,1292,4634.7,0,101,-45,9.5
2026-07-29T04:38:58.505Z,cmrx9lhbn0007w96x99do9808,http,23,62,16387.09677419355,0,,-999,
2026-07-29T04:38:59.727Z,cmrx9lhbn0007w96x99do9808,lora,23,1284,4633.1,0,98,-48,9.25
2026-07-29T04:39:03.712Z,cmrx9lhbn0007w96x99do9808,http,24,86,11813.95348837209,0,,-999,
2026-07-29T04:39:04.925Z,cmrx9lhbn0007w96x99do9808,lora,24,1302,4680.6,0,102,-56,9.75
2026-07-29T04:39:08.852Z,cmrx9lhbn0007w96x99do9808,http,25,57,17824.56140350877,0,,-999,
2026-07-29T04:39:10.095Z,cmrx9lhbn0007w96x99do9808,lora,25,1300,4680.6,0,102,-57,9.75
2026-07-29T04:39:14.055Z,cmrx9lhbn0007w96x99do9808,http,26,81,12543.20987654321,0,,-999,
2026-07-29T04:39:15.268Z,cmrx9lhbn0007w96x99do9808,lora,26,1294,4680.6,0,102,-45,9.5
2026-07-29T04:39:19.233Z,cmrx9lhbn0007w96x99do9808,http,27,75,13546.66666666667,0,,-999,
2026-07-29T04:39:20.448Z,cmrx9lhbn0007w96x99do9808,lora,27,1290,4634.7,0,101,-51,10
2026-07-29T04:39:24.397Z,cmrx9lhbn0007w96x99do9808,http,28,72,14111.11111111111,0,,-999,
2026-07-29T04:39:25.618Z,cmrx9lhbn0007w96x99do9808,lora,28,1293,4680.6,0,102,-41,10.25
2026-07-29T04:39:29.562Z,cmrx9lhbn0007w96x99do9808,http,29,57,17824.56140350877,0,,-999,
2026-07-29T04:39:30.807Z,cmrx9lhbn0007w96x99do9808,lora,29,1303,4680.6,0,102,-63,9.25
2026-07-29T04:39:34.736Z,cmrx9lhbn0007w96x99do9808,http,30,57,17824.56140350877,0,,-999,
2026-07-29T04:39:35.978Z,cmrx9lhbn0007w96x99do9808,lora,30,1298,4680.6,0,102,-54,9.75
2026-07-29T04:39:39.931Z,cmrx9lhbn0007w96x99do9808,http,31,81,12543.20987654321,0,,-999,
2026-07-29T04:39:41.145Z,cmrx9lhbn0007w96x99do9808,lora,31,1295,4680.6,0,102,-44,9.75
2026-07-29T04:39:45.083Z,cmrx9lhbn0007w96x99do9808,http,32,50,20320,0,,-999,
2026-07-29T04:39:46.328Z,cmrx9lhbn0007w96x99do9808,lora,32,1296,4680.6,0,102,-52,9.75
2026-07-29T04:39:50.270Z,cmrx9lhbn0007w96x99do9808,http,33,65,15630.76923076923,0,,-999,
2026-07-29T04:39:51.488Z,cmrx9lhbn0007w96x99do9808,lora,33,1283,4633.1,0,98,-45,9.5
2026-07-29T04:39:55.448Z,cmrx9lhbn0007w96x99do9808,http,34,64,15875,0,,-999,
2026-07-29T04:39:56.681Z,cmrx9lhbn0007w96x99do9808,lora,34,1296,4680.6,0,102,-51,9.75
2026-07-29T04:40:00.618Z,cmrx9lhbn0007w96x99do9808,http,35,52,19538.46153846154,0,,-999,
2026-07-29T04:40:01.875Z,cmrx9lhbn0007w96x99do9808,lora,35,1309,4680.6,0,102,-43,9.5
2026-07-29T04:40:38.343Z,cmrx9lhbn0007w96x99do9808,http,1,121,8396.694214876034,0,,-999,
2026-07-29T04:40:39.521Z,cmrx9lhbn0007w96x99do9808,lora,1,1299,4634.7,0,101,-59,9.25
2026-07-29T04:40:42.023Z,cmrx9lhbn0007w96x99do9808,http,2,65,15630.76923076923,0,,-999,
2026-07-29T04:40:43.246Z,cmrx9lhbn0007w96x99do9808,lora,2,1288,4634.7,0,101,-54,9.25
2026-07-29T04:40:47.206Z,cmrx9lhbn0007w96x99do9808,http,3,72,14111.11111111111,0,,-999,
2026-07-29T04:40:48.424Z,cmrx9lhbn0007w96x99do9808,lora,3,1291,4634.7,0,101,-53,9.25
2026-07-29T04:40:52.379Z,cmrx9lhbn0007w96x99do9808,http,4,64,15875,0,,-999,
2026-07-29T04:40:53.606Z,cmrx9lhbn0007w96x99do9808,lora,4,1292,4634.7,0,101,-55,9.5
2026-07-29T04:40:57.540Z,cmrx9lhbn0007w96x99do9808,http,5,57,17824.56140350877,0,,-999,
2026-07-29T04:40:58.774Z,cmrx9lhbn0007w96x99do9808,lora,5,1291,4634.7,0,101,-52,9.75
2026-07-29T04:44:18.799Z,cmrx9lhbn0007w96x99do9808,http,1,146,6958.904109589041,0,,-999,
2026-07-29T04:44:19.318Z,cmrx9lhbn0007w96x99do9808,http,2,71,14309.85915492958,0,,-999,
2026-07-29T04:44:19.960Z,cmrx9lhbn0007w96x99do9808,lora,1,1307,4634.7,0,101,-44,9.75
2026-07-29T04:44:21.193Z,cmrx9lhbn0007w96x99do9808,lora,2,1946,4588.8,0,100,-47,9.75
2026-07-29T04:44:24.503Z,cmrx9lhbn0007w96x99do9808,http,3,77,13194.80519480519,0,,-999,
2026-07-29T04:44:25.721Z,cmrx9lhbn0007w96x99do9808,lora,3,1295,4634.7,0,101,-47,9.25
2026-07-29T04:44:29.680Z,cmrx9lhbn0007w96x99do9808,http,4,78,13025.64102564103,0,,-999,
2026-07-29T04:44:30.892Z,cmrx9lhbn0007w96x99do9808,lora,4,1289,4634.7,0,101,-51,9.75
2026-07-29T04:44:34.844Z,cmrx9lhbn0007w96x99do9808,http,5,69,14724.63768115942,0,,-999,
2026-07-29T04:44:36.068Z,cmrx9lhbn0007w96x99do9808,lora,5,1292,4634.7,0,101,-44,10
2026-07-29T04:44:40.014Z,cmrx9lhbn0007w96x99do9808,http,6,61,16655.73770491803,0,,-999,
2026-07-29T04:44:41.245Z,cmrx9lhbn0007w96x99do9808,lora,6,1292,4634.7,0,101,-47,10.25
2026-07-29T04:44:45.070Z,cmrx9lhbn0007w96x99do9808,http,7,72,14111.11111111111,0,,-999,
2026-07-29T04:44:46.287Z,cmrx9lhbn0007w96x99do9808,lora,7,1289,4634.7,0,101,-49,9.75
2026-07-29T04:44:50.146Z,cmrx9lhbn0007w96x99do9808,http,8,100,10160,0,,-999,
2026-07-29T04:44:51.335Z,cmrx9lhbn0007w96x99do9808,lora,8,1290,4634.7,0,101,-51,10
2026-07-29T04:44:55.283Z,cmrx9lhbn0007w96x99do9808,http,9,61,16655.73770491803,0,,-999,
2026-07-29T04:44:56.512Z,cmrx9lhbn0007w96x99do9808,lora,9,1290,4634.7,0,101,-44,9.75
2026-07-29T04:45:00.500Z,cmrx9lhbn0007w96x99do9808,http,10,101,10059.40594059406,0,,-999,
2026-07-29T04:45:01.705Z,cmrx9lhbn0007w96x99do9808,lora,10,1305,4680.6,0,102,-42,10
2026-07-29T04:45:05.635Z,cmrx9lhbn0007w96x99do9808,http,11,59,17220.33898305085,0,,-999,
2026-07-29T04:45:06.871Z,cmrx9lhbn0007w96x99do9808,lora,11,1295,4680.6,0,102,-48,9.5
2026-07-29T04:45:10.846Z,cmrx9lhbn0007w96x99do9808,http,12,95,10694.73684210526,0,,-999,
2026-07-29T04:45:12.048Z,cmrx9lhbn0007w96x99do9808,lora,12,1298,4680.6,0,102,-50,9.75
2026-07-29T04:45:16.014Z,cmrx9lhbn0007w96x99do9808,http,13,87,11678.16091954023,0,,-999,
2026-07-29T04:45:17.220Z,cmrx9lhbn0007w96x99do9808,lora,13,1293,4634.7,0,101,-50,9.75
2026-07-29T04:45:21.162Z,cmrx9lhbn0007w96x99do9808,http,14,62,16387.09677419355,0,,-999,
2026-07-29T04:45:22.397Z,cmrx9lhbn0007w96x99do9808,lora,14,1297,4680.6,0,102,-47,10
2026-07-29T04:45:26.336Z,cmrx9lhbn0007w96x99do9808,http,15,63,16126.98412698413,0,,-999,
2026-07-29T04:45:27.558Z,cmrx9lhbn0007w96x99do9808,lora,15,1286,4633.1,0,98,-54,9.75
2026-07-29T04:45:31.509Z,cmrx9lhbn0007w96x99do9808,http,16,66,15393.93939393939,0,,-999,
2026-07-29T04:45:32.738Z,cmrx9lhbn0007w96x99do9808,lora,16,1295,4680.6,0,102,-50,9.75
2026-07-29T04:45:36.730Z,cmrx9lhbn0007w96x99do9808,http,17,109,9321.100917431193,0,,-999,
2026-07-29T04:45:37.916Z,cmrx9lhbn0007w96x99do9808,lora,17,1295,4680.6,0,102,-43,9.75
2026-07-29T04:45:41.857Z,cmrx9lhbn0007w96x99do9808,http,18,65,15630.76923076923,0,,-999,
2026-07-29T04:45:43.089Z,cmrx9lhbn0007w96x99do9808,lora,18,1297,4680.6,0,102,-44,9.25
2026-07-29T04:45:47.058Z,cmrx9lhbn0007w96x99do9808,http,19,83,12240.96385542169,0,,-999,
2026-07-29T04:45:48.275Z,cmrx9lhbn0007w96x99do9808,lora,19,1299,4680.6,0,102,-44,9.75
2026-07-29T04:45:52.228Z,cmrx9lhbn0007w96x99do9808,http,20,80,12700,0,,-999,
2026-07-29T04:45:53.443Z,cmrx9lhbn0007w96x99do9808,lora,20,1295,4680.6,0,102,-44,9.5
2026-07-29T04:45:58.612Z,cmrx9lhbn0007w96x99do9808,lora,21,1295,4680.6,0,102,-46,9.75
2026-07-29T04:46:02.776Z,cmrx9lhbn0007w96x99do9808,http,22,281,3615.658362989324,0,,-999,
2026-07-29T04:46:03.793Z,cmrx9lhbn0007w96x99do9808,lora,22,1298,4680.6,0,102,-51,9.25
2026-07-29T04:46:07.759Z,cmrx9lhbn0007w96x99do9808,http,23,92,11043.47826086957,0,,-999,
2026-07-29T04:46:08.967Z,cmrx9lhbn0007w96x99do9808,lora,23,1298,4680.6,0,102,-44,9.75
2026-07-29T04:46:12.919Z,cmrx9lhbn0007w96x99do9808,http,24,75,13546.66666666667,0,,-999,
2026-07-29T04:46:14.140Z,cmrx9lhbn0007w96x99do9808,lora,24,1295,4680.6,0,102,-54,9.75
2026-07-29T04:46:18.085Z,cmrx9lhbn0007w96x99do9808,http,25,64,15875,0,,-999,
2026-07-29T04:46:19.319Z,cmrx9lhbn0007w96x99do9808,lora,25,1298,4680.6,0,102,-49,9.5
2026-07-29T04:50:11.166Z,cmrx9lhbn0007w96x99do9808,http,1,215,4725.581395348837,0,,-999,
2026-07-29T04:50:11.395Z,cmrx9lhbn0007w96x99do9808,http,2,384,2645.833333333333,0,,-999,
2026-07-29T04:50:16.037Z,cmrx9lhbn0007w96x99do9808,http,3,75,13546.66666666667,0,,-999,
2026-07-29T04:50:22.791Z,cmrx9lhbn0007w96x99do9808,http,4,146,6958.904109589041,0,,-999,
2026-07-29T04:50:28.245Z,cmrx9lhbn0007w96x99do9808,http,5,54,18814.81481481481,0,,-999,
2026-07-29T04:50:34.555Z,cmrx9lhbn0007w96x99do9808,http,6,176,5772.727272727273,0,,-999,
2026-07-29T04:50:39.514Z,cmrx9lhbn0007w96x99do9808,http,7,73,13917.80821917808,0,,-999,
2026-07-29T04:50:46.216Z,cmrx9lhbn0007w96x99do9808,http,8,97,10474.22680412371,0,,-999,
2026-07-29T04:50:51.726Z,cmrx9lhbn0007w96x99do9808,http,9,60,16933.33333333333,0,,-999,
2026-07-29T04:50:57.346Z,cmrx9lhbn0007w96x99do9808,http,10,70,14514.28571428571,0,,-999,
2026-07-29T04:51:02.433Z,cmrx9lhbn0007w96x99do9808,http,11,97,10474.22680412371,0,,-999,
2026-07-29T04:51:07.585Z,cmrx9lhbn0007w96x99do9808,http,12,77,13194.80519480519,0,,-999,
2026-07-29T04:51:15.441Z,cmrx9lhbn0007w96x99do9808,http,13,103,9864.077669902912,0,,-999,
2026-07-29T04:51:20.937Z,cmrx9lhbn0007w96x99do9808,http,14,59,17220.33898305085,0,,-999,
2026-07-29T04:51:25.994Z,cmrx9lhbn0007w96x99do9808,http,15,72,14111.11111111111,0,,-999,
2026-07-29T04:51:31.051Z,cmrx9lhbn0007w96x99do9808,http,16,77,13194.80519480519,0,,-999,
2026-07-29T04:51:36.225Z,cmrx9lhbn0007w96x99do9808,http,17,72,14111.11111111111,0,,-999,
2026-07-29T04:51:41.410Z,cmrx9lhbn0007w96x99do9808,http,18,83,12240.96385542169,0,,-999,
2026-07-29T04:51:46.552Z,cmrx9lhbn0007w96x99do9808,http,19,51,19921.56862745098,0,,-999,
2026-07-29T04:51:51.881Z,cmrx9lhbn0007w96x99do9808,http,20,52,19538.46153846154,0,,-999,
2026-07-29T04:51:56.966Z,cmrx9lhbn0007w96x99do9808,http,21,82,12390.24390243902,0,,-999,
2026-07-29T04:52:02.187Z,cmrx9lhbn0007w96x99do9808,http,22,133,7639.097744360903,0,,-999,
2026-07-29T04:52:07.302Z,cmrx9lhbn0007w96x99do9808,http,23,76,13368.42105263158,0,,-999,
2026-07-29T04:52:12.460Z,cmrx9lhbn0007w96x99do9808,http,24,61,16655.73770491803,0,,-999,
2026-07-29T04:52:17.665Z,cmrx9lhbn0007w96x99do9808,http,25,90,11288.88888888889,0,,-999,
2026-07-29T04:52:22.798Z,cmrx9lhbn0007w96x99do9808,http,26,52,19538.46153846154,0,,-999,
2026-07-29T04:52:27.856Z,cmrx9lhbn0007w96x99do9808,http,27,58,17517.24137931034,0,,-999,
2026-07-29T04:52:32.913Z,cmrx9lhbn0007w96x99do9808,http,28,63,16126.98412698413,0,,-999,
2026-07-29T04:52:34.158Z,cmrx9lhbn0007w96x99do9808,lora,28,1308,4680.6,0,102,-45,9.5
2026-07-29T04:52:38.080Z,cmrx9lhbn0007w96x99do9808,http,29,56,18142.85714285714,0,,-999,
2026-07-29T04:52:39.319Z,cmrx9lhbn0007w96x99do9808,lora,29,1296,4680.6,0,102,-57,9.75
2026-07-29T04:52:43.249Z,cmrx9lhbn0007w96x99do9808,http,30,55,18472.72727272727,0,,-999,
2026-07-29T04:52:44.490Z,cmrx9lhbn0007w96x99do9808,lora,30,1296,4680.6,0,102,-56,9.75
2026-07-29T04:52:48.520Z,cmrx9lhbn0007w96x99do9808,http,31,150,6773.333333333333,0,,-999,
2026-07-29T04:52:49.661Z,cmrx9lhbn0007w96x99do9808,lora,31,1294,4680.6,0,102,-57,9.75
2026-07-29T04:52:53.619Z,cmrx9lhbn0007w96x99do9808,http,32,77,13194.80519480519,0,,-999,
2026-07-29T04:52:54.832Z,cmrx9lhbn0007w96x99do9808,lora,32,1289,4634.7,0,101,-57,9.5
2026-07-29T04:52:58.784Z,cmrx9lhbn0007w96x99do9808,http,33,64,15875,0,,-999,
2026-07-29T04:53:00.020Z,cmrx9lhbn0007w96x99do9808,lora,33,1299,4680.6,0,102,-54,9.5
2026-07-29T04:53:04.122Z,cmrx9lhbn0007w96x99do9808,http,34,224,4535.714285714285,0,,-999,
2026-07-29T04:53:05.193Z,cmrx9lhbn0007w96x99do9808,lora,34,1295,4680.6,0,102,-55,9.25
2026-07-29T04:53:09.216Z,cmrx9lhbn0007w96x99do9808,http,35,146,6958.904109589041,0,,-999,
2026-07-29T04:53:10.357Z,cmrx9lhbn0007w96x99do9808,lora,35,1287,4680.6,0,102,-51,10
2026-07-29T04:53:15.891Z,cmrx9lhbn0007w96x99do9808,http,36,144,7055.555555555556,0,,-999,
2026-07-29T04:53:17.049Z,cmrx9lhbn0007w96x99do9808,lora,36,1302,4680.6,0,102,-49,9.25
2026-07-29T04:53:21.379Z,cmrx9lhbn0007w96x99do9808,http,37,77,13194.80519480519,0,,-999,
2026-07-29T04:53:22.597Z,cmrx9lhbn0007w96x99do9808,lora,37,1295,4680.6,0,102,-55,9.75
2026-07-29T04:53:26.538Z,cmrx9lhbn0007w96x99do9808,http,38,72,14111.11111111111,0,,-999,
2026-07-29T04:53:27.754Z,cmrx9lhbn0007w96x99do9808,lora,38,1288,4634.7,0,101,-48,10
2026-07-29T04:53:31.721Z,cmrx9lhbn0007w96x99do9808,http,39,76,13368.42105263158,0,,-999,
2026-07-29T04:53:32.938Z,cmrx9lhbn0007w96x99do9808,lora,39,1293,4680.6,0,102,-48,9.25
2026-07-29T04:53:36.880Z,cmrx9lhbn0007w96x99do9808,http,40,64,15875,0,,-999,
2026-07-29T04:53:38.115Z,cmrx9lhbn0007w96x99do9808,lora,40,1298,4680.6,0,102,-51,10
2026-07-29T04:53:42.241Z,cmrx9lhbn0007w96x99do9808,http,41,93,10924.7311827957,0,,-999,
2026-07-29T04:53:43.441Z,cmrx9lhbn0007w96x99do9808,lora,41,1293,4680.6,0,102,-47,10
2026-07-29T04:53:47.274Z,cmrx9lhbn0007w96x99do9808,http,42,71,14309.85915492958,0,,-999,
2026-07-29T04:53:48.495Z,cmrx9lhbn0007w96x99do9808,lora,42,1292,4680.6,0,102,-58,9.75
2026-07-29T04:53:52.433Z,cmrx9lhbn0007w96x99do9808,http,43,62,16387.09677419355,0,,-999,
2026-07-29T04:53:53.666Z,cmrx9lhbn0007w96x99do9808,lora,43,1295,4680.6,0,102,-54,9.5
2026-07-29T04:53:57.587Z,cmrx9lhbn0007w96x99do9808,http,44,87,11678.16091954023,0,,-999,
2026-07-29T04:53:58.798Z,cmrx9lhbn0007w96x99do9808,lora,44,1297,4680.6,0,102,-57,9.75
2026-07-29T04:54:02.690Z,cmrx9lhbn0007w96x99do9808,http,45,53,19169.81132075472,0,,-999,
2026-07-29T04:54:03.931Z,cmrx9lhbn0007w96x99do9808,lora,45,1299,4680.6,0,102,-54,9.75
2026-07-29T04:54:07.812Z,cmrx9lhbn0007w96x99do9808,http,46,60,16933.33333333333,0,,-999,
2026-07-29T04:54:09.043Z,cmrx9lhbn0007w96x99do9808,lora,46,1291,4634.7,0,101,-56,10
2026-07-29T04:54:12.971Z,cmrx9lhbn0007w96x99do9808,http,47,77,13194.80519480519,0,,-999,
2026-07-29T04:54:14.192Z,cmrx9lhbn0007w96x99do9808,lora,47,1298,4680.6,0,102,-59,9.25
2026-07-29T04:54:18.135Z,cmrx9lhbn0007w96x99do9808,http,48,60,16933.33333333333,0,,-999,
2026-07-29T04:54:19.371Z,cmrx9lhbn0007w96x99do9808,lora,48,1296,4680.6,0,102,-55,9.5
2026-07-29T04:54:23.327Z,cmrx9lhbn0007w96x99do9808,http,49,81,12543.20987654321,0,,-999,
2026-07-29T04:54:24.539Z,cmrx9lhbn0007w96x99do9808,lora,49,1293,4680.6,0,102,-54,9.25
2026-07-29T04:54:28.500Z,cmrx9lhbn0007w96x99do9808,http,50,75,13546.66666666667,0,,-999,
2026-07-29T04:54:29.721Z,cmrx9lhbn0007w96x99do9808,lora,50,1296,4680.6,0,102,-54,9.5
2026-07-29T04:54:33.688Z,cmrx9lhbn0007w96x99do9808,http,51,91,11164.83516483517,0,,-999,
2026-07-29T04:54:34.893Z,cmrx9lhbn0007w96x99do9808,lora,51,1296,4680.6,0,102,-53,10.25
2026-07-29T04:54:38.855Z,cmrx9lhbn0007w96x99do9808,http,52,89,11415.73033707865,0,,-999,
2026-07-29T04:54:40.064Z,cmrx9lhbn0007w96x99do9808,lora,52,1297,4680.6,0,102,-51,9.25
2026-07-29T04:54:46.971Z,cmrx9lhbn0007w96x99do9808,http,53,84,12095.2380952381,0,,-999,
2026-07-29T04:54:48.183Z,cmrx9lhbn0007w96x99do9808,lora,53,1296,4634.7,0,101,-45,10
2026-07-29T04:54:52.502Z,cmrx9lhbn0007w96x99do9808,http,54,64,15875,0,,-999,
2026-07-29T04:54:53.727Z,cmrx9lhbn0007w96x99do9808,lora,54,1289,4634.7,0,101,-51,10
2026-07-29T04:55:00.665Z,cmrx9lhbn0007w96x99do9808,http,55,107,9495.327102803738,0,,-999,
2026-07-29T04:55:01.859Z,cmrx9lhbn0007w96x99do9808,lora,55,1302,4634.7,0,101,-46,10
2026-07-29T04:55:06.167Z,cmrx9lhbn0007w96x99do9808,http,56,59,17220.33898305085,0,,-999,
2026-07-29T04:55:07.403Z,cmrx9lhbn0007w96x99do9808,lora,56,1295,4680.6,0,102,-48,10
2026-07-29T04:55:14.617Z,cmrx9lhbn0007w96x99do9808,http,57,105,9676.190476190477,0,,-999,
2026-07-29T04:55:15.818Z,cmrx9lhbn0007w96x99do9808,lora,57,1306,4680.6,0,102,-49,9.75
2026-07-29T04:55:20.107Z,cmrx9lhbn0007w96x99do9808,http,58,48,21166.66666666667,0,,-999,
2026-07-29T04:55:21.351Z,cmrx9lhbn0007w96x99do9808,lora,58,1292,4680.6,0,102,-50,9.75
2026-07-29T04:55:28.346Z,cmrx9lhbn0007w96x99do9808,http,59,93,10924.7311827957,0,,-999,
2026-07-29T04:55:29.553Z,cmrx9lhbn0007w96x99do9808,lora,59,1299,4680.6,0,102,-52,9.75
2026-07-29T04:55:33.386Z,cmrx9lhbn0007w96x99do9808,http,60,75,13546.66666666667,0,,-999,
2026-07-29T04:55:34.598Z,cmrx9lhbn0007w96x99do9808,lora,60,1288,4634.7,0,101,-50,9.75
2026-07-29T04:55:38.545Z,cmrx9lhbn0007w96x99do9808,http,61,58,17517.24137931034,0,,-999,
2026-07-29T04:55:39.784Z,cmrx9lhbn0007w96x99do9808,lora,61,1297,4680.6,0,102,-51,10
2026-07-29T04:55:43.621Z,cmrx9lhbn0007w96x99do9808,http,62,93,10924.7311827957,0,,-999,
2026-07-29T04:55:44.828Z,cmrx9lhbn0007w96x99do9808,lora,62,1300,4680.6,0,102,-39,9.75
2026-07-29T04:55:51.422Z,cmrx9lhbn0007w96x99do9808,http,63,102,9960.78431372549,0,,-999,
2026-07-29T04:55:52.621Z,cmrx9lhbn0007w96x99do9808,lora,63,1301,4680.6,0,102,-39,10
2026-07-29T04:55:56.445Z,cmrx9lhbn0007w96x99do9808,http,64,72,14111.11111111111,0,,-999,
2026-07-29T04:55:57.669Z,cmrx9lhbn0007w96x99do9808,lora,64,1294,4680.6,0,102,-40,10
2026-07-29T04:56:04.987Z,cmrx9lhbn0007w96x99do9808,http,65,135,7525.925925925926,0,,-999,
2026-07-29T04:56:06.151Z,cmrx9lhbn0007w96x99do9808,lora,65,1299,4680.6,0,102,-40,9.75
2026-07-29T04:56:09.982Z,cmrx9lhbn0007w96x99do9808,http,66,70,14514.28571428571,0,,-999,
2026-07-29T04:56:13.197Z,cmrx9lhbn0007w96x99do9808,lora,66,3285,4634.7,0,101,-48,10.25
2026-07-29T04:56:15.174Z,cmrx9lhbn0007w96x99do9808,http,67,89,11415.73033707865,0,,-999,
2026-07-29T04:56:16.375Z,cmrx9lhbn0007w96x99do9808,lora,67,1290,4634.7,0,101,-51,10.25
2026-07-29T04:56:20.320Z,cmrx9lhbn0007w96x99do9808,http,68,58,17517.24137931034,0,,-999,
2026-07-29T04:56:21.549Z,cmrx9lhbn0007w96x99do9808,lora,68,1288,4634.7,0,101,-52,10
2026-07-29T04:56:26.536Z,cmrx9lhbn0007w96x99do9808,http,69,86,11813.95348837209,0,,-999,
2026-07-29T04:56:27.755Z,cmrx9lhbn0007w96x99do9808,lora,69,1305,4680.6,0,102,-48,9.5
2026-07-29T04:56:34.890Z,cmrx9lhbn0007w96x99do9808,http,70,80,12700,0,,-999,
2026-07-29T04:56:36.112Z,cmrx9lhbn0007w96x99do9808,lora,70,1302,4680.6,0,102,-72,9.25
2026-07-29T04:56:43.556Z,cmrx9lhbn0007w96x99do9808,http,71,95,10694.73684210526,0,,-999,
2026-07-29T04:56:44.760Z,cmrx9lhbn0007w96x99do9808,lora,71,1300,4680.6,0,102,-53,9.75
2026-07-29T04:56:48.586Z,cmrx9lhbn0007w96x99do9808,http,72,70,14514.28571428571,0,,-999,
2026-07-29T04:56:49.810Z,cmrx9lhbn0007w96x99do9808,lora,72,1293,4680.6,0,102,-46,9.75
2026-07-29T04:56:55.946Z,cmrx9lhbn0007w96x99do9808,http,73,96,10583.33333333333,0,,-999,
2026-07-29T04:56:57.150Z,cmrx9lhbn0007w96x99do9808,lora,73,1300,4680.6,0,102,-54,9.75
2026-07-29T04:57:01.015Z,cmrx9lhbn0007w96x99do9808,http,74,103,9864.077669902912,0,,-999,
2026-07-29T04:57:02.217Z,cmrx9lhbn0007w96x99do9808,lora,74,1306,4680.6,0,102,-45,10
2026-07-29T04:57:06.192Z,cmrx9lhbn0007w96x99do9808,http,75,109,9321.100917431193,0,,-999,
2026-07-29T04:57:07.379Z,cmrx9lhbn0007w96x99do9808,lora,75,1296,4680.6,0,102,-44,9.75
2026-07-29T04:57:11.324Z,cmrx9lhbn0007w96x99do9808,http,76,61,16655.73770491803,0,,-999,
2026-07-29T04:57:12.554Z,cmrx9lhbn0007w96x99do9808,lora,76,1291,4680.6,0,102,-48,9.5
2026-07-29T04:57:17.209Z,cmrx9lhbn0007w96x99do9808,http,77,51,19921.56862745098,0,,-999,
2026-07-29T04:57:18.450Z,cmrx9lhbn0007w96x99do9808,lora,77,1292,4680.6,0,102,-40,9.75
2026-07-29T04:57:25.623Z,cmrx9lhbn0007w96x99do9808,http,78,99,10262.62626262626,0,,-999,
2026-07-29T04:57:26.823Z,cmrx9lhbn0007w96x99do9808,lora,78,1301,4680.6,0,102,-47,9.75
2026-07-29T04:57:30.641Z,cmrx9lhbn0007w96x99do9808,http,79,66,15393.93939393939,0,,-999,
2026-07-29T04:57:31.869Z,cmrx9lhbn0007w96x99do9808,lora,79,1294,4680.6,0,102,-45,9.75
2026-07-29T04:57:35.842Z,cmrx9lhbn0007w96x99do9808,http,80,91,11164.83516483517,0,,-999,
2026-07-29T04:57:37.046Z,cmrx9lhbn0007w96x99do9808,lora,80,1295,4680.6,0,102,-42,9.75
2026-07-29T04:57:40.993Z,cmrx9lhbn0007w96x99do9808,http,81,68,14941.17647058824,0,,-999,
2026-07-29T04:57:42.208Z,cmrx9lhbn0007w96x99do9808,lora,81,1282,4633.1,0,98,-46,10.25
2026-07-29T04:57:46.186Z,cmrx9lhbn0007w96x99do9808,http,82,83,12240.96385542169,0,,-999,
2026-07-29T04:57:47.396Z,cmrx9lhbn0007w96x99do9808,lora,82,1293,4680.6,0,102,-50,9.75
2026-07-29T04:57:51.347Z,cmrx9lhbn0007w96x99do9808,http,83,69,14724.63768115942,0,,-999,
2026-07-29T04:57:52.570Z,cmrx9lhbn0007w96x99do9808,lora,83,1293,4680.6,0,102,-50,9.5
2026-07-29T04:57:56.531Z,cmrx9lhbn0007w96x99do9808,http,84,79,12860.75949367089,0,,-999,
2026-07-29T04:57:57.745Z,cmrx9lhbn0007w96x99do9808,lora,84,1294,4680.6,0,102,-46,10
2026-07-29T04:58:01.725Z,cmrx9lhbn0007w96x99do9808,http,85,99,10262.62626262626,0,,-999,
2026-07-29T04:58:02.921Z,cmrx9lhbn0007w96x99do9808,lora,85,1296,4680.6,0,102,-46,9.75
2026-07-29T04:58:06.902Z,cmrx9lhbn0007w96x99do9808,http,86,105,9676.190476190477,0,,-999,
2026-07-29T04:58:08.090Z,cmrx9lhbn0007w96x99do9808,lora,86,1293,4680.6,0,102,-47,10
2026-07-29T04:58:12.053Z,cmrx9lhbn0007w96x99do9808,http,87,76,13368.42105263158,0,,-999,
2026-07-29T04:58:13.267Z,cmrx9lhbn0007w96x99do9808,lora,87,1291,4680.6,0,102,-51,10.25
2026-07-29T04:58:17.210Z,cmrx9lhbn0007w96x99do9808,http,88,59,17220.33898305085,0,,-999,
2026-07-29T04:58:18.436Z,cmrx9lhbn0007w96x99do9808,lora,88,1285,4633.1,0,98,-53,9.75
2026-07-29T04:58:22.505Z,cmrx9lhbn0007w96x99do9808,http,89,102,9960.78431372549,0,,-999,
2026-07-29T04:58:23.695Z,cmrx9lhbn0007w96x99do9808,lora,89,1292,4680.6,0,102,-52,10
2026-07-29T04:58:28.016Z,cmrx9lhbn0007w96x99do9808,http,90,65,15630.76923076923,0,,-999,
2026-07-29T04:58:29.247Z,cmrx9lhbn0007w96x99do9808,lora,90,1296,4680.6,0,102,-50,9.75
2026-07-29T04:58:33.187Z,cmrx9lhbn0007w96x99do9808,http,91,68,14941.17647058824,0,,-999,
2026-07-29T04:58:34.410Z,cmrx9lhbn0007w96x99do9808,lora,91,1291,4680.6,0,102,-52,10
2026-07-29T04:58:38.353Z,cmrx9lhbn0007w96x99do9808,http,92,56,18142.85714285714,0,,-999,
2026-07-29T04:58:39.593Z,cmrx9lhbn0007w96x99do9808,lora,92,1296,4680.6,0,102,-54,9.5
2026-07-29T04:58:44.563Z,cmrx9lhbn0007w96x99do9808,http,93,157,6471.337579617834,0,,-999,
2026-07-29T04:58:45.702Z,cmrx9lhbn0007w96x99do9808,lora,93,1296,4680.6,0,102,-46,9.5
2026-07-29T04:58:52.344Z,cmrx9lhbn0007w96x99do9808,http,94,106,9584.905660377359,0,,-999,
2026-07-29T04:58:53.543Z,cmrx9lhbn0007w96x99do9808,lora,94,1305,4680.6,0,102,-47,10.25
2026-07-29T04:58:57.569Z,cmrx9lhbn0007w96x99do9808,http,95,84,12095.2380952381,0,,-999,
2026-07-29T04:58:58.776Z,cmrx9lhbn0007w96x99do9808,lora,95,1292,4680.6,0,102,-45,10
2026-07-29T04:59:02.804Z,cmrx9lhbn0007w96x99do9808,http,96,61,16655.73770491803,0,,-999,
2026-07-29T04:59:04.035Z,cmrx9lhbn0007w96x99do9808,lora,96,1292,4680.6,0,102,-45,9.75
2026-07-29T04:59:07.866Z,cmrx9lhbn0007w96x99do9808,http,97,79,12860.75949367089,0,,-999,
2026-07-29T04:59:09.081Z,cmrx9lhbn0007w96x99do9808,lora,97,1294,4680.6,0,102,-44,9.5
2026-07-29T04:59:12.899Z,cmrx9lhbn0007w96x99do9808,http,98,61,16655.73770491803,0,,-999,
2026-07-29T04:59:14.134Z,cmrx9lhbn0007w96x99do9808,lora,98,1294,4680.6,0,102,-43,9.75
2026-07-29T04:59:18.080Z,cmrx9lhbn0007w96x99do9808,http,99,67,15164.17910447761,0,,-999,
2026-07-29T04:59:19.307Z,cmrx9lhbn0007w96x99do9808,lora,99,1294,4680.6,0,102,-42,10
2026-07-29T04:59:23.290Z,cmrx9lhbn0007w96x99do9808,http,100,102,9960.78431372549,0,,-999,
2026-07-29T04:59:24.483Z,cmrx9lhbn0007w96x99do9808,lora,100,1295,4726.5,0,103,-42,10.25
2026-07-29T04:59:29.589Z,cmrx9lhbn0007w96x99do9808,http,101,135,7525.925925925926,0,,-999,
2026-07-29T04:59:30.752Z,cmrx9lhbn0007w96x99do9808,lora,101,1298,4726.5,0,103,-37,9.5
2026-07-29T04:59:38.805Z,cmrx9lhbn0007w96x99do9808,http,102,126,8063.492063492064,0,,-999,
2026-07-29T04:59:39.978Z,cmrx9lhbn0007w96x99do9808,lora,102,1299,4726.5,0,103,-43,9.5
2026-07-29T04:59:44.272Z,cmrx9lhbn0007w96x99do9808,http,103,51,19921.56862745098,0,,-999,
2026-07-29T04:59:45.517Z,cmrx9lhbn0007w96x99do9808,lora,103,1295,4726.5,0,103,-37,10.25
2026-07-29T04:59:49.325Z,cmrx9lhbn0007w96x99do9808,http,104,58,17517.24137931034,0,,-999,
2026-07-29T04:59:50.561Z,cmrx9lhbn0007w96x99do9808,lora,104,1293,4726.5,0,103,-40,10
2026-07-29T04:59:54.369Z,cmrx9lhbn0007w96x99do9808,http,105,50,20320,0,,-999,
2026-07-29T04:59:55.611Z,cmrx9lhbn0007w96x99do9808,lora,105,1293,4726.5,0,103,-40,9.75
2026-07-29T05:00:00.880Z,cmrx9lhbn0007w96x99do9808,http,106,91,11164.83516483517,0,,-999,
2026-07-29T05:00:02.107Z,cmrx9lhbn0007w96x99do9808,lora,106,1319,4680.6,0,102,-52,9.5
2026-07-29T05:00:05.906Z,cmrx9lhbn0007w96x99do9808,http,107,59,17220.33898305085,0,,-999,
2026-07-29T05:00:07.144Z,cmrx9lhbn0007w96x99do9808,lora,107,1298,4726.5,0,103,-52,9.75
2026-07-29T05:00:12.412Z,cmrx9lhbn0007w96x99do9808,http,108,93,10924.7311827957,0,,-999,
2026-07-29T05:00:13.623Z,cmrx9lhbn0007w96x99do9808,lora,108,1305,4726.5,0,103,-45,9.75
2026-07-29T05:00:17.489Z,cmrx9lhbn0007w96x99do9808,http,109,107,9495.327102803738,0,,-999,
2026-07-29T05:00:18.678Z,cmrx9lhbn0007w96x99do9808,lora,109,1295,4726.5,0,103,-56,9.5
2026-07-29T05:00:25.292Z,cmrx9lhbn0007w96x99do9808,http,110,85,11952.94117647059,0,,-999,
2026-07-29T05:00:26.502Z,cmrx9lhbn0007w96x99do9808,lora,110,1295,4634.7,0,101,-55,10
2026-07-29T05:00:30.837Z,cmrx9lhbn0007w96x99do9808,http,111,84,12095.2380952381,0,,-999,
2026-07-29T05:00:32.051Z,cmrx9lhbn0007w96x99do9808,lora,111,1298,4680.6,0,102,-54,9.25
2026-07-29T05:00:37.044Z,cmrx9lhbn0007w96x99do9808,http,112,115,8834.782608695652,0,,-999,
2026-07-29T05:00:38.229Z,cmrx9lhbn0007w96x99do9808,lora,112,1300,4680.8,0,105,-46,10.25
2026-07-29T05:00:45.385Z,cmrx9lhbn0007w96x99do9808,http,113,100,10160,0,,-999,
2026-07-29T05:00:46.589Z,cmrx9lhbn0007w96x99do9808,lora,113,1304,4588.8,0,100,-45,9.75
2026-07-29T05:00:50.421Z,cmrx9lhbn0007w96x99do9808,http,114,78,13025.64102564103,0,,-999,
2026-07-29T05:00:51.634Z,cmrx9lhbn0007w96x99do9808,lora,114,1291,4588.8,0,100,-45,9.5
2026-07-29T05:00:55.587Z,cmrx9lhbn0007w96x99do9808,http,115,71,14309.85915492958,0,,-999,
2026-07-29T05:00:56.807Z,cmrx9lhbn0007w96x99do9808,lora,115,1291,4588.8,0,100,-45,9.5
2026-07-29T05:01:00.772Z,cmrx9lhbn0007w96x99do9808,http,116,82,12390.24390243902,0,,-999,
2026-07-29T05:01:01.983Z,cmrx9lhbn0007w96x99do9808,lora,116,1292,4726.5,0,103,-53,9.5
2026-07-29T05:01:06.641Z,cmrx9lhbn0007w96x99do9808,http,117,56,18142.85714285714,0,,-999,
2026-07-29T05:01:07.878Z,cmrx9lhbn0007w96x99do9808,lora,117,1293,4726.5,0,103,-48,9
2026-07-29T05:01:15.024Z,cmrx9lhbn0007w96x99do9808,http,118,82,12390.24390243902,0,,-999,
2026-07-29T05:01:16.243Z,cmrx9lhbn0007w96x99do9808,lora,118,1302,4726.5,0,103,-45,10
2026-07-29T05:01:20.059Z,cmrx9lhbn0007w96x99do9808,http,119,54,18814.81481481481,0,,-999,
2026-07-29T05:01:21.299Z,cmrx9lhbn0007w96x99do9808,lora,119,1294,4726.5,0,103,-47,9.75
2026-07-29T05:01:25.230Z,cmrx9lhbn0007w96x99do9808,http,120,55,18472.72727272727,0,,-999,
2026-07-29T05:01:26.470Z,cmrx9lhbn0007w96x99do9808,lora,120,1294,4726.5,0,103,-39,10
2026-07-29T05:01:30.413Z,cmrx9lhbn0007w96x99do9808,http,121,60,16933.33333333333,0,,-999,
2026-07-29T05:01:31.646Z,cmrx9lhbn0007w96x99do9808,lora,121,1293,4726.5,0,103,-41,9.75
2026-07-29T05:01:35.591Z,cmrx9lhbn0007w96x99do9808,http,122,62,16387.09677419355,0,,-999,
2026-07-29T05:01:36.827Z,cmrx9lhbn0007w96x99do9808,lora,122,1299,4726.5,0,103,-43,9
2026-07-29T05:01:43.216Z,cmrx9lhbn0007w96x99do9808,http,123,146,6958.904109589041,0,,-999,
2026-07-29T05:01:44.374Z,cmrx9lhbn0007w96x99do9808,lora,123,1304,4726.5,0,103,-48,9.5
2026-07-29T05:01:48.685Z,cmrx9lhbn0007w96x99do9808,http,124,65,15630.76923076923,0,,-999,
2026-07-29T05:01:49.915Z,cmrx9lhbn0007w96x99do9808,lora,124,1295,4726.5,0,103,-46,9.75
2026-07-29T05:01:56.245Z,cmrx9lhbn0007w96x99do9808,http,125,93,10924.7311827957,0,,-999,
2026-07-29T05:01:57.448Z,cmrx9lhbn0007w96x99do9808,lora,125,1297,4726.5,0,103,-50,9.75
2026-07-29T05:02:04.108Z,cmrx9lhbn0007w96x99do9808,http,126,129,7875.968992248062,0,,-999,
2026-07-29T05:02:05.277Z,cmrx9lhbn0007w96x99do9808,lora,126,1298,4726.5,0,103,-47,9.75
2026-07-29T05:04:45.560Z,cmrx9lhbn0007w96x99do9808,http,1,145,7006.896551724138,0,,-999,
2026-07-29T05:04:46.721Z,cmrx9lhbn0007w96x99do9808,lora,1,1306,4634.7,0,101,-40,9.5
2026-07-29T05:04:53.218Z,cmrx9lhbn0007w96x99do9808,http,2,125,8128,0,,-999,
2026-07-29T05:04:54.388Z,cmrx9lhbn0007w96x99do9808,lora,2,1295,4634.7,0,101,-44,9.25
2026-07-29T05:04:58.213Z,cmrx9lhbn0007w96x99do9808,http,3,66,15393.93939393939,0,,-999,
2026-07-29T05:04:59.436Z,cmrx9lhbn0007w96x99do9808,lora,3,1289,4634.7,0,101,-39,10
2026-07-29T05:05:03.302Z,cmrx9lhbn0007w96x99do9808,http,4,116,8758.620689655172,0,,-999,
2026-07-29T05:05:04.472Z,cmrx9lhbn0007w96x99do9808,lora,4,1285,4634.7,0,101,-43,9.5
2026-07-29T05:05:11.929Z,cmrx9lhbn0007w96x99do9808,http,5,96,10583.33333333333,0,,-999,
2026-07-29T05:05:13.130Z,cmrx9lhbn0007w96x99do9808,lora,5,1296,4634.7,0,101,-60,9.5
2026-07-29T05:05:29.507Z,cmrx9lhbn0007w96x99do9808,http,1,115,8834.782608695652,0,,-999,
2026-07-29T05:05:30.686Z,cmrx9lhbn0007w96x99do9808,lora,1,1294,4634.7,0,101,-58,9.5
2026-07-29T05:05:32.462Z,cmrx9lhbn0007w96x99do9808,http,2,54,18814.81481481481,0,,-999,
2026-07-29T05:05:33.698Z,cmrx9lhbn0007w96x99do9808,lora,2,1289,4634.7,0,101,-56,10.25
2026-07-29T05:05:37.615Z,cmrx9lhbn0007w96x99do9808,http,3,76,13368.42105263158,0,,-999,
2026-07-29T05:05:38.821Z,cmrx9lhbn0007w96x99do9808,lora,3,1284,4634.7,0,101,-56,10.25
2026-07-29T05:05:42.741Z,cmrx9lhbn0007w96x99do9808,http,4,65,15630.76923076923,0,,-999,
2026-07-29T05:05:43.967Z,cmrx9lhbn0007w96x99do9808,lora,4,1291,4634.7,0,101,-56,12.5
2026-07-29T05:05:50.408Z,cmrx9lhbn0007w96x99do9808,http,5,121,8396.694214876034,0,,-999,
2026-07-29T05:05:51.579Z,cmrx9lhbn0007w96x99do9808,lora,5,1292,4634.7,0,101,-60,9.75
2026-07-29T05:05:55.442Z,cmrx9lhbn0007w96x99do9808,http,6,92,11043.47826086957,0,,-999,
2026-07-29T05:05:56.633Z,cmrx9lhbn0007w96x99do9808,lora,6,1283,4634.7,0,101,-46,10
2026-07-29T05:06:00.579Z,cmrx9lhbn0007w96x99do9808,http,7,53,19169.81132075472,0,,-999,
2026-07-29T05:06:01.824Z,cmrx9lhbn0007w96x99do9808,lora,7,1296,4634.7,0,101,-45,9.75
2026-07-29T05:06:05.760Z,cmrx9lhbn0007w96x99do9808,http,8,56,18142.85714285714,0,,-999,
2026-07-29T05:06:06.994Z,cmrx9lhbn0007w96x99do9808,lora,8,1289,4634.7,0,101,-45,9.5
2026-07-29T05:06:10.948Z,cmrx9lhbn0007w96x99do9808,http,9,69,14724.63768115942,0,,-999,
2026-07-29T05:06:12.164Z,cmrx9lhbn0007w96x99do9808,lora,9,1285,4634.7,0,101,-45,10
2026-07-29T05:06:16.103Z,cmrx9lhbn0007w96x99do9808,http,10,53,19169.81132075472,0,,-999,
2026-07-29T05:06:17.344Z,cmrx9lhbn0007w96x99do9808,lora,10,1293,4680.6,0,102,-53,9.75
2026-07-29T05:06:21.272Z,cmrx9lhbn0007w96x99do9808,http,11,50,20320,0,,-999,
2026-07-29T05:06:22.511Z,cmrx9lhbn0007w96x99do9808,lora,11,1290,4680.6,0,102,-52,10.25
2026-07-29T05:06:26.842Z,cmrx9lhbn0007w96x99do9808,http,12,80,12700,0,,-999,
2026-07-29T05:06:28.054Z,cmrx9lhbn0007w96x99do9808,lora,12,1292,4680.6,0,102,-46,10.25
2026-07-29T05:06:32.385Z,cmrx9lhbn0007w96x99do9808,http,13,77,13194.80519480519,0,,-999,
2026-07-29T05:06:33.597Z,cmrx9lhbn0007w96x99do9808,lora,13,1289,4680.6,0,102,-52,9.75
2026-07-29T05:06:39.962Z,cmrx9lhbn0007w96x99do9808,http,14,119,8537.81512605042,0,,-999,
2026-07-29T05:06:41.139Z,cmrx9lhbn0007w96x99do9808,lora,14,1296,4680.6,0,102,-49,9.5
2026-07-29T05:06:45.452Z,cmrx9lhbn0007w96x99do9808,http,15,61,16655.73770491803,0,,-999,
2026-07-29T05:06:46.685Z,cmrx9lhbn0007w96x99do9808,lora,15,1294,4680.6,0,102,-45,9.5
2026-07-29T05:06:50.624Z,cmrx9lhbn0007w96x99do9808,http,16,63,16126.98412698413,0,,-999,
2026-07-29T05:06:51.847Z,cmrx9lhbn0007w96x99do9808,lora,16,1286,4634.7,0,101,-48,9.25
2026-07-29T05:06:55.818Z,cmrx9lhbn0007w96x99do9808,http,17,83,12240.96385542169,0,,-999,
2026-07-29T05:06:57.030Z,cmrx9lhbn0007w96x99do9808,lora,17,1295,4680.6,0,102,-48,9.5
2026-07-29T05:07:00.969Z,cmrx9lhbn0007w96x99do9808,http,18,58,17517.24137931034,0,,-999,
2026-07-29T05:07:02.209Z,cmrx9lhbn0007w96x99do9808,lora,18,1297,4680.6,0,102,-62,9.25
2026-07-29T05:07:06.028Z,cmrx9lhbn0007w96x99do9808,http,19,77,13194.80519480519,0,,-999,
2026-07-29T05:07:07.233Z,cmrx9lhbn0007w96x99do9808,lora,19,1281,4633.1,0,98,-54,9.75
2026-07-29T05:07:14.451Z,cmrx9lhbn0007w96x99do9808,http,20,140,7257.142857142857,0,,-999,
2026-07-29T05:07:15.610Z,cmrx9lhbn0007w96x99do9808,lora,20,1299,4680.6,0,102,-49,9.5
2026-07-29T05:07:22.204Z,cmrx9lhbn0007w96x99do9808,lora,21,2831,4680.6,0,102,-61,9.5
2026-07-29T05:07:25.362Z,cmrx9lhbn0007w96x99do9808,http,22,95,10694.73684210526,0,,-999,
2026-07-29T05:07:26.562Z,cmrx9lhbn0007w96x99do9808,lora,22,1294,4680.6,0,102,-52,9.75
2026-07-29T05:07:30.412Z,cmrx9lhbn0007w96x99do9808,http,23,89,11415.73033707865,0,,-999,
2026-07-29T05:07:31.616Z,cmrx9lhbn0007w96x99do9808,lora,23,1293,4680.6,0,102,-63,9.5
2026-07-29T05:07:36.607Z,cmrx9lhbn0007w96x99do9808,http,24,100,10160,0,,-999,
2026-07-29T05:07:37.808Z,cmrx9lhbn0007w96x99do9808,lora,24,1301,4680.6,0,102,-57,9.75
2026-07-29T05:07:41.628Z,cmrx9lhbn0007w96x99do9808,http,25,62,16387.09677419355,0,,-999,
2026-07-29T05:07:42.858Z,cmrx9lhbn0007w96x99do9808,lora,25,1292,4680.6,0,102,-42,9.75
2026-07-29T05:07:46.810Z,cmrx9lhbn0007w96x99do9808,http,26,72,14111.11111111111,0,,-999,
2026-07-29T05:07:48.035Z,cmrx9lhbn0007w96x99do9808,lora,26,1297,4680.6,0,102,-47,9.75
2026-07-29T05:07:51.984Z,cmrx9lhbn0007w96x99do9808,http,27,71,14309.85915492958,0,,-999,
2026-07-29T05:07:53.204Z,cmrx9lhbn0007w96x99do9808,lora,27,1292,4680.6,0,102,-50,9.75
2026-07-29T05:07:57.148Z,cmrx9lhbn0007w96x99do9808,http,28,61,16655.73770491803,0,,-999,
2026-07-29T05:07:58.379Z,cmrx9lhbn0007w96x99do9808,lora,28,1292,4680.6,0,102,-48,9.5
2026-07-29T05:08:04.142Z,cmrx9lhbn0007w96x99do9808,http,29,93,10924.7311827957,0,,-999,
2026-07-29T05:08:05.348Z,cmrx9lhbn0007w96x99do9808,lora,29,1299,4680.6,0,102,-47,9.75
2026-07-29T05:08:09.710Z,cmrx9lhbn0007w96x99do9808,http,30,113,8991.150442477876,0,,-999,
2026-07-29T05:08:10.883Z,cmrx9lhbn0007w96x99do9808,lora,30,1286,4634.7,0,101,-42,10
2026-07-29T05:08:14.821Z,cmrx9lhbn0007w96x99do9808,http,31,59,17220.33898305085,0,,-999,
2026-07-29T05:08:16.056Z,cmrx9lhbn0007w96x99do9808,lora,31,1294,4680.6,0,102,-43,9.25
2026-07-29T05:08:19.898Z,cmrx9lhbn0007w96x99do9808,http,32,95,10694.73684210526,0,,-999,
2026-07-29T05:08:21.095Z,cmrx9lhbn0007w96x99do9808,lora,32,1292,4680.6,0,102,-43,9.25
2026-07-29T05:08:28.254Z,cmrx9lhbn0007w96x99do9808,http,33,88,11545.45454545455,0,,-999,
2026-07-29T05:08:29.463Z,cmrx9lhbn0007w96x99do9808,lora,33,1298,4680.6,0,102,-45,9.5
2026-07-29T05:08:33.309Z,cmrx9lhbn0007w96x99do9808,http,34,85,11952.94117647059,0,,-999,
2026-07-29T05:08:34.519Z,cmrx9lhbn0007w96x99do9808,lora,34,1293,4680.6,0,102,-43,9.5
2026-07-29T05:08:40.950Z,cmrx9lhbn0007w96x99do9808,http,35,105,9676.190476190477,0,,-999,
2026-07-29T05:08:42.137Z,cmrx9lhbn0007w96x99do9808,lora,35,1292,4634.7,0,101,-46,9.75
2026-07-29T05:08:45.950Z,cmrx9lhbn0007w96x99do9808,http,36,51,19921.56862745098,0,,-999,
2026-07-29T05:08:47.184Z,cmrx9lhbn0007w96x99do9808,lora,36,1285,4633.1,0,98,-49,10.5
2026-07-29T05:08:51.168Z,cmrx9lhbn0007w96x99do9808,http,37,93,10924.7311827957,0,,-999,
2026-07-29T05:08:52.354Z,cmrx9lhbn0007w96x99do9808,lora,37,1280,4633.1,0,98,-42,9.75
2026-07-29T05:08:59.014Z,cmrx9lhbn0007w96x99do9808,http,38,112,9071.42857142857,0,,-999,
2026-07-29T05:09:00.206Z,cmrx9lhbn0007w96x99do9808,lora,38,1304,4680.6,0,102,-44,9
2026-07-29T05:09:04.536Z,cmrx9lhbn0007w96x99do9808,http,39,83,12240.96385542169,0,,-999,
2026-07-29T05:09:05.746Z,cmrx9lhbn0007w96x99do9808,lora,39,1293,4680.6,0,102,-42,9.75
2026-07-29T05:09:09.672Z,cmrx9lhbn0007w96x99do9808,http,40,52,19538.46153846154,0,,-999,
2026-07-29T05:09:10.907Z,cmrx9lhbn0007w96x99do9808,lora,40,1287,4634.7,0,101,-42,10
2026-07-29T05:09:19.566Z,cmrx9lhbn0007w96x99do9808,http,41,110,9236.363636363636,0,,-999,
2026-07-29T05:09:20.756Z,cmrx9lhbn0007w96x99do9808,lora,41,1300,4680.6,0,102,-44,9.5
2026-07-29T05:09:25.090Z,cmrx9lhbn0007w96x99do9808,http,42,79,12860.75949367089,0,,-999,
2026-07-29T05:09:26.302Z,cmrx9lhbn0007w96x99do9808,lora,42,1291,4680.6,0,102,-54,9.5
2026-07-29T05:09:30.261Z,cmrx9lhbn0007w96x99do9808,http,43,85,11952.94117647059,0,,-999,
2026-07-29T05:09:31.458Z,cmrx9lhbn0007w96x99do9808,lora,43,1282,4633.1,0,98,-42,10.25
2026-07-29T05:09:35.270Z,cmrx9lhbn0007w96x99do9808,http,44,54,18814.81481481481,0,,-999,
2026-07-29T05:09:36.507Z,cmrx9lhbn0007w96x99do9808,lora,44,1291,4680.6,0,102,-50,9.25
2026-07-29T05:09:40.372Z,cmrx9lhbn0007w96x99do9808,http,45,90,11288.88888888889,0,,-999,
2026-07-29T05:09:41.575Z,cmrx9lhbn0007w96x99do9808,lora,45,1294,4680.6,0,102,-55,9
2026-07-29T05:09:45.512Z,cmrx9lhbn0007w96x99do9808,http,46,58,17517.24137931034,0,,-999,
2026-07-29T05:09:46.740Z,cmrx9lhbn0007w96x99do9808,lora,46,1286,4634.7,0,101,-55,9.5
2026-07-29T05:09:50.701Z,cmrx9lhbn0007w96x99do9808,http,47,69,14724.63768115942,0,,-999,
2026-07-29T05:09:51.918Z,cmrx9lhbn0007w96x99do9808,lora,47,1286,4634.7,0,101,-57,9.5
2026-07-29T05:09:55.929Z,cmrx9lhbn0007w96x99do9808,http,48,112,9071.42857142857,0,,-999,
2026-07-29T05:09:57.104Z,cmrx9lhbn0007w96x99do9808,lora,48,1287,4634.7,0,101,-57,9.75
2026-07-29T05:10:01.170Z,cmrx9lhbn0007w96x99do9808,http,49,188,5404.255319148936,0,,-999,
2026-07-29T05:10:02.293Z,cmrx9lhbn0007w96x99do9808,lora,49,1309,4634.7,0,101,-49,9.5
2026-07-29T05:10:06.241Z,cmrx9lhbn0007w96x99do9808,http,50,86,11813.95348837209,0,,-999,
2026-07-29T05:10:07.442Z,cmrx9lhbn0007w96x99do9808,lora,50,1288,4634.7,0,101,-60,10
2026-07-29T05:11:15.290Z,cmrx9lhbn0007w96x99do9808,http,1,91,11164.83516483517,0,,-999,
2026-07-29T05:11:16.500Z,cmrx9lhbn0007w96x99do9808,lora,1,1301,4634.7,0,101,-55,9.5
2026-07-29T05:11:22.895Z,cmrx9lhbn0007w96x99do9808,http,2,95,10694.73684210526,0,,-999,
2026-07-29T05:11:24.093Z,cmrx9lhbn0007w96x99do9808,lora,2,1292,4634.7,0,101,-48,9.75
2026-07-29T05:11:27.914Z,cmrx9lhbn0007w96x99do9808,http,3,65,15630.76923076923,0,,-999,
2026-07-29T05:11:29.129Z,cmrx9lhbn0007w96x99do9808,lora,3,1280,4680.2,0,96,-51,9.75
2026-07-29T05:11:36.142Z,cmrx9lhbn0007w96x99do9808,http,4,102,9960.78431372549,0,,-999,
2026-07-29T05:11:37.329Z,cmrx9lhbn0007w96x99do9808,lora,4,1288,4585.9,0,97,-53,9.5
2026-07-29T05:11:41.157Z,cmrx9lhbn0007w96x99do9808,http,5,56,18142.85714285714,0,,-999,
2026-07-29T05:11:42.389Z,cmrx9lhbn0007w96x99do9808,lora,5,1288,4634.7,0,101,-55,9.75
2026-07-29T05:11:46.333Z,cmrx9lhbn0007w96x99do9808,http,6,63,16126.98412698413,0,,-999,
2026-07-29T05:11:47.549Z,cmrx9lhbn0007w96x99do9808,lora,6,1279,4585.9,0,97,-58,9.75
2026-07-29T05:38:05.887Z,cmrx9lhbn0007w96x99do9808,http,1,96,10583.33333333333,0,,-999,
2026-07-29T05:38:07.032Z,cmrx9lhbn0007w96x99do9808,http,2,32,31750,0,,-999,
2026-07-29T05:38:07.123Z,cmrx9lhbn0007w96x99do9808,lora,1,1333,4637.7,0,107,-44,9.75
2026-07-29T05:38:08.345Z,cmrx9lhbn0007w96x99do9808,lora,2,1345,4725.4,0,106,-46,10.5
2026-07-29T05:38:12.893Z,cmrx9lhbn0007w96x99do9808,http,3,29,35034.48275862069,0,,-999,
2026-07-29T05:38:14.160Z,cmrx9lhbn0007w96x99do9808,lora,3,1296,4637.7,0,107,-45,9.5
2026-07-29T05:38:18.035Z,cmrx9lhbn0007w96x99do9808,http,4,29,35034.48275862069,0,,-999,
2026-07-29T05:38:19.299Z,cmrx9lhbn0007w96x99do9808,lora,4,1293,4680.8,0,105,-40,10.25
2026-07-29T05:38:23.183Z,cmrx9lhbn0007w96x99do9808,http,5,29,35034.48275862069,0,,-999,
2026-07-29T05:38:24.445Z,cmrx9lhbn0007w96x99do9808,lora,5,1291,4680.8,0,105,-40,10.5
2026-07-29T05:43:06.559Z,cmrx9lhbn0007w96x99do9808,http,1,91,11164.83516483517,0,,-999,
2026-07-29T05:43:07.799Z,cmrx9lhbn0007w96x99do9808,lora,1,1332,4637.7,0,107,-46,10.25
2026-07-29T05:43:08.335Z,cmrx9lhbn0007w96x99do9808,http,2,34,29882.35294117647,0,,-999,
2026-07-29T05:43:09.602Z,cmrx9lhbn0007w96x99do9808,lora,2,1301,4681,0,108,-41,10
2026-07-29T05:43:13.557Z,cmrx9lhbn0007w96x99do9808,http,3,36,28222.22222222222,0,,-999,
2026-07-29T05:43:14.819Z,cmrx9lhbn0007w96x99do9808,lora,3,1298,4681,0,108,-53,9.75
2026-07-29T05:43:23.032Z,cmrx9lhbn0007w96x99do9808,http,4,41,24780.48780487805,0,,-999,
2026-07-29T05:43:24.295Z,cmrx9lhbn0007w96x99do9808,lora,4,1304,4681,0,108,-48,9.5
2026-07-29T05:43:30.911Z,cmrx9lhbn0007w96x99do9808,http,5,40,25400,0,,-999,
2026-07-29T05:43:32.175Z,cmrx9lhbn0007w96x99do9808,lora,5,1303,4681,0,108,-47,10
2026-07-29T05:43:38.229Z,cmrx9lhbn0007w96x99do9808,http,6,42,24190.47619047619,0,,-999,
2026-07-29T05:43:39.490Z,cmrx9lhbn0007w96x99do9808,lora,6,1303,4681,0,108,-45,9.5
2026-07-29T05:43:43.791Z,cmrx9lhbn0007w96x99do9808,http,7,33,30787.87878787879,0,,-999,
2026-07-29T05:43:45.057Z,cmrx9lhbn0007w96x99do9808,lora,7,1299,4637.7,0,107,-53,9.75
2026-07-29T05:43:51.107Z,cmrx9lhbn0007w96x99do9808,http,8,38,26736.84210526316,0,,-999,
2026-07-29T05:43:52.372Z,cmrx9lhbn0007w96x99do9808,lora,8,1303,4681,0,108,-50,9.5
2026-07-29T05:43:56.672Z,cmrx9lhbn0007w96x99do9808,http,9,31,32774.1935483871,0,,-999,
2026-07-29T05:43:57.939Z,cmrx9lhbn0007w96x99do9808,lora,9,1298,4725.4,0,106,-47,10.25
2026-07-29T05:44:01.990Z,cmrx9lhbn0007w96x99do9808,http,10,37,27459.45945945946,0,,-999,
2026-07-29T05:44:03.256Z,cmrx9lhbn0007w96x99do9808,lora,10,1303,4637.7,0,107,-51,9.5
2026-07-29T05:44:07.231Z,cmrx9lhbn0007w96x99do9808,http,11,34,29882.35294117647,0,,-999,
2026-07-29T05:44:08.502Z,cmrx9lhbn0007w96x99do9808,lora,11,1304,4724.3,0,109,-48,9.5
2026-07-29T05:44:12.373Z,cmrx9lhbn0007w96x99do9808,http,12,36,28222.22222222222,0,,-999,
2026-07-29T05:44:13.646Z,cmrx9lhbn0007w96x99do9808,lora,12,1308,4767.7,0,110,-45,9.75
2026-07-29T05:44:17.512Z,cmrx9lhbn0007w96x99do9808,http,13,34,29882.35294117647,0,,-999,
2026-07-29T05:44:18.778Z,cmrx9lhbn0007w96x99do9808,lora,13,1299,4681,0,108,-45,9.5
2026-07-29T05:44:27.003Z,cmrx9lhbn0007w96x99do9808,http,14,46,22086.95652173913,0,,-999,
2026-07-29T05:44:28.269Z,cmrx9lhbn0007w96x99do9808,lora,14,1313,4724.3,0,109,-46,9.75
2026-07-29T05:44:32.550Z,cmrx9lhbn0007w96x99do9808,http,15,34,29882.35294117647,0,,-999,
2026-07-29T05:44:33.822Z,cmrx9lhbn0007w96x99do9808,lora,15,1306,4724.3,0,109,-44,9.75
2026-07-29T05:44:37.866Z,cmrx9lhbn0007w96x99do9808,http,16,35,29028.57142857143,0,,-999,
2026-07-29T05:44:39.141Z,cmrx9lhbn0007w96x99do9808,lora,16,1310,4724.3,0,109,-46,9.75
2026-07-29T05:44:43.118Z,cmrx9lhbn0007w96x99do9808,http,17,36,28222.22222222222,0,,-999,
2026-07-29T05:44:44.385Z,cmrx9lhbn0007w96x99do9808,lora,17,1303,4681,0,108,-71,9.25
2026-07-29T05:44:51.965Z,cmrx9lhbn0007w96x99do9808,http,18,47,21617.02127659574,0,,-999,
2026-07-29T05:44:53.225Z,cmrx9lhbn0007w96x99do9808,lora,18,1308,4724.3,0,109,-44,9.5
2026-07-29T05:44:57.528Z,cmrx9lhbn0007w96x99do9808,http,19,37,27459.45945945946,0,,-999,
2026-07-29T05:44:58.798Z,cmrx9lhbn0007w96x99do9808,lora,19,1307,4724.3,0,109,-53,9.5
2026-07-29T05:45:02.668Z,cmrx9lhbn0007w96x99do9808,http,20,40,25400,0,,-999,
2026-07-29T05:45:03.941Z,cmrx9lhbn0007w96x99do9808,lora,20,1312,4724.3,0,109,-43,9.75
2026-07-29T05:45:08.298Z,cmrx9lhbn0007w96x99do9808,http,21,36,28222.22222222222,0,,-999,
2026-07-29T05:45:09.573Z,cmrx9lhbn0007w96x99do9808,lora,21,1311,4724.3,0,109,-47,9.75
2026-07-29T05:45:13.870Z,cmrx9lhbn0007w96x99do9808,http,22,42,24190.47619047619,0,,-999,
2026-07-29T05:45:15.133Z,cmrx9lhbn0007w96x99do9808,lora,22,1305,4637.7,0,107,-51,9.75
2026-07-29T05:45:19.012Z,cmrx9lhbn0007w96x99do9808,http,23,43,23627.90697674419,0,,-999,
2026-07-29T05:45:20.278Z,cmrx9lhbn0007w96x99do9808,lora,23,1309,4724.3,0,109,-55,9.75
2026-07-29T05:45:24.152Z,cmrx9lhbn0007w96x99do9808,http,24,39,26051.28205128205,0,,-999,
2026-07-29T05:45:25.423Z,cmrx9lhbn0007w96x99do9808,lora,24,1309,4724.3,0,109,-46,9.75
2026-07-29T05:45:29.296Z,cmrx9lhbn0007w96x99do9808,http,25,39,26051.28205128205,0,,-999,
2026-07-29T05:45:30.564Z,cmrx9lhbn0007w96x99do9808,lora,25,1306,4767.7,0,110,-50,9.5
2026-07-29T05:45:34.444Z,cmrx9lhbn0007w96x99do9808,http,26,39,26051.28205128205,0,,-999,
2026-07-29T05:45:37.712Z,cmrx9lhbn0007w96x99do9808,lora,26,3307,4767.7,0,110,-48,9.5
2026-07-29T05:45:39.589Z,cmrx9lhbn0007w96x99do9808,http,27,41,24780.48780487805,0,,-999,
2026-07-29T05:45:40.861Z,cmrx9lhbn0007w96x99do9808,lora,27,1313,4724.3,0,109,-53,9.75
2026-07-29T05:45:44.739Z,cmrx9lhbn0007w96x99do9808,http,28,38,26736.84210526316,0,,-999,
2026-07-29T05:45:46.003Z,cmrx9lhbn0007w96x99do9808,lora,28,1303,4637.7,0,107,-48,10
2026-07-29T05:45:49.879Z,cmrx9lhbn0007w96x99do9808,http,29,42,24190.47619047619,0,,-999,
2026-07-29T05:45:51.147Z,cmrx9lhbn0007w96x99do9808,lora,29,1311,4724.3,0,109,-64,9.5
2026-07-29T05:45:55.022Z,cmrx9lhbn0007w96x99do9808,http,30,39,26051.28205128205,0,,-999,
2026-07-29T05:45:56.290Z,cmrx9lhbn0007w96x99do9808,lora,30,1308,4767.7,0,110,-52,10
2026-07-29T05:46:00.665Z,cmrx9lhbn0007w96x99do9808,http,31,40,25400,0,,-999,
2026-07-29T05:46:01.931Z,cmrx9lhbn0007w96x99do9808,lora,31,1305,4681,0,108,-43,9.25
2026-07-29T05:46:06.230Z,cmrx9lhbn0007w96x99do9808,http,32,38,26736.84210526316,0,,-999,
2026-07-29T05:46:07.497Z,cmrx9lhbn0007w96x99do9808,lora,32,1304,4637.7,0,107,-56,10
2026-07-29T05:46:15.721Z,cmrx9lhbn0007w96x99do9808,http,33,50,20320,0,,-999,
2026-07-29T05:46:16.987Z,cmrx9lhbn0007w96x99do9808,lora,33,1315,4724.3,0,109,-48,9.5
2026-07-29T05:46:23.611Z,cmrx9lhbn0007w96x99do9808,http,34,51,19921.56862745098,0,,-999,
2026-07-29T05:46:24.874Z,cmrx9lhbn0007w96x99do9808,lora,34,1314,4724.3,0,109,-56,9.25
2026-07-29T05:52:28.325Z,cmrx9lhbn0007w96x99do9808,http,1,59,17220.33898305085,0,,-999,
2026-07-29T05:52:29.601Z,cmrx9lhbn0007w96x99do9808,lora,1,1336,4681,0,108,-47,9.5
2026-07-29T05:52:33.863Z,cmrx9lhbn0007w96x99do9808,http,2,39,26051.28205128205,0,,-999,
2026-07-29T05:52:35.123Z,cmrx9lhbn0007w96x99do9808,lora,2,1299,4680.8,0,105,-42,9.75
2026-07-29T05:52:39.008Z,cmrx9lhbn0007w96x99do9808,http,3,48,21166.66666666667,0,,-999,
2026-07-29T05:52:40.265Z,cmrx9lhbn0007w96x99do9808,lora,3,1307,4637.7,0,107,-48,9.5
2026-07-29T05:52:44.148Z,cmrx9lhbn0007w96x99do9808,http,4,44,23090.90909090909,0,,-999,
2026-07-29T05:52:45.404Z,cmrx9lhbn0007w96x99do9808,lora,4,1300,4680.8,0,105,-43,9.5
2026-07-29T05:52:49.290Z,cmrx9lhbn0007w96x99do9808,http,5,43,23627.90697674419,0,,-999,
2026-07-29T05:52:50.551Z,cmrx9lhbn0007w96x99do9808,lora,5,1304,4637.7,0,107,-44,9.75
2026-07-29T05:52:54.441Z,cmrx9lhbn0007w96x99do9808,http,6,43,23627.90697674419,0,,-999,
2026-07-29T05:52:55.699Z,cmrx9lhbn0007w96x99do9808,lora,6,1301,4637.7,0,107,-50,10
2026-07-29T05:52:59.581Z,cmrx9lhbn0007w96x99do9808,http,7,45,22577.77777777778,0,,-999,
2026-07-29T05:53:00.834Z,cmrx9lhbn0007w96x99do9808,lora,7,1298,4680.8,0,105,-61,9.75
2026-07-29T05:53:04.711Z,cmrx9lhbn0007w96x99do9808,http,8,37,27459.45945945946,0,,-999,
2026-07-29T05:53:05.972Z,cmrx9lhbn0007w96x99do9808,lora,8,1298,4636.2,0,104,-62,9.5
2026-07-29T05:53:09.878Z,cmrx9lhbn0007w96x99do9808,http,9,58,17517.24137931034,0,,-999,
2026-07-29T05:53:11.125Z,cmrx9lhbn0007w96x99do9808,lora,9,1303,4637.7,0,107,-44,9.75
2026-07-29T05:53:15.000Z,cmrx9lhbn0007w96x99do9808,http,10,42,24190.47619047619,0,,-999,
2026-07-29T05:53:16.256Z,cmrx9lhbn0007w96x99do9808,lora,10,1299,4680.8,0,105,-44,9.75
2026-07-29T05:53:20.147Z,cmrx9lhbn0007w96x99do9808,http,11,41,24780.48780487805,0,,-999,
2026-07-29T05:53:21.408Z,cmrx9lhbn0007w96x99do9808,lora,11,1302,4637.7,0,107,-45,9.75
2026-07-29T05:53:25.293Z,cmrx9lhbn0007w96x99do9808,http,12,39,26051.28205128205,0,,-999,
2026-07-29T05:53:26.556Z,cmrx9lhbn0007w96x99do9808,lora,12,1302,4637.7,0,107,-44,9.75
2026-07-29T05:53:30.437Z,cmrx9lhbn0007w96x99do9808,http,13,41,24780.48780487805,0,,-999,
2026-07-29T05:53:31.694Z,cmrx9lhbn0007w96x99do9808,lora,13,1298,4680.8,0,105,-44,9.75
2026-07-29T05:53:35.580Z,cmrx9lhbn0007w96x99do9808,http,14,40,25400,0,,-999,
2026-07-29T05:53:36.841Z,cmrx9lhbn0007w96x99do9808,lora,14,1301,4680.8,0,105,-44,10
2026-07-29T05:53:40.732Z,cmrx9lhbn0007w96x99do9808,http,15,48,21166.66666666667,0,,-999,
2026-07-29T05:53:41.984Z,cmrx9lhbn0007w96x99do9808,lora,15,1300,4680.8,0,105,-47,9.5
2026-07-29T05:53:45.868Z,cmrx9lhbn0007w96x99do9808,http,16,39,26051.28205128205,0,,-999,
2026-07-29T05:53:47.133Z,cmrx9lhbn0007w96x99do9808,lora,16,1304,4637.7,0,107,-45,9.75
2026-07-29T05:53:51.019Z,cmrx9lhbn0007w96x99do9808,http,17,50,20320,0,,-999,
2026-07-29T05:53:52.266Z,cmrx9lhbn0007w96x99do9808,lora,17,1297,4680.8,0,105,-42,10
2026-07-29T05:53:56.150Z,cmrx9lhbn0007w96x99do9808,http,18,39,26051.28205128205,0,,-999,
2026-07-29T05:53:57.412Z,cmrx9lhbn0007w96x99do9808,lora,18,1301,4637.7,0,107,-45,10
2026-07-29T05:54:01.295Z,cmrx9lhbn0007w96x99do9808,http,19,40,25400,0,,-999,
2026-07-29T05:54:02.568Z,cmrx9lhbn0007w96x99do9808,lora,19,1313,4637.7,0,107,-45,9.5
2026-07-29T05:54:06.439Z,cmrx9lhbn0007w96x99do9808,http,20,38,26736.84210526316,0,,-999,
2026-07-29T05:54:07.701Z,cmrx9lhbn0007w96x99do9808,lora,20,1300,4637.7,0,107,-47,9.75
2026-07-29T05:54:11.589Z,cmrx9lhbn0007w96x99do9808,http,21,37,27459.45945945946,0,,-999,
2026-07-29T05:54:12.849Z,cmrx9lhbn0007w96x99do9808,lora,21,1297,4680.8,0,105,-50,9.75
2026-07-29T05:54:16.729Z,cmrx9lhbn0007w96x99do9808,http,22,38,26736.84210526316,0,,-999,
2026-07-29T05:54:17.997Z,cmrx9lhbn0007w96x99do9808,lora,22,1305,4637.7,0,107,-55,9.75
2026-07-29T05:54:21.869Z,cmrx9lhbn0007w96x99do9808,http,23,36,28222.22222222222,0,,-999,
2026-07-29T05:54:23.134Z,cmrx9lhbn0007w96x99do9808,lora,23,1301,4637.7,0,107,-54,9.25
2026-07-29T05:54:27.016Z,cmrx9lhbn0007w96x99do9808,http,24,39,26051.28205128205,0,,-999,
2026-07-29T05:54:28.275Z,cmrx9lhbn0007w96x99do9808,lora,24,1299,4636.2,0,104,-52,9.75
2026-07-29T05:54:32.163Z,cmrx9lhbn0007w96x99do9808,http,25,40,25400,0,,-999,
2026-07-29T05:54:33.432Z,cmrx9lhbn0007w96x99do9808,lora,25,1309,4637.7,0,107,-53,9.75
2026-07-29T05:54:37.303Z,cmrx9lhbn0007w96x99do9808,http,26,38,26736.84210526316,0,,-999,
2026-07-29T05:54:38.560Z,cmrx9lhbn0007w96x99do9808,lora,26,1295,4637.7,0,107,-55,9.75
2026-07-29T05:54:42.439Z,cmrx9lhbn0007w96x99do9808,http,27,36,28222.22222222222,0,,-999,
2026-07-29T05:54:45.615Z,cmrx9lhbn0007w96x99do9808,lora,27,3212,4680.8,0,105,-54,9.25
2026-07-29T05:54:47.579Z,cmrx9lhbn0007w96x99do9808,http,28,35,29028.57142857143,0,,-999,
2026-07-29T05:54:48.848Z,cmrx9lhbn0007w96x99do9808,lora,28,1303,4725.4,0,106,-55,9.5
2026-07-29T05:54:52.724Z,cmrx9lhbn0007w96x99do9808,http,29,36,28222.22222222222,0,,-999,
2026-07-29T05:54:53.985Z,cmrx9lhbn0007w96x99do9808,lora,29,1297,4680.8,0,105,-52,9.75
2026-07-29T05:54:57.869Z,cmrx9lhbn0007w96x99do9808,http,30,37,27459.45945945946,0,,-999,
2026-07-29T05:54:59.135Z,cmrx9lhbn0007w96x99do9808,lora,30,1303,4637.7,0,107,-54,9.75
2026-07-29T05:55:03.024Z,cmrx9lhbn0007w96x99do9808,http,31,45,22577.77777777778,0,,-999,
2026-07-29T05:55:04.283Z,cmrx9lhbn0007w96x99do9808,lora,31,1304,4725.4,0,106,-52,10.5
2026-07-29T05:59:15.957Z,cmrx9lhbn0007w96x99do9808,http,1,127,8000,0,,-999,
2026-07-29T05:59:17.170Z,cmrx9lhbn0007w96x99do9808,lora,1,1340,4680.8,0,105,-48,10
2026-07-29T05:59:17.634Z,cmrx9lhbn0007w96x99do9808,http,2,48,21166.66666666667,0,,-999,
2026-07-29T05:59:18.885Z,cmrx9lhbn0007w96x99do9808,lora,2,1300,4634.7,0,101,-49,10
2026-07-29T05:59:22.749Z,cmrx9lhbn0007w96x99do9808,http,3,48,21166.66666666667,0,,-999,
2026-07-29T05:59:24.012Z,cmrx9lhbn0007w96x99do9808,lora,3,1310,4726.5,0,103,-52,9.5
2026-07-29T05:59:27.784Z,cmrx9lhbn0007w96x99do9808,http,4,48,21166.66666666667,0,,-999,
2026-07-29T05:59:29.048Z,cmrx9lhbn0007w96x99do9808,lora,4,1313,4725.4,0,106,-48,10
2026-07-29T05:59:32.931Z,cmrx9lhbn0007w96x99do9808,http,5,46,22086.95652173913,0,,-999,
2026-07-29T05:59:34.197Z,cmrx9lhbn0007w96x99do9808,lora,5,1312,4725.4,0,106,-47,10.25
2026-07-29T05:59:38.080Z,cmrx9lhbn0007w96x99do9808,http,6,46,22086.95652173913,0,,-999,
2026-07-29T05:59:39.341Z,cmrx9lhbn0007w96x99do9808,lora,6,1307,4726.5,0,103,-45,9.5
2026-07-29T05:59:43.225Z,cmrx9lhbn0007w96x99do9808,http,7,51,19921.56862745098,0,,-999,
2026-07-29T05:59:44.485Z,cmrx9lhbn0007w96x99do9808,lora,7,1311,4725.4,0,106,-45,12.5
2026-07-29T05:59:48.373Z,cmrx9lhbn0007w96x99do9808,http,8,46,22086.95652173913,0,,-999,
2026-07-29T05:59:49.639Z,cmrx9lhbn0007w96x99do9808,lora,8,1310,4636.2,0,104,-45,9.5
2026-07-29T05:59:53.515Z,cmrx9lhbn0007w96x99do9808,http,9,47,21617.02127659574,0,,-999,
2026-07-29T05:59:54.775Z,cmrx9lhbn0007w96x99do9808,lora,9,1307,4680.8,0,105,-44,9.25
2026-07-29T05:59:58.667Z,cmrx9lhbn0007w96x99do9808,http,10,48,21166.66666666667,0,,-999,
2026-07-29T05:59:59.931Z,cmrx9lhbn0007w96x99do9808,lora,10,1312,4725.4,0,106,-45,10
2026-07-29T06:00:03.834Z,cmrx9lhbn0007w96x99do9808,http,11,64,15875,0,,-999,
2026-07-29T06:00:05.111Z,cmrx9lhbn0007w96x99do9808,lora,11,1342,4637.7,0,107,-46,10.25
2026-07-29T06:00:08.970Z,cmrx9lhbn0007w96x99do9808,http,12,54,18814.81481481481,0,,-999,
2026-07-29T06:00:10.244Z,cmrx9lhbn0007w96x99do9808,lora,12,1329,4637.7,0,107,-46,9.75
2026-07-29T06:00:14.107Z,cmrx9lhbn0007w96x99do9808,http,13,50,20320,0,,-999,
2026-07-29T06:00:15.372Z,cmrx9lhbn0007w96x99do9808,lora,13,1315,4637.7,0,107,-51,9.75
2026-07-29T06:00:19.248Z,cmrx9lhbn0007w96x99do9808,http,14,50,20320,0,,-999,
2026-07-29T06:00:20.577Z,cmrx9lhbn0007w96x99do9808,lora,14,1378,4636.2,0,104,-44,9.75
2026-07-29T06:00:24.388Z,cmrx9lhbn0007w96x99do9808,http,15,49,20734.69387755102,0,,-999,
2026-07-29T06:00:25.640Z,cmrx9lhbn0007w96x99do9808,lora,15,1301,4636.2,0,104,-44,9.25
2026-07-29T06:00:29.534Z,cmrx9lhbn0007w96x99do9808,http,16,48,21166.66666666667,0,,-999,
2026-07-29T06:00:30.797Z,cmrx9lhbn0007w96x99do9808,lora,16,1311,4636.2,0,104,-44,9.5
2026-07-29T06:00:34.673Z,cmrx9lhbn0007w96x99do9808,http,17,46,22086.95652173913,0,,-999,
2026-07-29T06:00:35.942Z,cmrx9lhbn0007w96x99do9808,lora,17,1315,4681,0,108,-44,9.75
2026-07-29T06:00:39.822Z,cmrx9lhbn0007w96x99do9808,http,18,46,22086.95652173913,0,,-999,
2026-07-29T06:00:41.081Z,cmrx9lhbn0007w96x99do9808,lora,18,1306,4680.8,0,105,-44,10.75
2026-07-29T06:00:44.968Z,cmrx9lhbn0007w96x99do9808,http,19,48,21166.66666666667,0,,-999,
2026-07-29T06:00:46.243Z,cmrx9lhbn0007w96x99do9808,lora,19,1322,4636.2,0,104,-44,9.75
2026-07-29T06:00:50.114Z,cmrx9lhbn0007w96x99do9808,http,20,46,22086.95652173913,0,,-999,
2026-07-29T06:00:51.376Z,cmrx9lhbn0007w96x99do9808,lora,20,1307,4636.2,0,104,-44,9.75
2026-07-29T06:00:55.268Z,cmrx9lhbn0007w96x99do9808,http,21,46,22086.95652173913,0,,-999,
2026-07-29T06:00:56.529Z,cmrx9lhbn0007w96x99do9808,lora,21,1307,4636.2,0,104,-40,10
2026-07-29T06:01:00.433Z,cmrx9lhbn0007w96x99do9808,http,22,65,15630.76923076923,0,,-999,
2026-07-29T06:01:01.701Z,cmrx9lhbn0007w96x99do9808,lora,22,1336,4636.2,0,104,-45,9.5
2026-07-29T06:01:05.552Z,cmrx9lhbn0007w96x99do9808,http,23,45,22577.77777777778,0,,-999,
2026-07-29T06:01:06.813Z,cmrx9lhbn0007w96x99do9808,lora,23,1306,4636.2,0,104,-42,9.5
2026-07-29T06:01:10.707Z,cmrx9lhbn0007w96x99do9808,http,24,51,19921.56862745098,0,,-999,
2026-07-29T06:01:11.967Z,cmrx9lhbn0007w96x99do9808,lora,24,1312,4725.4,0,106,-44,9.75
2026-07-29T06:01:15.857Z,cmrx9lhbn0007w96x99do9808,http,25,46,22086.95652173913,0,,-999,
2026-07-29T06:01:17.118Z,cmrx9lhbn0007w96x99do9808,lora,25,1307,4636.2,0,104,-45,10
2026-07-29T06:01:20.998Z,cmrx9lhbn0007w96x99do9808,http,26,48,21166.66666666667,0,,-999,
2026-07-29T06:01:22.259Z,cmrx9lhbn0007w96x99do9808,lora,26,1309,4726.5,0,103,-47,10.5
2026-07-29T06:01:34.958Z,cmrx9lhbn0007w96x99do9808,http,1,54,18814.81481481481,0,,-999,
2026-07-29T06:01:36.220Z,cmrx9lhbn0007w96x99do9808,lora,1,1316,4680.6,0,102,-44,9.75
2026-07-29T06:01:36.437Z,cmrx9lhbn0007w96x99do9808,http,2,49,20734.69387755102,0,,-999,
2026-07-29T06:01:37.693Z,cmrx9lhbn0007w96x99do9808,lora,2,1306,4726.5,0,103,-43,10
2026-07-29T06:01:41.554Z,cmrx9lhbn0007w96x99do9808,http,3,46,22086.95652173913,0,,-999,
2026-07-29T06:01:42.824Z,cmrx9lhbn0007w96x99do9808,lora,3,1316,4725.4,0,106,-46,10
2026-07-29T06:01:46.600Z,cmrx9lhbn0007w96x99do9808,http,4,51,19921.56862745098,0,,-999,
2026-07-29T06:01:47.856Z,cmrx9lhbn0007w96x99do9808,lora,4,1307,4636.2,0,104,-46,9.5
2026-07-29T06:01:51.735Z,cmrx9lhbn0007w96x99do9808,http,5,45,22577.77777777778,0,,-999,
2026-07-29T06:01:52.994Z,cmrx9lhbn0007w96x99do9808,lora,5,1304,4726.5,0,103,-45,9.75
2026-07-29T06:01:56.882Z,cmrx9lhbn0007w96x99do9808,http,6,47,21617.02127659574,0,,-999,
2026-07-29T06:01:58.135Z,cmrx9lhbn0007w96x99do9808,lora,6,1301,4634.7,0,101,-44,9.5
2026-07-29T06:02:02.024Z,cmrx9lhbn0007w96x99do9808,http,7,47,21617.02127659574,0,,-999,
2026-07-29T06:02:03.288Z,cmrx9lhbn0007w96x99do9808,lora,7,1310,4726.5,0,103,-43,9.75
2026-07-29T06:05:03.130Z,cmrx9lhbn0007w96x99do9808,http,1,104,9769.23076923077,0,,-999,
2026-07-29T06:05:04.088Z,cmrx9lhbn0007w96x99do9808,http,2,56,18142.85714285714,0,,-999,
2026-07-29T06:05:04.376Z,cmrx9lhbn0007w96x99do9808,lora,1,1350,4681,0,108,-48,9.75
2026-07-29T06:05:05.599Z,cmrx9lhbn0007w96x99do9808,lora,2,1568,4681,0,108,-48,9.5
2026-07-29T06:05:10.266Z,cmrx9lhbn0007w96x99do9808,http,3,54,18814.81481481481,0,,-999,
2026-07-29T06:05:11.526Z,cmrx9lhbn0007w96x99do9808,lora,3,1313,4681,0,108,-47,9.75
2026-07-29T06:05:15.411Z,cmrx9lhbn0007w96x99do9808,http,4,49,20734.69387755102,0,,-999,
2026-07-29T06:05:16.680Z,cmrx9lhbn0007w96x99do9808,lora,4,1318,4724.3,0,109,-48,9.25
2026-07-29T06:05:20.551Z,cmrx9lhbn0007w96x99do9808,http,5,46,22086.95652173913,0,,-999,
2026-07-29T06:05:21.822Z,cmrx9lhbn0007w96x99do9808,lora,5,1317,4724.3,0,109,-47,9.5
2026-07-29T06:05:25.698Z,cmrx9lhbn0007w96x99do9808,http,6,45,22577.77777777778,0,,-999,
2026-07-29T06:05:26.969Z,cmrx9lhbn0007w96x99do9808,lora,6,1316,4724.3,0,109,-64,9.5
2026-07-29T06:05:30.852Z,cmrx9lhbn0007w96x99do9808,http,7,47,21617.02127659574,0,,-999,
2026-07-29T06:05:32.122Z,cmrx9lhbn0007w96x99do9808,lora,7,1316,4724.3,0,109,-54,9.5
2026-07-29T06:05:36.002Z,cmrx9lhbn0007w96x99do9808,http,8,49,20734.69387755102,0,,-999,
2026-07-29T06:05:37.263Z,cmrx9lhbn0007w96x99do9808,lora,8,1311,4681,0,108,-51,10
2026-07-29T06:05:41.156Z,cmrx9lhbn0007w96x99do9808,http,9,52,19538.46153846154,0,,-999,
2026-07-29T06:05:42.418Z,cmrx9lhbn0007w96x99do9808,lora,9,1315,4725.4,0,106,-51,9.75
2026-07-29T06:05:46.298Z,cmrx9lhbn0007w96x99do9808,http,10,47,21617.02127659574,0,,-999,
2026-07-29T06:05:47.563Z,cmrx9lhbn0007w96x99do9808,lora,10,1312,4725.4,0,106,-56,9.75
2026-07-29T06:05:51.449Z,cmrx9lhbn0007w96x99do9808,http,11,47,21617.02127659574,0,,-999,
2026-07-29T06:05:52.714Z,cmrx9lhbn0007w96x99do9808,lora,11,1310,4637.7,0,107,-47,9.5
2026-07-29T06:05:56.597Z,cmrx9lhbn0007w96x99do9808,http,12,47,21617.02127659574,0,,-999,
2026-07-29T06:05:57.869Z,cmrx9lhbn0007w96x99do9808,lora,12,1319,4724.3,0,109,-45,9.5
2026-07-29T06:06:01.764Z,cmrx9lhbn0007w96x99do9808,http,13,61,16655.73770491803,0,,-999,
2026-07-29T06:06:03.022Z,cmrx9lhbn0007w96x99do9808,lora,13,1319,4724.3,0,109,-44,10
2026-07-29T06:06:06.895Z,cmrx9lhbn0007w96x99do9808,http,14,48,21166.66666666667,0,,-999,
2026-07-29T06:06:08.171Z,cmrx9lhbn0007w96x99do9808,lora,14,1324,4724.3,0,109,-54,9.25
2026-07-29T06:06:12.043Z,cmrx9lhbn0007w96x99do9808,http,15,50,20320,0,,-999,
2026-07-29T06:06:13.309Z,cmrx9lhbn0007w96x99do9808,lora,15,1317,4724.3,0,109,-53,9.5
2026-07-29T06:06:17.189Z,cmrx9lhbn0007w96x99do9808,http,16,50,20320,0,,-999,
2026-07-29T06:06:18.454Z,cmrx9lhbn0007w96x99do9808,lora,16,1313,4637.7,0,107,-51,9.75
2026-07-29T06:06:22.330Z,cmrx9lhbn0007w96x99do9808,http,17,47,21617.02127659574,0,,-999,
2026-07-29T06:06:23.600Z,cmrx9lhbn0007w96x99do9808,lora,17,1316,4724.3,0,109,-55,9.75
2026-07-29T06:06:27.479Z,cmrx9lhbn0007w96x99do9808,http,18,47,21617.02127659574,0,,-999,
2026-07-29T06:06:28.744Z,cmrx9lhbn0007w96x99do9808,lora,18,1312,4637.7,0,107,-55,9.5
2026-07-29T06:06:32.625Z,cmrx9lhbn0007w96x99do9808,http,19,45,22577.77777777778,0,,-999,
2026-07-29T06:06:33.892Z,cmrx9lhbn0007w96x99do9808,lora,19,1312,4725.4,0,106,-55,9.75
2026-07-29T06:06:37.776Z,cmrx9lhbn0007w96x99do9808,http,20,48,21166.66666666667,0,,-999,
2026-07-29T06:06:39.040Z,cmrx9lhbn0007w96x99do9808,lora,20,1312,4637.7,0,107,-54,10.25
2026-07-29T06:06:52.679Z,cmrx9lhbn0007w96x99do9808,http,1,54,18814.81481481481,0,,-999,
2026-07-29T06:06:53.214Z,cmrx9lhbn0007w96x99do9808,http,2,54,18814.81481481481,0,,-999,
2026-07-29T06:06:53.942Z,cmrx9lhbn0007w96x99do9808,lora,1,1317,4681,0,108,-56,10
2026-07-29T06:06:55.194Z,cmrx9lhbn0007w96x99do9808,lora,2,2034,4681,0,108,-55,10
2026-07-29T06:06:59.502Z,cmrx9lhbn0007w96x99do9808,http,3,52,19538.46153846154,0,,-999,
2026-07-29T06:07:00.765Z,cmrx9lhbn0007w96x99do9808,lora,3,1315,4637.7,0,107,-55,9.5
2026-07-29T06:07:05.071Z,cmrx9lhbn0007w96x99do9808,http,4,47,21617.02127659574,0,,-999,
2026-07-29T06:07:06.339Z,cmrx9lhbn0007w96x99do9808,lora,4,1314,4681,0,108,-63,10
2026-07-29T06:07:10.206Z,cmrx9lhbn0007w96x99do9808,http,5,44,23090.90909090909,0,,-999,
2026-07-29T06:07:11.470Z,cmrx9lhbn0007w96x99do9808,lora,5,1308,4681,0,108,-55,9.5
2026-07-29T06:07:15.360Z,cmrx9lhbn0007w96x99do9808,http,6,46,22086.95652173913,0,,-999,
2026-07-29T06:07:16.620Z,cmrx9lhbn0007w96x99do9808,lora,6,1306,4636.2,0,104,-54,9
2026-07-29T06:07:20.507Z,cmrx9lhbn0007w96x99do9808,http,7,45,22577.77777777778,0,,-999,
2026-07-29T06:07:21.766Z,cmrx9lhbn0007w96x99do9808,lora,7,1304,4680.8,0,105,-60,9.75
2026-07-29T06:07:25.655Z,cmrx9lhbn0007w96x99do9808,http,8,46,22086.95652173913,0,,-999,
2026-07-29T06:07:26.927Z,cmrx9lhbn0007w96x99do9808,lora,8,1317,4724.3,0,109,-63,10.25
2026-07-29T06:07:30.797Z,cmrx9lhbn0007w96x99do9808,http,9,45,22577.77777777778,0,,-999,
2026-07-29T06:07:32.070Z,cmrx9lhbn0007w96x99do9808,lora,9,1317,4724.3,0,109,-56,9.75
2026-07-29T06:07:35.948Z,cmrx9lhbn0007w96x99do9808,http,10,51,19921.56862745098,0,,-999,
2026-07-29T06:07:37.215Z,cmrx9lhbn0007w96x99do9808,lora,10,1318,4724.3,0,109,-60,9.75
2026-07-29T06:07:41.091Z,cmrx9lhbn0007w96x99do9808,http,11,48,21166.66666666667,0,,-999,
2026-07-29T06:07:42.364Z,cmrx9lhbn0007w96x99do9808,lora,11,1321,4767.7,0,110,-51,10.5
2026-07-29T06:07:46.233Z,cmrx9lhbn0007w96x99do9808,http,12,45,22577.77777777778,0,,-999,
2026-07-29T06:07:47.507Z,cmrx9lhbn0007w96x99do9808,lora,12,1319,4724.3,0,109,-67,9.75
2026-07-29T06:07:51.383Z,cmrx9lhbn0007w96x99do9808,http,13,48,21166.66666666667,0,,-999,
2026-07-29T06:07:52.649Z,cmrx9lhbn0007w96x99do9808,lora,13,1314,4767.7,0,110,-54,9.75
2026-07-29T06:07:56.529Z,cmrx9lhbn0007w96x99do9808,http,14,49,20734.69387755102,0,,-999,
2026-07-29T06:07:57.793Z,cmrx9lhbn0007w96x99do9808,lora,14,1313,4724.3,0,109,-53,10
2026-07-29T06:08:01.675Z,cmrx9lhbn0007w96x99do9808,http,15,48,21166.66666666667,0,,-999,
2026-07-29T06:08:02.949Z,cmrx9lhbn0007w96x99do9808,lora,15,1322,4724.3,0,109,-52,9.5
2026-07-29T06:08:06.818Z,cmrx9lhbn0007w96x99do9808,http,16,45,22577.77777777778,0,,-999,
2026-07-29T06:08:08.090Z,cmrx9lhbn0007w96x99do9808,lora,16,1317,4637.7,0,107,-54,9
2026-07-29T06:08:11.959Z,cmrx9lhbn0007w96x99do9808,http,17,43,23627.90697674419,0,,-999,
2026-07-29T06:08:13.227Z,cmrx9lhbn0007w96x99do9808,lora,17,1310,4681,0,108,-56,9.5
2026-07-29T06:08:29.020Z,cmrx9lhbn0007w96x99do9808,http,1,55,18472.72727272727,0,,-999,
2026-07-29T06:08:30.275Z,cmrx9lhbn0007w96x99do9808,lora,1,1310,4680.8,0,105,-60,9.5
2026-07-29T06:08:33.464Z,cmrx9lhbn0007w96x99do9808,http,2,44,23090.90909090909,0,,-999,
2026-07-29T06:08:34.748Z,cmrx9lhbn0007w96x99do9808,lora,2,1329,4637.7,0,107,-54,9.25
2026-07-29T06:08:38.502Z,cmrx9lhbn0007w96x99do9808,http,3,45,22577.77777777778,0,,-999,
2026-07-29T06:08:39.767Z,cmrx9lhbn0007w96x99do9808,lora,3,1309,4637.7,0,107,-55,9
2026-07-29T06:08:43.648Z,cmrx9lhbn0007w96x99do9808,http,4,44,23090.90909090909,0,,-999,
2026-07-29T06:08:44.918Z,cmrx9lhbn0007w96x99do9808,lora,4,1315,4724.3,0,109,-52,10.75
2026-07-29T06:08:48.792Z,cmrx9lhbn0007w96x99do9808,http,5,46,22086.95652173913,0,,-999,
2026-07-29T06:08:50.068Z,cmrx9lhbn0007w96x99do9808,lora,5,1320,4724.3,0,109,-51,9.5
2026-07-29T06:08:53.938Z,cmrx9lhbn0007w96x99do9808,http,6,44,23090.90909090909,0,,-999,
2026-07-29T06:08:55.208Z,cmrx9lhbn0007w96x99do9808,lora,6,1314,4637.7,0,107,-52,10
2026-07-29T06:08:59.081Z,cmrx9lhbn0007w96x99do9808,http,7,44,23090.90909090909,0,,-999,
2026-07-29T06:09:00.346Z,cmrx9lhbn0007w96x99do9808,lora,7,1309,4680.8,0,105,-55,9
2026-07-29T06:09:04.236Z,cmrx9lhbn0007w96x99do9808,http,8,54,18814.81481481481,0,,-999,
2026-07-29T06:09:05.492Z,cmrx9lhbn0007w96x99do9808,lora,8,1310,4681,0,108,-52,10.25
2026-07-29T06:09:09.370Z,cmrx9lhbn0007w96x99do9808,http,9,43,23627.90697674419,0,,-999,
2026-07-29T06:09:10.644Z,cmrx9lhbn0007w96x99do9808,lora,9,1317,4637.7,0,107,-59,9.25
2026-07-29T06:09:14.516Z,cmrx9lhbn0007w96x99do9808,http,10,46,22086.95652173913,0,,-999,
2026-07-29T06:09:15.784Z,cmrx9lhbn0007w96x99do9808,lora,10,1313,4681,0,108,-55,9.25
2026-07-29T06:09:19.662Z,cmrx9lhbn0007w96x99do9808,http,11,43,23627.90697674419,0,,-999,
2026-07-29T06:09:20.936Z,cmrx9lhbn0007w96x99do9808,lora,11,1317,4767.7,0,110,-55,10.25
2026-07-29T06:09:24.813Z,cmrx9lhbn0007w96x99do9808,http,12,47,21617.02127659574,0,,-999,
2026-07-29T06:09:26.078Z,cmrx9lhbn0007w96x99do9808,lora,12,1312,4725.4,0,106,-54,9.75
2026-07-29T06:09:29.961Z,cmrx9lhbn0007w96x99do9808,http,13,46,22086.95652173913,0,,-999,
2026-07-29T06:09:31.229Z,cmrx9lhbn0007w96x99do9808,lora,13,1315,4767.7,0,110,-54,10.25
2026-07-29T06:09:35.109Z,cmrx9lhbn0007w96x99do9808,http,14,48,21166.66666666667,0,,-999,
2026-07-29T06:09:36.368Z,cmrx9lhbn0007w96x99do9808,lora,14,1308,4681,0,108,-55,9.25
2026-07-29T06:09:40.244Z,cmrx9lhbn0007w96x99do9808,http,15,43,23627.90697674419,0,,-999,
2026-07-29T06:09:41.516Z,cmrx9lhbn0007w96x99do9808,lora,15,1315,4767.7,0,110,-54,10
2026-07-29T06:09:57.928Z,cmrx9lhbn0007w96x99do9808,http,1,50,20320,0,,-999,
2026-07-29T06:09:59.195Z,cmrx9lhbn0007w96x99do9808,lora,1,1317,4725.4,0,106,-57,10.25
2026-07-29T06:10:03.785Z,cmrx9lhbn0007w96x99do9808,http,2,47,21617.02127659574,0,,-999,
2026-07-29T06:10:05.057Z,cmrx9lhbn0007w96x99do9808,lora,2,1319,4724.3,0,109,-55,9.5
2026-07-29T06:10:08.925Z,cmrx9lhbn0007w96x99do9808,http,3,46,22086.95652173913,0,,-999,
2026-07-29T06:10:10.191Z,cmrx9lhbn0007w96x99do9808,lora,3,1312,4637.7,0,107,-55,9.75
2026-07-29T06:10:14.074Z,cmrx9lhbn0007w96x99do9808,http,4,46,22086.95652173913,0,,-999,
2026-07-29T06:10:15.347Z,cmrx9lhbn0007w96x99do9808,lora,4,1319,4724.3,0,109,-57,9.75
2026-07-29T06:10:19.217Z,cmrx9lhbn0007w96x99do9808,http,5,46,22086.95652173913,0,,-999,
2026-07-29T06:10:20.488Z,cmrx9lhbn0007w96x99do9808,lora,5,1317,4724.3,0,109,-53,9.25
2026-07-29T06:10:24.362Z,cmrx9lhbn0007w96x99do9808,http,6,44,23090.90909090909,0,,-999,
2026-07-29T06:10:25.639Z,cmrx9lhbn0007w96x99do9808,lora,6,1321,4724.3,0,109,-54,9.75
2026-07-29T06:10:31.503Z,cmrx9lhbn0007w96x99do9808,http,7,52,19538.46153846154,0,,-999,
2026-07-29T06:10:32.772Z,cmrx9lhbn0007w96x99do9808,lora,7,1321,4724.3,0,109,-67,9.5
2026-07-29T06:10:36.644Z,cmrx9lhbn0007w96x99do9808,http,8,43,23627.90697674419,0,,-999,
2026-07-29T06:10:37.918Z,cmrx9lhbn0007w96x99do9808,lora,8,1317,4724.3,0,109,-52,9.5
2026-07-29T06:10:41.790Z,cmrx9lhbn0007w96x99do9808,http,9,46,22086.95652173913,0,,-999,
2026-07-29T06:10:43.055Z,cmrx9lhbn0007w96x99do9808,lora,9,1311,4637.7,0,107,-59,9.5
2026-07-29T06:10:46.931Z,cmrx9lhbn0007w96x99do9808,http,10,44,23090.90909090909,0,,-999,
2026-07-29T06:10:48.197Z,cmrx9lhbn0007w96x99do9808,lora,10,1309,4681,0,108,-51,10.25
2026-07-29T06:10:52.077Z,cmrx9lhbn0007w96x99do9808,http,11,47,21617.02127659574,0,,-999,
2026-07-29T06:10:53.342Z,cmrx9lhbn0007w96x99do9808,lora,11,1312,4767.7,0,110,-51,9.75
2026-07-29T06:10:57.217Z,cmrx9lhbn0007w96x99do9808,http,12,44,23090.90909090909,0,,-999,
2026-07-29T06:10:58.485Z,cmrx9lhbn0007w96x99do9808,lora,12,1312,4767.7,0,110,-52,9.5
2026-07-29T06:11:02.361Z,cmrx9lhbn0007w96x99do9808,http,13,45,22577.77777777778,0,,-999,
2026-07-29T06:11:03.629Z,cmrx9lhbn0007w96x99do9808,lora,13,1313,4767.7,0,110,-52,9.5
2026-07-29T06:11:07.508Z,cmrx9lhbn0007w96x99do9808,http,14,48,21166.66666666667,0,,-999,
2026-07-29T06:11:08.769Z,cmrx9lhbn0007w96x99do9808,lora,14,1312,4681,0,108,-50,9.75
2026-07-29T06:11:12.645Z,cmrx9lhbn0007w96x99do9808,http,15,43,23627.90697674419,0,,-999,
2026-07-29T06:11:13.918Z,cmrx9lhbn0007w96x99do9808,lora,15,1316,4767.7,0,110,-53,9.25
2026-07-29T06:11:31.467Z,cmrx9lhbn0007w96x99do9808,http,1,52,19538.46153846154,0,,-999,
2026-07-29T06:11:32.731Z,cmrx9lhbn0007w96x99do9808,lora,1,1318,4725.4,0,106,-50,9.5
2026-07-29T06:11:33.234Z,cmrx9lhbn0007w96x99do9808,http,2,64,15875,0,,-999,
2026-07-29T06:11:34.485Z,cmrx9lhbn0007w96x99do9808,lora,2,1315,4724.3,0,109,-52,9.25
2026-07-29T06:11:38.531Z,cmrx9lhbn0007w96x99do9808,http,3,41,24780.48780487805,0,,-999,
2026-07-29T06:11:39.804Z,cmrx9lhbn0007w96x99do9808,lora,3,1314,4724.3,0,109,-53,9.75
2026-07-29T06:11:43.784Z,cmrx9lhbn0007w96x99do9808,http,4,47,21617.02127659574,0,,-999,
2026-07-29T06:11:45.053Z,cmrx9lhbn0007w96x99do9808,lora,4,1316,4724.3,0,109,-69,9.5
2026-07-29T06:13:22.449Z,cmrx9lhbn0007w96x99do9808,http,1,71,14309.85915492958,0,,-999,
2026-07-29T06:13:23.691Z,cmrx9lhbn0007w96x99do9808,lora,1,1313,4680.8,0,105,-50,9.5
2026-07-29T06:13:29.086Z,cmrx9lhbn0007w96x99do9808,http,2,49,20734.69387755102,0,,-999,
2026-07-29T06:13:30.352Z,cmrx9lhbn0007w96x99do9808,lora,2,1316,4681,0,108,-53,9.5
2026-07-29T06:19:30.922Z,cmrx9lhbn0007w96x99do9808,http,1,60,16933.33333333333,0,,-999,
2026-07-29T06:19:32.214Z,cmrx9lhbn0007w96x99do9808,lora,1,1352,4724.3,0,109,-48,10
2026-07-29T06:19:37.400Z,cmrx9lhbn0007w96x99do9808,http,2,50,20320,0,,-999,
2026-07-29T06:19:38.671Z,cmrx9lhbn0007w96x99do9808,lora,2,1321,4724.3,0,109,-52,9.75
2026-07-29T06:19:42.954Z,cmrx9lhbn0007w96x99do9808,http,3,40,25400,0,,-999,
2026-07-29T06:19:44.226Z,cmrx9lhbn0007w96x99do9808,lora,3,1311,4681,0,108,-48,10
2026-07-29T06:19:51.165Z,cmrx9lhbn0007w96x99do9808,http,4,48,21166.66666666667,0,,-999,
2026-07-29T06:19:52.435Z,cmrx9lhbn0007w96x99do9808,lora,4,1318,4681,0,108,-51,9.5
2026-07-29T06:19:56.733Z,cmrx9lhbn0007w96x99do9808,http,5,43,23627.90697674419,0,,-999,
2026-07-29T06:19:58.004Z,cmrx9lhbn0007w96x99do9808,lora,5,1314,4724.3,0,109,-50,10
2026-07-29T06:20:01.870Z,cmrx9lhbn0007w96x99do9808,http,6,42,24190.47619047619,0,,-999,
2026-07-29T06:20:03.153Z,cmrx9lhbn0007w96x99do9808,lora,6,1324,4724.3,0,109,-60,9.5
2026-07-29T06:20:07.025Z,cmrx9lhbn0007w96x99do9808,http,7,49,20734.69387755102,0,,-999,
2026-07-29T06:20:08.287Z,cmrx9lhbn0007w96x99do9808,lora,7,1311,4724.3,0,109,-58,9.5
2026-07-29T06:20:12.164Z,cmrx9lhbn0007w96x99do9808,http,8,40,25400,0,,-999,
2026-07-29T06:20:13.432Z,cmrx9lhbn0007w96x99do9808,lora,8,1307,4637.7,0,107,-52,9.75
2026-07-29T06:20:17.312Z,cmrx9lhbn0007w96x99do9808,http,9,41,24780.48780487805,0,,-999,
2026-07-29T06:20:18.586Z,cmrx9lhbn0007w96x99do9808,lora,9,1315,4724.3,0,109,-46,9.5
2026-07-29T06:20:22.459Z,cmrx9lhbn0007w96x99do9808,http,10,41,24780.48780487805,0,,-999,
2026-07-29T06:20:23.730Z,cmrx9lhbn0007w96x99do9808,lora,10,1312,4767.7,0,110,-48,9.75
2026-07-29T06:20:30.030Z,cmrx9lhbn0007w96x99do9808,http,11,47,21617.02127659574,0,,-999,
2026-07-29T06:20:31.294Z,cmrx9lhbn0007w96x99do9808,lora,11,1311,4767.7,0,110,-46,10.25
2026-07-29T06:20:35.592Z,cmrx9lhbn0007w96x99do9808,http,12,40,25400,0,,-999,
2026-07-29T06:20:36.860Z,cmrx9lhbn0007w96x99do9808,lora,12,1309,4681,0,108,-50,9.75
2026-07-29T06:20:44.124Z,cmrx9lhbn0007w96x99do9808,http,13,45,22577.77777777778,0,,-999,
2026-07-29T06:20:45.400Z,cmrx9lhbn0007w96x99do9808,lora,13,1321,4767.7,0,110,-52,9.75
2026-07-29T06:20:49.688Z,cmrx9lhbn0007w96x99do9808,http,14,42,24190.47619047619,0,,-999,
2026-07-29T06:20:50.958Z,cmrx9lhbn0007w96x99do9808,lora,14,1312,4767.7,0,110,-46,9.75
2026-07-29T06:20:54.831Z,cmrx9lhbn0007w96x99do9808,http,15,42,24190.47619047619,0,,-999,
2026-07-29T06:20:56.105Z,cmrx9lhbn0007w96x99do9808,lora,15,1314,4681,0,108,-44,9.75
2026-07-29T06:21:01.120Z,cmrx9lhbn0007w96x99do9808,http,16,49,20734.69387755102,0,,-999,
2026-07-29T06:21:02.391Z,cmrx9lhbn0007w96x99do9808,lora,16,1320,4767.7,0,110,-48,9.5
2026-07-29T06:21:06.682Z,cmrx9lhbn0007w96x99do9808,http,17,41,24780.48780487805,0,,-999,
2026-07-29T06:21:07.946Z,cmrx9lhbn0007w96x99do9808,lora,17,1306,4681,0,108,-51,9.5
2026-07-29T06:21:14.560Z,cmrx9lhbn0007w96x99do9808,http,18,45,22577.77777777778,0,,-999,
2026-07-29T06:21:15.837Z,cmrx9lhbn0007w96x99do9808,lora,18,1321,4767.7,0,110,-51,10.25
2026-07-29T06:21:20.137Z,cmrx9lhbn0007w96x99do9808,http,19,49,20734.69387755102,0,,-999,
2026-07-29T06:21:21.402Z,cmrx9lhbn0007w96x99do9808,lora,19,1313,4724.3,0,109,-56,9.5
2026-07-29T06:21:25.271Z,cmrx9lhbn0007w96x99do9808,http,20,41,24780.48780487805,0,,-999,
2026-07-29T06:21:26.544Z,cmrx9lhbn0007w96x99do9808,lora,20,1315,4767.7,0,110,-53,10
2026-07-29T06:21:30.481Z,cmrx9lhbn0007w96x99do9808,http,21,43,23627.90697674419,0,,-999,
2026-07-29T06:21:31.749Z,cmrx9lhbn0007w96x99do9808,lora,21,1311,4724.3,0,109,-56,9.5
2026-07-29T06:21:35.634Z,cmrx9lhbn0007w96x99do9808,http,22,46,22086.95652173913,0,,-999,
2026-07-29T06:21:36.902Z,cmrx9lhbn0007w96x99do9808,lora,22,1315,4767.7,0,110,-57,10.25
2026-07-29T06:21:44.485Z,cmrx9lhbn0007w96x99do9808,http,23,53,19169.81132075472,0,,-999,
2026-07-29T06:21:45.752Z,cmrx9lhbn0007w96x99do9808,lora,23,1320,4681,0,108,-64,9.5
2026-07-29T06:21:50.046Z,cmrx9lhbn0007w96x99do9808,http,24,43,23627.90697674419,0,,-999,
2026-07-29T06:21:51.315Z,cmrx9lhbn0007w96x99do9808,lora,24,1312,4767.7,0,110,-46,9.75
2026-07-29T06:21:59.850Z,cmrx9lhbn0007w96x99do9808,http,25,47,21617.02127659574,0,,-999,
2026-07-29T06:22:01.124Z,cmrx9lhbn0007w96x99do9808,lora,25,1321,4767.7,0,110,-44,10
2026-07-29T06:22:05.409Z,cmrx9lhbn0007w96x99do9808,http,26,41,24780.48780487805,0,,-999,
2026-07-29T06:22:06.681Z,cmrx9lhbn0007w96x99do9808,lora,26,1314,4767.7,0,110,-48,9.25
2026-07-29T06:22:10.555Z,cmrx9lhbn0007w96x99do9808,http,27,41,24780.48780487805,0,,-999,
2026-07-29T06:22:11.824Z,cmrx9lhbn0007w96x99do9808,lora,27,1310,4724.3,0,109,-47,10.75
2026-07-29T06:22:16.197Z,cmrx9lhbn0007w96x99do9808,http,28,43,23627.90697674419,0,,-999,
2026-07-29T06:22:17.468Z,cmrx9lhbn0007w96x99do9808,lora,28,1314,4767.7,0,110,-47,10.25
2026-07-29T06:22:21.772Z,cmrx9lhbn0007w96x99do9808,http,29,42,24190.47619047619,0,,-999,
2026-07-29T06:22:23.044Z,cmrx9lhbn0007w96x99do9808,lora,29,1314,4767.7,0,110,-47,10.5
2026-07-29T06:22:29.982Z,cmrx9lhbn0007w96x99do9808,http,30,49,20734.69387755102,0,,-999,
2026-07-29T06:22:31.250Z,cmrx9lhbn0007w96x99do9808,lora,30,1318,4767.7,0,110,-47,12.25
2026-07-29T06:22:35.551Z,cmrx9lhbn0007w96x99do9808,http,31,43,23627.90697674419,0,,-999,
2026-07-29T06:22:36.816Z,cmrx9lhbn0007w96x99do9808,lora,31,1309,4637.7,0,107,-50,10
2026-07-29T06:22:43.762Z,cmrx9lhbn0007w96x99do9808,http,32,54,18814.81481481481,0,,-999,
2026-07-29T06:22:45.028Z,cmrx9lhbn0007w96x99do9808,lora,32,1321,4724.3,0,109,-56,9.5
2026-07-29T06:22:49.321Z,cmrx9lhbn0007w96x99do9808,http,33,41,24780.48780487805,0,,-999,
2026-07-29T06:22:50.586Z,cmrx9lhbn0007w96x99do9808,lora,33,1306,4681,0,108,-53,10
2026-07-29T06:22:54.456Z,cmrx9lhbn0007w96x99do9808,http,34,42,24190.47619047619,0,,-999,
2026-07-29T06:22:55.724Z,cmrx9lhbn0007w96x99do9808,lora,34,1310,4681,0,108,-54,9.25
2026-07-29T06:22:59.601Z,cmrx9lhbn0007w96x99do9808,http,35,44,23090.90909090909,0,,-999,
2026-07-29T06:23:00.875Z,cmrx9lhbn0007w96x99do9808,lora,35,1317,4637.7,0,107,-55,9.5
2026-07-29T06:23:04.745Z,cmrx9lhbn0007w96x99do9808,http,36,43,23627.90697674419,0,,-999,
2026-07-29T06:23:06.015Z,cmrx9lhbn0007w96x99do9808,lora,36,1313,4767.7,0,110,-54,9.75
2026-07-29T06:23:09.887Z,cmrx9lhbn0007w96x99do9808,http,37,42,24190.47619047619,0,,-999,
2026-07-29T06:23:11.157Z,cmrx9lhbn0007w96x99do9808,lora,37,1313,4767.7,0,110,-55,9.5
2026-07-29T06:23:15.033Z,cmrx9lhbn0007w96x99do9808,http,38,45,22577.77777777778,0,,-999,
2026-07-29T06:23:16.297Z,cmrx9lhbn0007w96x99do9808,lora,38,1309,4681,0,108,-56,9.5
2026-07-29T06:23:20.172Z,cmrx9lhbn0007w96x99do9808,http,39,44,23090.90909090909,0,,-999,
2026-07-29T06:23:21.440Z,cmrx9lhbn0007w96x99do9808,lora,39,1312,4767.7,0,110,-52,10
2026-07-29T06:23:25.310Z,cmrx9lhbn0007w96x99do9808,http,40,42,24190.47619047619,0,,-999,
2026-07-29T06:23:26.582Z,cmrx9lhbn0007w96x99do9808,lora,40,1314,4767.7,0,110,-51,9.75
2026-07-29T06:23:30.631Z,cmrx9lhbn0007w96x99do9808,http,41,44,23090.90909090909,0,,-999,
2026-07-29T06:23:31.895Z,cmrx9lhbn0007w96x99do9808,lora,41,1308,4681,0,108,-51,9.75
2026-07-29T06:23:36.199Z,cmrx9lhbn0007w96x99do9808,http,42,43,23627.90697674419,0,,-999,
2026-07-29T06:23:37.469Z,cmrx9lhbn0007w96x99do9808,lora,42,1314,4767.7,0,110,-51,10
2026-07-29T06:23:41.335Z,cmrx9lhbn0007w96x99do9808,http,43,44,23090.90909090909,0,,-999,
2026-07-29T06:23:42.605Z,cmrx9lhbn0007w96x99do9808,lora,43,1315,4767.7,0,110,-51,10
2026-07-29T06:23:47.505Z,cmrx9lhbn0007w96x99do9808,http,44,45,22577.77777777778,0,,-999,
2026-07-29T06:23:48.789Z,cmrx9lhbn0007w96x99do9808,lora,44,1327,4767.7,0,110,-54,9.25
2026-07-29T06:23:52.647Z,cmrx9lhbn0007w96x99do9808,http,45,42,24190.47619047619,0,,-999,
2026-07-29T06:23:55.916Z,cmrx9lhbn0007w96x99do9808,lora,45,3311,4725.4,0,106,-53,9.5
2026-07-29T06:23:57.789Z,cmrx9lhbn0007w96x99do9808,http,46,39,26051.28205128205,0,,-999,
2026-07-29T06:23:59.063Z,cmrx9lhbn0007w96x99do9808,lora,46,1313,4681,0,108,-54,9.75
2026-07-29T06:24:06.319Z,cmrx9lhbn0007w96x99do9808,http,47,51,19921.56862745098,0,,-999,
2026-07-29T06:24:07.587Z,cmrx9lhbn0007w96x99do9808,lora,47,1318,4767.7,0,110,-59,9.75
2026-07-29T06:24:11.884Z,cmrx9lhbn0007w96x99do9808,http,48,44,23090.90909090909,0,,-999,
2026-07-29T06:24:13.153Z,cmrx9lhbn0007w96x99do9808,lora,48,1313,4767.7,0,110,-51,9.75
2026-07-29T06:24:20.287Z,cmrx9lhbn0007w96x99do9808,http,49,47,21617.02127659574,0,,-999,
2026-07-29T06:24:21.559Z,cmrx9lhbn0007w96x99do9808,lora,49,1319,4724.3,0,109,-51,10
2026-07-29T06:24:25.430Z,cmrx9lhbn0007w96x99do9808,http,50,47,21617.02127659574,0,,-999,
2026-07-29T06:24:26.697Z,cmrx9lhbn0007w96x99do9808,lora,50,1315,4767.7,0,110,-45,9.25
2026-07-29T06:24:30.563Z,cmrx9lhbn0007w96x99do9808,http,51,40,25400,0,,-999,
2026-07-29T06:24:31.833Z,cmrx9lhbn0007w96x99do9808,lora,51,1310,4767.7,0,110,-53,9.75
2026-07-29T06:24:35.720Z,cmrx9lhbn0007w96x99do9808,http,52,59,17220.33898305085,0,,-999,
2026-07-29T06:24:36.975Z,cmrx9lhbn0007w96x99do9808,lora,52,1313,4767.7,0,110,-53,10.25
2026-07-29T06:24:41.025Z,cmrx9lhbn0007w96x99do9808,http,53,41,24780.48780487805,0,,-999,
2026-07-29T06:24:42.296Z,cmrx9lhbn0007w96x99do9808,lora,53,1313,4767.7,0,110,-51,9.75
2026-07-29T06:24:46.285Z,cmrx9lhbn0007w96x99do9808,http,54,48,21166.66666666667,0,,-999,
2026-07-29T06:24:47.544Z,cmrx9lhbn0007w96x99do9808,lora,54,1307,4681,0,108,-54,9.5
2026-07-29T06:24:51.414Z,cmrx9lhbn0007w96x99do9808,http,55,44,23090.90909090909,0,,-999,
2026-07-29T06:24:52.676Z,cmrx9lhbn0007w96x99do9808,lora,55,1306,4681,0,108,-56,9.75
2026-07-29T06:25:00.257Z,cmrx9lhbn0007w96x99do9808,http,56,48,21166.66666666667,0,,-999,
2026-07-29T06:25:03.523Z,cmrx9lhbn0007w96x99do9808,lora,56,3313,4767.7,0,110,-52,10
2026-07-29T06:25:05.814Z,cmrx9lhbn0007w96x99do9808,http,57,43,23627.90697674419,0,,-999,
2026-07-29T06:25:07.085Z,cmrx9lhbn0007w96x99do9808,lora,57,1314,4767.7,0,110,-53,9.25
2026-07-29T06:25:13.906Z,cmrx9lhbn0007w96x99do9808,http,58,47,21617.02127659574,0,,-999,
2026-07-29T06:25:15.172Z,cmrx9lhbn0007w96x99do9808,lora,58,1314,4681,0,108,-48,9.5
2026-07-29T06:25:19.045Z,cmrx9lhbn0007w96x99do9808,http,59,42,24190.47619047619,0,,-999,
2026-07-29T06:25:20.311Z,cmrx9lhbn0007w96x99do9808,lora,59,1308,4725.4,0,106,-54,9.25
2026-07-29T06:25:38.484Z,cmrx9lhbn0007w96x99do9808,http,1,54,18814.81481481481,0,,-999,
2026-07-29T06:25:39.614Z,cmrx9lhbn0007w96x99do9808,http,2,42,24190.47619047619,0,,-999,
2026-07-29T06:25:39.752Z,cmrx9lhbn0007w96x99do9808,lora,1,1321,4681,0,108,-50,9.75
2026-07-29T06:25:41.006Z,cmrx9lhbn0007w96x99do9808,lora,2,1434,4724.3,0,109,-48,9.5
2026-07-29T06:25:45.475Z,cmrx9lhbn0007w96x99do9808,http,3,43,23627.90697674419,0,,-999,
2026-07-29T06:25:46.745Z,cmrx9lhbn0007w96x99do9808,lora,3,1313,4724.3,0,109,-46,9.5
2026-07-29T06:25:50.615Z,cmrx9lhbn0007w96x99do9808,http,4,43,23627.90697674419,0,,-999,
2026-07-29T06:25:51.887Z,cmrx9lhbn0007w96x99do9808,lora,4,1315,4724.3,0,109,-48,9.5
2026-07-29T06:25:55.757Z,cmrx9lhbn0007w96x99do9808,http,5,44,23090.90909090909,0,,-999,
2026-07-29T06:25:57.027Z,cmrx9lhbn0007w96x99do9808,lora,5,1313,4637.7,0,107,-51,9.5
2026-07-29T06:26:00.902Z,cmrx9lhbn0007w96x99do9808,http,6,50,20320,0,,-999,
2026-07-29T06:26:02.165Z,cmrx9lhbn0007w96x99do9808,lora,6,1313,4724.3,0,109,-51,9.75
2026-07-29T06:26:06.031Z,cmrx9lhbn0007w96x99do9808,http,7,42,24190.47619047619,0,,-999,
2026-07-29T06:26:07.306Z,cmrx9lhbn0007w96x99do9808,lora,7,1317,4724.3,0,109,-51,9.5
2026-07-29T06:26:12.635Z,cmrx9lhbn0007w96x99do9808,http,8,52,19538.46153846154,0,,-999,
2026-07-29T06:26:13.893Z,cmrx9lhbn0007w96x99do9808,lora,8,1310,4680.8,0,105,-52,10.5
2026-07-29T06:26:18.202Z,cmrx9lhbn0007w96x99do9808,http,9,50,20320,0,,-999,
2026-07-29T06:26:19.458Z,cmrx9lhbn0007w96x99do9808,lora,9,1306,4681,0,108,-53,10.25
2026-07-29T06:26:23.333Z,cmrx9lhbn0007w96x99do9808,http,10,50,20320,0,,-999,
2026-07-29T06:26:24.597Z,cmrx9lhbn0007w96x99do9808,lora,10,1314,4725.4,0,106,-53,10
2026-07-29T06:26:32.807Z,cmrx9lhbn0007w96x99do9808,http,11,47,21617.02127659574,0,,-999,
2026-07-29T06:26:34.079Z,cmrx9lhbn0007w96x99do9808,lora,11,1319,4767.7,0,110,-49,9.5
2026-07-29T06:26:38.363Z,cmrx9lhbn0007w96x99do9808,http,12,38,26736.84210526316,0,,-999,
2026-07-29T06:26:39.636Z,cmrx9lhbn0007w96x99do9808,lora,12,1311,4767.7,0,110,-53,9.5
2026-07-29T06:26:43.504Z,cmrx9lhbn0007w96x99do9808,http,13,43,23627.90697674419,0,,-999,
2026-07-29T06:26:44.770Z,cmrx9lhbn0007w96x99do9808,lora,13,1309,4767.7,0,110,-50,10
2026-07-29T06:26:48.650Z,cmrx9lhbn0007w96x99do9808,http,14,49,20734.69387755102,0,,-999,
2026-07-29T06:26:49.910Z,cmrx9lhbn0007w96x99do9808,lora,14,1309,4767.7,0,110,-51,9.5
2026-07-29T06:26:53.784Z,cmrx9lhbn0007w96x99do9808,http,15,40,25400,0,,-999,
2026-07-29T06:26:55.055Z,cmrx9lhbn0007w96x99do9808,lora,15,1313,4767.7,0,110,-56,9.75
2026-07-29T06:26:58.926Z,cmrx9lhbn0007w96x99do9808,http,16,41,24780.48780487805,0,,-999,
2026-07-29T06:27:00.198Z,cmrx9lhbn0007w96x99do9808,lora,16,1313,4767.7,0,110,-64,9.5
2026-07-29T06:27:04.068Z,cmrx9lhbn0007w96x99do9808,http,17,41,24780.48780487805,0,,-999,
2026-07-29T06:27:05.339Z,cmrx9lhbn0007w96x99do9808,lora,17,1312,4767.7,0,110,-63,9.5
2026-07-29T06:27:09.216Z,cmrx9lhbn0007w96x99do9808,http,18,43,23627.90697674419,0,,-999,
2026-07-29T06:27:10.481Z,cmrx9lhbn0007w96x99do9808,lora,18,1308,4681,0,108,-56,10
2026-07-29T06:27:14.354Z,cmrx9lhbn0007w96x99do9808,http,19,40,25400,0,,-999,
2026-07-29T06:27:15.625Z,cmrx9lhbn0007w96x99do9808,lora,19,1311,4767.7,0,110,-58,9.75
2026-07-29T06:27:22.771Z,cmrx9lhbn0007w96x99do9808,http,20,46,22086.95652173913,0,,-999,
2026-07-29T06:27:24.044Z,cmrx9lhbn0007w96x99do9808,lora,20,1319,4767.7,0,110,-54,9.5
2026-07-29T06:27:27.910Z,cmrx9lhbn0007w96x99do9808,http,21,40,25400,0,,-999,
2026-07-29T06:27:29.186Z,cmrx9lhbn0007w96x99do9808,lora,21,1316,4767.7,0,110,-47,9.5
2026-07-29T06:27:33.060Z,cmrx9lhbn0007w96x99do9808,http,22,44,23090.90909090909,0,,-999,
2026-07-29T06:27:34.332Z,cmrx9lhbn0007w96x99do9808,lora,22,1315,4767.7,0,110,-50,9.75
2026-07-29T06:40:49.728Z,cmrx9lhbn0007w96x99do9808,http,1,279,3641.5770609319,0,,-999,
2026-07-29T06:40:50.802Z,cmrx9lhbn0007w96x99do9808,lora,1,1353,4637.7,0,107,-50,10
2026-07-29T06:40:52.759Z,cmrx9lhbn0007w96x99do9808,http,2,107,9495.327102803738,0,,-999,
2026-07-29T06:40:53.963Z,cmrx9lhbn0007w96x99do9808,lora,2,1310,4680.8,0,105,-60,10.25
2026-07-29T06:40:58.393Z,cmrx9lhbn0007w96x99do9808,http,3,91,11164.83516483517,0,,-999,
2026-07-29T06:40:59.620Z,cmrx9lhbn0007w96x99do9808,lora,3,1318,4725.4,0,106,-54,9.75
2026-07-29T06:41:03.967Z,cmrx9lhbn0007w96x99do9808,http,4,91,11164.83516483517,0,,-999,
2026-07-29T06:41:05.187Z,cmrx9lhbn0007w96x99do9808,lora,4,1312,4680.8,0,105,-52,9.75
2026-07-29T06:41:09.205Z,cmrx9lhbn0007w96x99do9808,http,5,187,5433.155080213904,0,,-999,
2026-07-29T06:41:10.330Z,cmrx9lhbn0007w96x99do9808,lora,5,1312,4636.2,0,104,-48,9.25
2026-07-29T06:41:14.281Z,cmrx9lhbn0007w96x99do9808,http,6,115,8834.782608695652,0,,-999,
2026-07-29T06:41:15.484Z,cmrx9lhbn0007w96x99do9808,lora,6,1317,4637.7,0,107,-48,10
2026-07-29T06:41:21.103Z,cmrx9lhbn0007w96x99do9808,http,7,122,8327.868852459016,0,,-999,
2026-07-29T06:41:22.310Z,cmrx9lhbn0007w96x99do9808,lora,7,1329,4637.7,0,107,-48,9.75
2026-07-29T06:41:26.223Z,cmrx9lhbn0007w96x99do9808,http,8,92,11043.47826086957,0,,-999,
2026-07-29T06:41:27.448Z,cmrx9lhbn0007w96x99do9808,lora,8,1317,4681,0,108,-55,10.25
2026-07-29T06:41:31.378Z,cmrx9lhbn0007w96x99do9808,http,9,98,10367.34693877551,0,,-999,
2026-07-29T06:41:32.602Z,cmrx9lhbn0007w96x99do9808,lora,9,1322,4637.7,0,107,-58,9.25
2026-07-29T06:41:36.534Z,cmrx9lhbn0007w96x99do9808,http,10,105,9676.190476190477,0,,-999,
2026-07-29T06:41:37.746Z,cmrx9lhbn0007w96x99do9808,lora,10,1317,4725.4,0,106,-53,10
2026-07-29T06:41:41.665Z,cmrx9lhbn0007w96x99do9808,http,11,86,11813.95348837209,0,,-999,
2026-07-29T06:41:42.897Z,cmrx9lhbn0007w96x99do9808,lora,11,1318,4637.7,0,107,-52,10.25
2026-07-29T06:41:46.827Z,cmrx9lhbn0007w96x99do9808,http,12,98,10367.34693877551,0,,-999,
2026-07-29T06:41:48.055Z,cmrx9lhbn0007w96x99do9808,lora,12,1324,4724.3,0,109,-57,9.5
2026-07-29T06:41:51.996Z,cmrx9lhbn0007w96x99do9808,http,13,118,8610.169491525423,0,,-999,
2026-07-29T06:41:53.209Z,cmrx9lhbn0007w96x99do9808,lora,13,1331,4724.3,0,109,-53,9.5
2026-07-29T06:41:57.124Z,cmrx9lhbn0007w96x99do9808,http,14,92,11043.47826086957,0,,-999,
2026-07-29T06:41:58.353Z,cmrx9lhbn0007w96x99do9808,lora,14,1321,4681,0,108,-54,9.5
2026-07-29T06:42:02.269Z,cmrx9lhbn0007w96x99do9808,http,15,84,12095.2380952381,0,,-999,
2026-07-29T06:42:03.509Z,cmrx9lhbn0007w96x99do9808,lora,15,1326,4724.3,0,109,-52,9.75
2026-07-29T06:42:08.034Z,cmrx9lhbn0007w96x99do9808,http,16,739,1374.830852503383,0,,-999,
2026-07-29T06:42:08.615Z,cmrx9lhbn0007w96x99do9808,lora,16,1320,4725.4,0,106,-52,9.75
2026-07-29T06:42:12.444Z,cmrx9lhbn0007w96x99do9808,http,17,99,10262.62626262626,0,,-999,
2026-07-29T06:42:13.671Z,cmrx9lhbn0007w96x99do9808,lora,17,1326,4725.4,0,106,-53,9.75
2026-07-29T06:42:17.580Z,cmrx9lhbn0007w96x99do9808,http,18,81,12543.20987654321,0,,-999,
2026-07-29T06:42:18.822Z,cmrx9lhbn0007w96x99do9808,lora,18,1322,4637.7,0,107,-55,9.75
2026-07-29T06:42:22.760Z,cmrx9lhbn0007w96x99do9808,http,19,111,9153.153153153153,0,,-999,
2026-07-29T06:42:23.971Z,cmrx9lhbn0007w96x99do9808,lora,19,1321,4681,0,108,-57,9.5
2026-07-29T06:42:28.986Z,cmrx9lhbn0007w96x99do9808,http,20,166,6120.481927710844,0,,-999,
2026-07-29T06:42:30.150Z,cmrx9lhbn0007w96x99do9808,lora,20,1330,4724.3,0,109,-52,10
2026-07-29T06:42:34.081Z,cmrx9lhbn0007w96x99do9808,http,21,113,8991.150442477876,0,,-999,
2026-07-29T06:42:35.297Z,cmrx9lhbn0007w96x99do9808,lora,21,1330,4767.7,0,110,-53,10
2026-07-29T06:42:39.205Z,cmrx9lhbn0007w96x99do9808,http,22,95,10694.73684210526,0,,-999,
2026-07-29T06:42:40.443Z,cmrx9lhbn0007w96x99do9808,lora,22,1334,4767.7,0,110,-53,9.5
2026-07-29T06:42:44.434Z,cmrx9lhbn0007w96x99do9808,http,23,101,10059.40594059406,0,,-999,
2026-07-29T06:42:47.655Z,cmrx9lhbn0007w96x99do9808,lora,23,3321,4636.2,0,104,-56,10
2026-07-29T06:55:24.072Z,cmrx9lhbn0007w96x99do9808,http,1,204,4980.392156862745,0,,-999,
2026-07-29T06:55:25.235Z,cmrx9lhbn0007w96x99do9808,lora,1,1368,4793.4,0,129,-92,10
2026-07-29T06:55:25.435Z,cmrx9lhbn0007w96x99do9808,http,2,91,11164.83516483517,0,,-999,
2026-07-29T06:55:26.692Z,cmrx9lhbn0007w96x99do9808,lora,2,1349,4867.7,0,131,-89,9.25
2026-07-29T06:55:30.616Z,cmrx9lhbn0007w96x99do9808,http,3,72,14111.11111111111,0,,-999,
2026-07-29T06:55:31.888Z,cmrx9lhbn0007w96x99do9808,lora,3,1344,4830.6,0,130,-91,9.5
2026-07-29T06:55:35.763Z,cmrx9lhbn0007w96x99do9808,http,4,78,13025.64102564103,0,,-999,
2026-07-29T06:55:37.029Z,cmrx9lhbn0007w96x99do9808,lora,4,1344,4756.2,0,128,-90,10
2026-07-29T06:55:40.904Z,cmrx9lhbn0007w96x99do9808,http,5,127,8000,0,,-999,
2026-07-29T06:55:42.114Z,cmrx9lhbn0007w96x99do9808,lora,5,1337,4756.2,0,128,-91,9.5
2026-07-29T06:55:45.945Z,cmrx9lhbn0007w96x99do9808,http,6,76,13368.42105263158,0,,-999,
2026-07-29T06:55:47.215Z,cmrx9lhbn0007w96x99do9808,lora,6,1346,4867.7,0,131,-99,9
2026-07-29T06:55:51.184Z,cmrx9lhbn0007w96x99do9808,http,7,243,4181.069958847736,0,,-999,
2026-07-29T06:55:52.286Z,cmrx9lhbn0007w96x99do9808,lora,7,1345,4867.7,0,131,-96,9
2026-07-29T06:55:56.171Z,cmrx9lhbn0007w96x99do9808,http,8,123,8260.162601626016,0,,-999,
2026-07-29T06:56:01.214Z,cmrx9lhbn0007w96x99do9808,http,9,94,10808.51063829787,0,,-999,
2026-07-29T06:56:01.374Z,cmrx9lhbn0007w96x99do9808,lora,8,5326,4798.7,0,123,-92,9.5
2026-07-29T06:56:02.655Z,cmrx9lhbn0007w96x99do9808,lora,9,1535,4796,0,126,-91,10.75
2026-07-29T06:56:06.318Z,cmrx9lhbn0007w96x99do9808,http,10,107,9495.327102803738,0,,-999,
2026-07-29T06:56:07.553Z,cmrx9lhbn0007w96x99do9808,lora,10,1342,4793.4,0,129,-93,10
2026-07-29T06:56:11.707Z,cmrx9lhbn0007w96x99do9808,http,11,186,5462.365591397849,0,,-999,
2026-07-29T06:56:12.860Z,cmrx9lhbn0007w96x99do9808,lora,11,1339,4793.4,0,129,-95,10.25
2026-07-29T06:56:16.683Z,cmrx9lhbn0007w96x99do9808,http,12,72,14111.11111111111,0,,-999,
2026-07-29T06:56:17.964Z,cmrx9lhbn0007w96x99do9808,lora,12,1353,4756.2,0,128,-96,9
2026-07-29T06:56:21.847Z,cmrx9lhbn0007w96x99do9808,http,13,164,6195.121951219512,0,,-999,
2026-07-29T06:56:23.028Z,cmrx9lhbn0007w96x99do9808,lora,13,1345,4790.9,0,132,-95,9.25
2026-07-29T06:56:26.914Z,cmrx9lhbn0007w96x99do9808,http,14,124,8193.548387096775,0,,-999,
2026-07-29T06:56:28.135Z,cmrx9lhbn0007w96x99do9808,lora,14,1345,4830.6,0,130,-95,9.75
2026-07-29T06:56:31.938Z,cmrx9lhbn0007w96x99do9808,http,15,98,10367.34693877551,0,,-999,
2026-07-29T06:56:33.173Z,cmrx9lhbn0007w96x99do9808,lora,15,1333,4757.9,0,125,-97,9.5
2026-07-29T06:56:37.031Z,cmrx9lhbn0007w96x99do9808,http,16,101,10059.40594059406,0,,-999,
2026-07-29T06:56:38.275Z,cmrx9lhbn0007w96x99do9808,lora,16,1346,4827.2,0,133,-93,9.5
2026-07-29T06:56:42.073Z,cmrx9lhbn0007w96x99do9808,http,17,70,14514.28571428571,0,,-999,
2026-07-29T06:56:43.346Z,cmrx9lhbn0007w96x99do9808,lora,17,1343,4867.7,0,131,-97,9.25
2026-07-29T06:56:47.199Z,cmrx9lhbn0007w96x99do9808,http,18,70,14514.28571428571,0,,-999,
2026-07-29T06:56:48.472Z,cmrx9lhbn0007w96x99do9808,lora,18,1344,4790.9,0,132,-92,9.5
2026-07-29T06:56:52.332Z,cmrx9lhbn0007w96x99do9808,http,19,97,10474.22680412371,0,,-999,
2026-07-29T06:56:53.577Z,cmrx9lhbn0007w96x99do9808,lora,19,1342,4790.9,0,132,-94,9.5
2026-07-29T06:56:57.402Z,cmrx9lhbn0007w96x99do9808,http,20,74,13729.72972972973,0,,-999,
2026-07-29T06:56:58.661Z,cmrx9lhbn0007w96x99do9808,lora,20,1333,4796,0,126,-95,10
2026-07-29T06:57:06.144Z,cmrx9lhbn0007w96x99do9808,http,21,139,7309.352517985611,0,,-999,
2026-07-29T06:57:07.352Z,cmrx9lhbn0007w96x99do9808,lora,21,1347,4790.9,0,132,-95,9.5
2026-07-29T06:57:11.156Z,cmrx9lhbn0007w96x99do9808,http,22,79,12860.75949367089,0,,-999,
2026-07-29T06:57:12.421Z,cmrx9lhbn0007w96x99do9808,lora,22,1344,4830.6,0,130,-96,9.5
2026-07-29T06:57:16.282Z,cmrx9lhbn0007w96x99do9808,http,23,117,8683.760683760684,0,,-999,
2026-07-29T06:57:17.508Z,cmrx9lhbn0007w96x99do9808,lora,23,1343,4790.9,0,132,-98,9.5
2026-07-29T06:57:21.943Z,cmrx9lhbn0007w96x99do9808,http,24,140,7257.142857142857,0,,-999,
2026-07-29T06:57:23.148Z,cmrx9lhbn0007w96x99do9808,lora,24,1344,4830.6,0,130,-103,8.5
2026-07-29T06:57:27.440Z,cmrx9lhbn0007w96x99do9808,http,25,91,11164.83516483517,0,,-999,
2026-07-29T06:57:28.692Z,cmrx9lhbn0007w96x99do9808,lora,25,1343,4790.9,0,132,-95,9.5
2026-07-29T06:57:32.561Z,cmrx9lhbn0007w96x99do9808,http,26,110,9236.363636363636,0,,-999,
2026-07-29T06:57:33.789Z,cmrx9lhbn0007w96x99do9808,lora,26,1338,4834,0,127,-93,10
2026-07-29T06:57:37.664Z,cmrx9lhbn0007w96x99do9808,http,27,87,11678.16091954023,0,,-999,
2026-07-29T06:57:38.916Z,cmrx9lhbn0007w96x99do9808,lora,27,1339,4830.6,0,130,-97,9.25
2026-07-29T06:57:42.753Z,cmrx9lhbn0007w96x99do9808,http,28,89,11415.73033707865,0,,-999,
2026-07-29T06:57:44.005Z,cmrx9lhbn0007w96x99do9808,lora,28,1341,4830.6,0,130,-98,9.25
2026-07-29T06:57:47.884Z,cmrx9lhbn0007w96x99do9808,http,29,97,10474.22680412371,0,,-999,
2026-07-29T06:57:49.129Z,cmrx9lhbn0007w96x99do9808,lora,29,1342,4827.2,0,133,-99,9
2026-07-29T06:57:52.992Z,cmrx9lhbn0007w96x99do9808,http,30,78,13025.64102564103,0,,-999,
2026-07-29T06:57:56.248Z,cmrx9lhbn0007w96x99do9808,lora,30,3334,4756.2,0,128,-98,9
2026-07-29T06:57:58.073Z,cmrx9lhbn0007w96x99do9808,http,31,54,18814.81481481481,0,,-999,
2026-07-29T06:57:59.358Z,cmrx9lhbn0007w96x99do9808,lora,31,1339,4830.6,0,130,-100,9
2026-07-29T06:58:03.165Z,cmrx9lhbn0007w96x99do9808,http,32,58,17517.24137931034,0,,-999,
2026-07-29T06:58:04.446Z,cmrx9lhbn0007w96x99do9808,lora,32,1339,4830.6,0,130,-97,9
2026-07-29T06:58:08.277Z,cmrx9lhbn0007w96x99do9808,http,33,86,11813.95348837209,0,,-999,
2026-07-29T06:58:09.542Z,cmrx9lhbn0007w96x99do9808,lora,33,1352,4830.6,0,130,-93,9.75
2026-07-29T06:58:13.364Z,cmrx9lhbn0007w96x99do9808,http,34,65,15630.76923076923,0,,-999,
2026-07-29T06:58:14.638Z,cmrx9lhbn0007w96x99do9808,lora,34,1340,4830.6,0,130,-99,9.5
2026-07-29T06:58:21.314Z,cmrx9lhbn0007w96x99do9808,http,35,158,6430.379746835443,0,,-999,
2026-07-29T06:58:22.495Z,cmrx9lhbn0007w96x99do9808,lora,35,1339,4756.2,0,128,-92,9.5
2026-07-29T06:58:26.687Z,cmrx9lhbn0007w96x99do9808,http,36,55,18472.72727272727,0,,-999,
2026-07-29T06:58:27.960Z,cmrx9lhbn0007w96x99do9808,lora,36,1328,4796,0,126,-104,8.5
2026-07-29T06:58:35.142Z,cmrx9lhbn0007w96x99do9808,http,37,122,8327.868852459016,0,,-999,
2026-07-29T06:58:36.368Z,cmrx9lhbn0007w96x99do9808,lora,37,1348,4790.9,0,132,-96,10
2026-07-29T06:58:40.184Z,cmrx9lhbn0007w96x99do9808,http,38,93,10924.7311827957,0,,-999,
2026-07-29T06:58:41.432Z,cmrx9lhbn0007w96x99do9808,lora,38,1341,4827.2,0,133,-100,9
2026-07-29T06:58:45.217Z,cmrx9lhbn0007w96x99do9808,http,39,71,14309.85915492958,0,,-999,
2026-07-29T06:58:46.481Z,cmrx9lhbn0007w96x99do9808,lora,39,1337,4830.6,0,130,-102,8.75
2026-07-29T06:58:51.148Z,cmrx9lhbn0007w96x99do9808,http,40,62,16387.09677419355,0,,-999,
2026-07-29T06:58:52.410Z,cmrx9lhbn0007w96x99do9808,lora,40,1325,4793.4,0,129,-100,9.25
2026-07-29T06:58:56.693Z,cmrx9lhbn0007w96x99do9808,http,41,74,13729.72972972973,0,,-999,
2026-07-29T06:58:57.940Z,cmrx9lhbn0007w96x99do9808,lora,41,1321,4796,0,126,-95,10
2026-07-29T06:59:03.962Z,cmrx9lhbn0007w96x99do9808,http,42,145,7006.896551724138,0,,-999,
2026-07-29T06:59:05.160Z,cmrx9lhbn0007w96x99do9808,lora,42,1343,4867.7,0,131,-96,9.25
2026-07-29T06:59:09.113Z,cmrx9lhbn0007w96x99do9808,http,43,62,16387.09677419355,0,,-999,
2026-07-29T06:59:10.387Z,cmrx9lhbn0007w96x99do9808,lora,43,1336,4830.6,0,130,-97,9.25
2026-07-29T06:59:16.680Z,cmrx9lhbn0007w96x99do9808,http,44,272,3735.294117647059,0,,-999,
2026-07-29T06:59:17.750Z,cmrx9lhbn0007w96x99do9808,lora,44,1343,4867.7,0,131,-90,9.75
2026-07-29T06:59:21.557Z,cmrx9lhbn0007w96x99do9808,http,45,97,10474.22680412371,0,,-999,
2026-07-29T06:59:22.792Z,cmrx9lhbn0007w96x99do9808,lora,45,1332,4834,0,127,-96,9
2026-07-29T06:59:29.476Z,cmrx9lhbn0007w96x99do9808,http,46,136,7470.588235294118,0,,-999,
2026-07-29T06:59:30.680Z,cmrx9lhbn0007w96x99do9808,lora,46,1340,4834,0,127,-92,9.25
2026-07-29T06:59:34.457Z,cmrx9lhbn0007w96x99do9808,http,47,94,10808.51063829787,0,,-999,
2026-07-29T06:59:35.698Z,cmrx9lhbn0007w96x99do9808,lora,47,1335,4793.4,0,129,-95,9.75
2026-07-29T06:59:39.990Z,cmrx9lhbn0007w96x99do9808,http,48,591,1719.12013536379,0,,-999,
2026-07-29T06:59:40.732Z,cmrx9lhbn0007w96x99do9808,lora,48,1332,4756.2,0,128,-92,9.25
2026-07-29T06:59:44.566Z,cmrx9lhbn0007w96x99do9808,http,49,95,10694.73684210526,0,,-999,
2026-07-29T06:59:45.804Z,cmrx9lhbn0007w96x99do9808,lora,49,1333,4793.4,0,129,-98,9.75
2026-07-29T06:59:49.604Z,cmrx9lhbn0007w96x99do9808,http,50,63,16126.98412698413,0,,-999,
2026-07-29T06:59:50.878Z,cmrx9lhbn0007w96x99do9808,lora,50,1337,4867.7,0,131,-93,9.75
2026-07-29T06:59:54.664Z,cmrx9lhbn0007w96x99do9808,http,51,86,11813.95348837209,0,,-999,
2026-07-29T06:59:55.913Z,cmrx9lhbn0007w96x99do9808,lora,51,1335,4793.4,0,129,-95,9.5
2026-07-29T06:59:59.713Z,cmrx9lhbn0007w96x99do9808,http,52,64,15875,0,,-999,
2026-07-29T07:00:01.001Z,cmrx9lhbn0007w96x99do9808,lora,52,1351,4793.4,0,129,-89,10
2026-07-29T07:00:04.811Z,cmrx9lhbn0007w96x99do9808,http,53,93,10924.7311827957,0,,-999,
2026-07-29T07:00:06.051Z,cmrx9lhbn0007w96x99do9808,lora,53,1333,4837.7,0,124,-96,9.25
2026-07-29T07:00:13.027Z,cmrx9lhbn0007w96x99do9808,http,54,133,7639.097744360903,0,,-999,
2026-07-29T07:00:14.232Z,cmrx9lhbn0007w96x99do9808,lora,54,1338,4834,0,127,-92,9.5
2026-07-29T07:00:18.511Z,cmrx9lhbn0007w96x99do9808,http,55,86,11813.95348837209,0,,-999,
2026-07-29T07:00:19.762Z,cmrx9lhbn0007w96x99do9808,lora,55,1337,4793.4,0,129,-91,9.25
2026-07-29T07:00:26.732Z,cmrx9lhbn0007w96x99do9808,http,56,160,6350,0,,-999,
2026-07-29T07:00:27.912Z,cmrx9lhbn0007w96x99do9808,lora,56,1340,4757.9,0,125,-96,9.5
2026-07-29T07:00:58.811Z,cmrx9lhbn0007w96x99do9808,http,1,129,7875.968992248062,0,,-999,
2026-07-29T07:01:00.027Z,cmrx9lhbn0007w96x99do9808,lora,1,1345,4834,0,127,-94,10.25
2026-07-29T07:01:04.350Z,cmrx9lhbn0007w96x99do9808,http,2,106,9584.905660377359,0,,-999,
2026-07-29T07:01:05.575Z,cmrx9lhbn0007w96x99do9808,lora,2,1332,4796,0,126,-92,9.25
2026-07-29T07:01:09.417Z,cmrx9lhbn0007w96x99do9808,http,3,68,14941.17647058824,0,,-999,
2026-07-29T07:01:10.689Z,cmrx9lhbn0007w96x99do9808,lora,3,1340,4830.6,0,130,-94,9.5
2026-07-29T07:01:18.173Z,cmrx9lhbn0007w96x99do9808,http,4,109,9321.100917431193,0,,-999,
2026-07-29T07:01:19.415Z,cmrx9lhbn0007w96x99do9808,lora,4,1351,4867.7,0,131,-91,9.75
2026-07-29T07:01:23.219Z,cmrx9lhbn0007w96x99do9808,http,5,83,12240.96385542169,0,,-999,
2026-07-29T07:01:24.468Z,cmrx9lhbn0007w96x99do9808,lora,5,1332,4796,0,126,-93,9.25
2026-07-29T07:01:28.258Z,cmrx9lhbn0007w96x99do9808,http,6,67,15164.17910447761,0,,-999,
2026-07-29T07:01:29.522Z,cmrx9lhbn0007w96x99do9808,lora,6,1331,4796,0,126,-90,10
2026-07-29T07:01:35.503Z,cmrx9lhbn0007w96x99do9808,http,7,125,8128,0,,-999,
2026-07-29T07:01:36.714Z,cmrx9lhbn0007w96x99do9808,lora,7,1338,4837.7,0,124,-96,9.25
2026-07-29T07:01:41.054Z,cmrx9lhbn0007w96x99do9808,http,8,107,9495.327102803738,0,,-999,
2026-07-29T07:01:42.280Z,cmrx9lhbn0007w96x99do9808,lora,8,1332,4757.9,0,125,-100,9
2026-07-29T07:01:46.247Z,cmrx9lhbn0007w96x99do9808,http,9,176,5772.727272727273,0,,-999,
2026-07-29T07:01:47.402Z,cmrx9lhbn0007w96x99do9808,lora,9,1331,4837.7,0,124,-88,9.75
2026-07-29T07:01:51.665Z,cmrx9lhbn0007w96x99do9808,http,10,96,10583.33333333333,0,,-999,
2026-07-29T07:01:52.903Z,cmrx9lhbn0007w96x99do9808,lora,10,1335,4756.2,0,128,-90,9.75
2026-07-29T07:01:56.763Z,cmrx9lhbn0007w96x99do9808,http,11,109,9321.100917431193,0,,-999,
2026-07-29T07:01:57.977Z,cmrx9lhbn0007w96x99do9808,lora,11,1323,4837.7,0,124,-93,9.5
2026-07-29T07:02:01.893Z,cmrx9lhbn0007w96x99do9808,http,12,110,9236.363636363636,0,,-999,
2026-07-29T07:02:03.121Z,cmrx9lhbn0007w96x99do9808,lora,12,1338,4837.7,0,124,-99,8.75
2026-07-29T07:02:07.039Z,cmrx9lhbn0007w96x99do9808,http,13,166,6120.481927710844,0,,-999,
2026-07-29T07:02:08.210Z,cmrx9lhbn0007w96x99do9808,lora,13,1337,4756.2,0,128,-102,8.25
2026-07-29T07:02:12.070Z,cmrx9lhbn0007w96x99do9808,http,14,70,14514.28571428571,0,,-999,
2026-07-29T07:02:13.337Z,cmrx9lhbn0007w96x99do9808,lora,14,1337,4834,0,127,-92,9.5
2026-07-29T07:02:17.292Z,cmrx9lhbn0007w96x99do9808,http,15,123,8260.162601626016,0,,-999,
2026-07-29T07:02:18.499Z,cmrx9lhbn0007w96x99do9808,lora,15,1330,4798.7,0,123,-89,9.5
2026-07-29T07:02:22.385Z,cmrx9lhbn0007w96x99do9808,http,16,92,11043.47826086957,0,,-999,
2026-07-29T07:02:23.625Z,cmrx9lhbn0007w96x99do9808,lora,16,1331,4757.9,0,125,-98,9.25
2026-07-29T07:02:27.424Z,cmrx9lhbn0007w96x99do9808,http,17,76,13368.42105263158,0,,-999,
2026-07-29T07:02:28.677Z,cmrx9lhbn0007w96x99do9808,lora,17,1329,4834,0,127,-92,9.5
2026-07-29T07:02:32.533Z,cmrx9lhbn0007w96x99do9808,http,18,96,10583.33333333333,0,,-999,
2026-07-29T07:02:35.769Z,cmrx9lhbn0007w96x99do9808,lora,18,3333,4756.2,0,128,-92,9.5
2026-07-29T07:02:37.684Z,cmrx9lhbn0007w96x99do9808,http,19,124,8193.548387096775,0,,-999,
2026-07-29T07:02:38.899Z,cmrx9lhbn0007w96x99do9808,lora,19,1338,4834,0,127,-90,9.75
2026-07-29T07:02:42.794Z,cmrx9lhbn0007w96x99do9808,http,20,108,9407.407407407407,0,,-999,
2026-07-29T07:02:44.020Z,cmrx9lhbn0007w96x99do9808,lora,20,1335,4757.9,0,125,-98,8.75
2026-07-29T07:02:47.814Z,cmrx9lhbn0007w96x99do9808,http,21,73,13917.80821917808,0,,-999,
2026-07-29T07:02:49.080Z,cmrx9lhbn0007w96x99do9808,lora,21,1339,4834,0,127,-92,10
2026-07-29T07:02:52.979Z,cmrx9lhbn0007w96x99do9808,http,22,94,10808.51063829787,0,,-999,
2026-07-29T07:02:54.217Z,cmrx9lhbn0007w96x99do9808,lora,22,1332,4757.9,0,125,-99,8.75
2026-07-29T07:02:58.106Z,cmrx9lhbn0007w96x99do9808,http,23,113,8991.150442477876,0,,-999,
2026-07-29T07:02:59.329Z,cmrx9lhbn0007w96x99do9808,lora,23,1335,4834,0,127,-98,9.75
2026-07-29T07:03:04.091Z,cmrx9lhbn0007w96x99do9808,http,24,90,11288.88888888889,0,,-999,
2026-07-29T07:03:05.337Z,cmrx9lhbn0007w96x99do9808,lora,24,1336,4834,0,127,-90,9.75
2026-07-29T07:03:09.374Z,cmrx9lhbn0007w96x99do9808,http,25,66,15393.93939393939,0,,-999,
2026-07-29T07:03:10.648Z,cmrx9lhbn0007w96x99do9808,lora,25,1340,4834,0,127,-92,9.25
2026-07-29T07:03:17.545Z,cmrx9lhbn0007w96x99do9808,http,26,111,9153.153153153153,0,,-999,
2026-07-29T07:03:18.773Z,cmrx9lhbn0007w96x99do9808,lora,26,1339,4837.7,0,124,-94,9.5
2026-07-29T07:03:23.063Z,cmrx9lhbn0007w96x99do9808,http,27,75,13546.66666666667,0,,-999,
2026-07-29T07:03:24.321Z,cmrx9lhbn0007w96x99do9808,lora,27,1333,4759.7,0,122,-91,9.75
2026-07-29T07:03:32.574Z,cmrx9lhbn0007w96x99do9808,http,28,180,5644.444444444444,0,,-999,
2026-07-29T07:03:33.720Z,cmrx9lhbn0007w96x99do9808,lora,28,1326,4721.5,0,118,-98,9
2026-07-29T07:03:38.026Z,cmrx9lhbn0007w96x99do9808,http,29,96,10583.33333333333,0,,-999,
2026-07-29T07:03:39.260Z,cmrx9lhbn0007w96x99do9808,lora,29,1330,4757.9,0,125,-92,10
2026-07-29T07:03:46.382Z,cmrx9lhbn0007w96x99do9808,http,30,189,5375.661375661376,0,,-999,
2026-07-29T07:03:47.537Z,cmrx9lhbn0007w96x99do9808,lora,30,1344,4834,0,127,-92,9.75
2026-07-29T07:03:51.360Z,cmrx9lhbn0007w96x99do9808,http,31,73,13917.80821917808,0,,-999,
2026-07-29T07:03:52.608Z,cmrx9lhbn0007w96x99do9808,lora,31,1321,4721.5,0,118,-93,9.5
2026-07-29T07:03:56.530Z,cmrx9lhbn0007w96x99do9808,http,32,114,8912.280701754386,0,,-999,
2026-07-29T07:03:57.748Z,cmrx9lhbn0007w96x99do9808,lora,32,1332,4798.7,0,123,-98,9
2026-07-29T07:04:02.861Z,cmrx9lhbn0007w96x99do9808,http,33,161,6310.559006211181,0,,-999,
2026-07-29T07:04:04.047Z,cmrx9lhbn0007w96x99do9808,lora,33,1348,4756.2,0,128,-91,9.5
2026-07-29T07:04:08.296Z,cmrx9lhbn0007w96x99do9808,http,34,59,17220.33898305085,0,,-999,
2026-07-29T07:04:09.573Z,cmrx9lhbn0007w96x99do9808,lora,34,1336,4834,0,127,-90,9.5
2026-07-29T07:04:16.208Z,cmrx9lhbn0007w96x99do9808,http,35,121,8396.694214876034,0,,-999,
2026-07-29T07:04:17.425Z,cmrx9lhbn0007w96x99do9808,lora,35,1339,4798.7,0,123,-89,9.75
2026-07-29T07:04:21.744Z,cmrx9lhbn0007w96x99do9808,http,36,100,10160,0,,-999,
2026-07-29T07:04:22.979Z,cmrx9lhbn0007w96x99do9808,lora,36,1336,4834,0,127,-89,9.75
2026-07-29T07:04:30.294Z,cmrx9lhbn0007w96x99do9808,http,37,193,5264.248704663212,0,,-999,
2026-07-29T07:04:31.437Z,cmrx9lhbn0007w96x99do9808,lora,37,1337,4798.7,0,123,-101,9
2026-07-29T07:04:35.722Z,cmrx9lhbn0007w96x99do9808,http,38,69,14724.63768115942,0,,-999,
2026-07-29T07:04:36.985Z,cmrx9lhbn0007w96x99do9808,lora,38,1332,4757.9,0,125,-89,10
2026-07-29T07:04:40.819Z,cmrx9lhbn0007w96x99do9808,http,39,65,15630.76923076923,0,,-999,
2026-07-29T07:04:42.094Z,cmrx9lhbn0007w96x99do9808,lora,39,1340,4834,0,127,-93,9.5
2026-07-29T07:04:45.944Z,cmrx9lhbn0007w96x99do9808,http,40,97,10474.22680412371,0,,-999,
2026-07-29T07:04:47.179Z,cmrx9lhbn0007w96x99do9808,lora,40,1332,4834,0,127,-88,9.75
2026-07-29T07:04:51.046Z,cmrx9lhbn0007w96x99do9808,http,41,107,9495.327102803738,0,,-999,
2026-07-29T07:04:52.277Z,cmrx9lhbn0007w96x99do9808,lora,41,1338,4834,0,127,-87,10
2026-07-29T07:04:59.019Z,cmrx9lhbn0007w96x99do9808,http,42,203,5004.926108374384,0,,-999,
2026-07-29T07:05:00.172Z,cmrx9lhbn0007w96x99do9808,lora,42,1357,4834,0,127,-87,9.5
2026-07-29T07:05:04.490Z,cmrx9lhbn0007w96x99do9808,http,43,102,9960.78431372549,0,,-999,
2026-07-29T07:05:05.720Z,cmrx9lhbn0007w96x99do9808,lora,43,1334,4757.9,0,125,-86,9.25
2026-07-29T07:05:09.478Z,cmrx9lhbn0007w96x99do9808,http,44,66,15393.93939393939,0,,-999,
2026-07-29T07:05:10.753Z,cmrx9lhbn0007w96x99do9808,lora,44,1341,4867.7,0,131,-85,10
2026-07-29T07:05:14.657Z,cmrx9lhbn0007w96x99do9808,http,45,65,15630.76923076923,0,,-999,
2026-07-29T07:05:15.937Z,cmrx9lhbn0007w96x99do9808,lora,45,1344,4867.7,0,131,-85,9
2026-07-29T07:05:19.723Z,cmrx9lhbn0007w96x99do9808,http,46,120,8466.666666666666,0,,-999,
2026-07-29T07:05:20.940Z,cmrx9lhbn0007w96x99do9808,lora,46,1337,4756.2,0,128,-85,9.25
2026-07-29T07:05:27.082Z,cmrx9lhbn0007w96x99do9808,http,47,134,7582.089552238806,0,,-999,
2026-07-29T07:05:28.295Z,cmrx9lhbn0007w96x99do9808,lora,47,1346,4756.2,0,128,-86,9.5
2026-07-29T07:05:32.195Z,cmrx9lhbn0007w96x99do9808,http,48,204,4980.392156862745,0,,-999,
2026-07-29T07:05:33.329Z,cmrx9lhbn0007w96x99do9808,lora,48,1337,4796,0,126,-85,9.5
2026-07-29T07:05:37.141Z,cmrx9lhbn0007w96x99do9808,http,49,96,10583.33333333333,0,,-999,
2026-07-29T07:05:38.387Z,cmrx9lhbn0007w96x99do9808,lora,49,1342,4867.7,0,131,-89,9.5
2026-07-29T07:05:43.083Z,cmrx9lhbn0007w96x99do9808,http,50,99,10262.62626262626,0,,-999,
2026-07-29T07:05:44.322Z,cmrx9lhbn0007w96x99do9808,lora,50,1338,4834,0,127,-92,9.25
2026-07-29T07:05:48.597Z,cmrx9lhbn0007w96x99do9808,http,51,97,10474.22680412371,0,,-999,
2026-07-29T07:05:49.830Z,cmrx9lhbn0007w96x99do9808,lora,51,1331,4757.9,0,125,-91,9.25
2026-07-29T07:05:53.890Z,cmrx9lhbn0007w96x99do9808,http,52,127,8000,0,,-999,
2026-07-29T07:05:55.092Z,cmrx9lhbn0007w96x99do9808,lora,52,1330,4837.7,0,124,-90,9.25
2026-07-29T07:05:59.346Z,cmrx9lhbn0007w96x99do9808,http,53,107,9495.327102803738,0,,-999,
2026-07-29T07:06:00.577Z,cmrx9lhbn0007w96x99do9808,lora,53,1338,4756.2,0,128,-87,9.75
2026-07-29T07:06:04.464Z,cmrx9lhbn0007w96x99do9808,http,54,136,7470.588235294118,0,,-999,
2026-07-29T07:06:05.658Z,cmrx9lhbn0007w96x99do9808,lora,54,1330,4837.7,0,124,-92,9.5
2026-07-29T07:06:09.443Z,cmrx9lhbn0007w96x99do9808,http,55,76,13368.42105263158,0,,-999,
2026-07-29T07:06:10.710Z,cmrx9lhbn0007w96x99do9808,lora,55,1343,4830.6,0,130,-93,9.5
2026-07-29T07:06:14.564Z,cmrx9lhbn0007w96x99do9808,http,56,77,13194.80519480519,0,,-999,
2026-07-29T07:06:15.812Z,cmrx9lhbn0007w96x99do9808,lora,56,1325,4759.7,0,122,-88,10
2026-07-29T07:06:19.723Z,cmrx9lhbn0007w96x99do9808,http,57,145,7006.896551724138,0,,-999,
2026-07-29T07:06:20.921Z,cmrx9lhbn0007w96x99do9808,lora,57,1343,4867.7,0,131,-97,8.5
2026-07-29T07:06:27.989Z,cmrx9lhbn0007w96x99do9808,http,58,144,7055.555555555556,0,,-999,
2026-07-29T07:06:29.192Z,cmrx9lhbn0007w96x99do9808,lora,58,1348,4867.7,0,131,-87,9.75
2026-07-29T07:06:33.011Z,cmrx9lhbn0007w96x99do9808,http,59,110,9236.363636363636,0,,-999,
2026-07-29T07:06:34.236Z,cmrx9lhbn0007w96x99do9808,lora,59,1335,4796,0,126,-92,9
2026-07-29T07:06:40.984Z,cmrx9lhbn0007w96x99do9808,http,60,115,8834.782608695652,0,,-999,
2026-07-29T07:06:42.205Z,cmrx9lhbn0007w96x99do9808,lora,60,1336,4796,0,126,-92,9.75
2026-07-29T07:06:45.967Z,cmrx9lhbn0007w96x99do9808,http,61,81,12543.20987654321,0,,-999,
2026-07-29T07:06:47.248Z,cmrx9lhbn0007w96x99do9808,lora,61,1362,4790.9,0,132,-93,9.75
2026-07-29T07:06:54.047Z,cmrx9lhbn0007w96x99do9808,http,62,145,7006.896551724138,0,,-999,
2026-07-29T07:06:55.255Z,cmrx9lhbn0007w96x99do9808,lora,62,1351,4830.6,0,130,-89,9.5
2026-07-29T07:06:59.035Z,cmrx9lhbn0007w96x99do9808,http,63,93,10924.7311827957,0,,-999,
2026-07-29T07:07:00.279Z,cmrx9lhbn0007w96x99do9808,lora,63,1338,4756.2,0,128,-88,9.5
2026-07-29T07:07:08.678Z,cmrx9lhbn0007w96x99do9808,http,64,137,7416.058394160584,0,,-999,
2026-07-29T07:07:09.893Z,cmrx9lhbn0007w96x99do9808,lora,64,1352,4827.2,0,133,-91,9.25
2026-07-29T07:07:14.092Z,cmrx9lhbn0007w96x99do9808,http,65,99,10262.62626262626,0,,-999,
2026-07-29T07:07:15.324Z,cmrx9lhbn0007w96x99do9808,lora,65,1332,4796,0,126,-86,9.75
2026-07-29T07:07:24.088Z,cmrx9lhbn0007w96x99do9808,http,66,142,7154.929577464789,0,,-999,
2026-07-29T07:07:25.300Z,cmrx9lhbn0007w96x99do9808,lora,66,1352,4830.6,0,130,-86,9.5
2026-07-29T07:07:29.478Z,cmrx9lhbn0007w96x99do9808,http,67,68,14941.17647058824,0,,-999,
2026-07-29T07:07:30.753Z,cmrx9lhbn0007w96x99do9808,lora,67,1343,4790.9,0,132,-91,9.75
2026-07-29T07:07:37.285Z,cmrx9lhbn0007w96x99do9808,http,68,115,8834.782608695652,0,,-999,
2026-07-29T07:07:38.522Z,cmrx9lhbn0007w96x99do9808,lora,68,1351,4867.7,0,131,-87,9.25
2026-07-29T07:07:42.802Z,cmrx9lhbn0007w96x99do9808,http,69,120,8466.666666666666,0,,-999,
2026-07-29T07:07:44.023Z,cmrx9lhbn0007w96x99do9808,lora,69,1341,4793.4,0,129,-89,10
2026-07-29T07:07:51.724Z,cmrx9lhbn0007w96x99do9808,http,70,140,7257.142857142857,0,,-999,
2026-07-29T07:07:52.936Z,cmrx9lhbn0007w96x99do9808,lora,70,1352,4867.7,0,131,-88,9
2026-07-29T07:07:56.709Z,cmrx9lhbn0007w96x99do9808,http,71,73,13917.80821917808,0,,-999,
2026-07-29T07:07:57.966Z,cmrx9lhbn0007w96x99do9808,lora,71,1331,4796,0,126,-93,9.75
2026-07-29T07:08:05.115Z,cmrx9lhbn0007w96x99do9808,http,72,229,4436.681222707423,0,,-999,
2026-07-29T07:08:06.226Z,cmrx9lhbn0007w96x99do9808,lora,72,1340,4796,0,126,-89,10.5
2026-07-29T07:08:10.272Z,cmrx9lhbn0007w96x99do9808,http,73,87,11678.16091954023,0,,-999,
2026-07-29T07:08:11.517Z,cmrx9lhbn0007w96x99do9808,lora,73,1332,4796,0,126,-91,9.5
2026-07-29T07:08:15.589Z,cmrx9lhbn0007w96x99do9808,http,74,99,10262.62626262626,0,,-999,
2026-07-29T07:08:16.817Z,cmrx9lhbn0007w96x99do9808,lora,74,1327,4759.7,0,122,-98,9.25
2026-07-29T07:08:23.317Z,cmrx9lhbn0007w96x99do9808,http,75,143,7104.895104895105,0,,-999,
2026-07-29T07:08:24.520Z,cmrx9lhbn0007w96x99do9808,lora,75,1346,4793.4,0,129,-94,10
2026-07-29T07:08:28.390Z,cmrx9lhbn0007w96x99do9808,http,76,110,9236.363636363636,0,,-999,
2026-07-29T07:08:29.625Z,cmrx9lhbn0007w96x99do9808,lora,76,1344,4830.6,0,130,-95,9.5
2026-07-29T07:08:33.658Z,cmrx9lhbn0007w96x99do9808,http,77,111,9153.153153153153,0,,-999,
2026-07-29T07:08:34.881Z,cmrx9lhbn0007w96x99do9808,lora,77,1334,4796,0,126,-92,9.25
2026-07-29T07:08:41.636Z,cmrx9lhbn0007w96x99do9808,http,78,157,6471.337579617834,0,,-999,
2026-07-29T07:08:42.819Z,cmrx9lhbn0007w96x99do9808,lora,78,1341,4798.7,0,123,-109,4
2026-07-29T07:08:46.613Z,cmrx9lhbn0007w96x99do9808,http,79,112,9071.42857142857,0,,-999,
2026-07-29T07:08:47.839Z,cmrx9lhbn0007w96x99do9808,lora,79,1338,4793.4,0,129,-92,10.25
2026-07-29T07:08:55.470Z,cmrx9lhbn0007w96x99do9808,http,80,137,7416.058394160584,0,,-999,
2026-07-29T07:08:56.673Z,cmrx9lhbn0007w96x99do9808,lora,80,1339,4796,0,126,-88,9.5
2026-07-29T07:09:00.520Z,cmrx9lhbn0007w96x99do9808,http,81,83,12240.96385542169,0,,-999,
2026-07-29T07:09:01.782Z,cmrx9lhbn0007w96x99do9808,lora,81,1345,4757.9,0,125,-93,9.5
2026-07-29T07:09:05.675Z,cmrx9lhbn0007w96x99do9808,http,82,101,10059.40594059406,0,,-999,
2026-07-29T07:09:06.907Z,cmrx9lhbn0007w96x99do9808,lora,82,1333,4796,0,126,-91,9.5
2026-07-29T07:09:10.854Z,cmrx9lhbn0007w96x99do9808,http,83,82,12390.24390243902,0,,-999,
2026-07-29T07:09:12.111Z,cmrx9lhbn0007w96x99do9808,lora,83,1339,4793.4,0,129,-91,10
2026-07-29T07:09:15.983Z,cmrx9lhbn0007w96x99do9808,http,84,93,10924.7311827957,0,,-999,
2026-07-29T07:09:17.226Z,cmrx9lhbn0007w96x99do9808,lora,84,1336,4793.4,0,129,-92,9.75
2026-07-29T07:09:21.011Z,cmrx9lhbn0007w96x99do9808,http,85,73,13917.80821917808,0,,-999,
2026-07-29T07:09:22.269Z,cmrx9lhbn0007w96x99do9808,lora,85,1331,4757.9,0,125,-103,7
2026-07-29T07:09:26.153Z,cmrx9lhbn0007w96x99do9808,http,86,111,9153.153153153153,0,,-999,
2026-07-29T07:09:27.389Z,cmrx9lhbn0007w96x99do9808,lora,86,1346,4830.6,0,130,-98,8.75
2026-07-29T07:09:31.746Z,cmrx9lhbn0007w96x99do9808,http,87,67,15164.17910447761,0,,-999,
2026-07-29T07:09:33.021Z,cmrx9lhbn0007w96x99do9808,lora,87,1341,4793.4,0,129,-91,10
2026-07-29T07:09:37.345Z,cmrx9lhbn0007w96x99do9808,http,88,99,10262.62626262626,0,,-999,
2026-07-29T07:09:38.586Z,cmrx9lhbn0007w96x99do9808,lora,88,1340,4834,0,127,-91,9.5
2026-07-29T07:09:45.695Z,cmrx9lhbn0007w96x99do9808,http,89,129,7875.968992248062,0,,-999,
2026-07-29T07:09:46.914Z,cmrx9lhbn0007w96x99do9808,lora,89,1348,4793.4,0,129,-91,9.25
2026-07-29T07:09:50.724Z,cmrx9lhbn0007w96x99do9808,http,90,69,14724.63768115942,0,,-999,
2026-07-29T07:09:51.993Z,cmrx9lhbn0007w96x99do9808,lora,90,1338,4793.4,0,129,-96,9.25
2026-07-29T07:09:59.816Z,cmrx9lhbn0007w96x99do9808,http,91,110,9236.363636363636,0,,-999,
2026-07-29T07:10:01.062Z,cmrx9lhbn0007w96x99do9808,lora,91,1355,4798.7,0,123,-97,9
2026-07-29T07:10:05.365Z,cmrx9lhbn0007w96x99do9808,http,92,90,11288.88888888889,0,,-999,
2026-07-29T07:10:06.610Z,cmrx9lhbn0007w96x99do9808,lora,92,1334,4796,0,126,-90,10.75
2026-07-29T07:10:10.482Z,cmrx9lhbn0007w96x99do9808,http,93,88,11545.45454545455,0,,-999,
2026-07-29T07:10:11.738Z,cmrx9lhbn0007w96x99do9808,lora,93,1343,4830.6,0,130,-94,9.75
2026-07-29T07:10:15.614Z,cmrx9lhbn0007w96x99do9808,http,94,98,10367.34693877551,0,,-999,
2026-07-29T07:10:16.856Z,cmrx9lhbn0007w96x99do9808,lora,94,1340,4793.4,0,129,-90,9.75
2026-07-29T07:10:20.702Z,cmrx9lhbn0007w96x99do9808,http,95,134,7582.089552238806,0,,-999,
2026-07-29T07:10:21.907Z,cmrx9lhbn0007w96x99do9808,lora,95,1339,4793.4,0,129,-94,9.5
2026-07-29T07:10:27.601Z,cmrx9lhbn0007w96x99do9808,http,96,137,7416.058394160584,0,,-999,
2026-07-29T07:10:28.812Z,cmrx9lhbn0007w96x99do9808,lora,96,1347,4793.4,0,129,-92,10
2026-07-29T07:10:33.124Z,cmrx9lhbn0007w96x99do9808,http,97,107,9495.327102803738,0,,-999,
2026-07-29T07:10:34.354Z,cmrx9lhbn0007w96x99do9808,lora,97,1337,4793.4,0,129,-97,8.5
2026-07-29T07:10:40.572Z,cmrx9lhbn0007w96x99do9808,http,98,152,6684.210526315789,0,,-999,
2026-07-29T07:10:41.763Z,cmrx9lhbn0007w96x99do9808,lora,98,1343,4834,0,127,-89,9.5
2026-07-29T07:10:45.610Z,cmrx9lhbn0007w96x99do9808,http,99,67,15164.17910447761,0,,-999,
2026-07-29T07:10:46.883Z,cmrx9lhbn0007w96x99do9808,lora,99,1341,4756.2,0,128,-93,8.75
2026-07-29T07:10:50.767Z,cmrx9lhbn0007w96x99do9808,http,100,154,6597.402597402597,0,,-999,
2026-07-29T07:10:51.967Z,cmrx9lhbn0007w96x99do9808,lora,100,1354,4793.4,0,129,-89,10
2026-07-29T07:10:55.822Z,cmrx9lhbn0007w96x99do9808,http,101,80,12700,0,,-999,
2026-07-29T07:10:57.086Z,cmrx9lhbn0007w96x99do9808,lora,101,1344,4790.9,0,132,-92,9.5
2026-07-29T07:11:01.014Z,cmrx9lhbn0007w96x99do9808,http,102,79,12860.75949367089,0,,-999,
2026-07-29T07:11:02.282Z,cmrx9lhbn0007w96x99do9808,lora,102,1346,4756.2,0,128,-88,9.75
2026-07-29T07:11:06.090Z,cmrx9lhbn0007w96x99do9808,http,103,102,9960.78431372549,0,,-999,
2026-07-29T07:11:07.331Z,cmrx9lhbn0007w96x99do9808,lora,103,1343,4790.9,0,132,-86,9
2026-07-29T07:11:11.238Z,cmrx9lhbn0007w96x99do9808,http,104,122,8327.868852459016,0,,-999,
2026-07-29T07:11:12.457Z,cmrx9lhbn0007w96x99do9808,lora,104,1340,4756.2,0,128,-90,9.75
2026-07-29T07:11:16.322Z,cmrx9lhbn0007w96x99do9808,http,105,131,7755.725190839695,0,,-999,
2026-07-29T07:11:17.528Z,cmrx9lhbn0007w96x99do9808,lora,105,1338,4756.2,0,128,-87,10
2026-07-29T07:11:21.330Z,cmrx9lhbn0007w96x99do9808,http,106,67,15164.17910447761,0,,-999,
2026-07-29T07:11:22.593Z,cmrx9lhbn0007w96x99do9808,lora,106,1330,4796,0,126,-88,10
2026-07-29T07:11:26.451Z,cmrx9lhbn0007w96x99do9808,http,107,83,12240.96385542169,0,,-999,
2026-07-29T07:11:27.700Z,cmrx9lhbn0007w96x99do9808,lora,107,1331,4837.7,0,124,-88,10
2026-07-29T07:11:31.527Z,cmrx9lhbn0007w96x99do9808,http,108,72,14111.11111111111,0,,-999,
2026-07-29T07:11:32.785Z,cmrx9lhbn0007w96x99do9808,lora,108,1330,4759.7,0,122,-88,9.75
2026-07-29T07:11:38.199Z,cmrx9lhbn0007w96x99do9808,http,109,163,6233.128834355828,0,,-999,
2026-07-29T07:11:39.374Z,cmrx9lhbn0007w96x99do9808,lora,109,1338,4757.9,0,125,-89,9.75
2026-07-29T07:11:43.718Z,cmrx9lhbn0007w96x99do9808,http,110,145,7006.896551724138,0,,-999,
2026-07-29T07:11:44.908Z,cmrx9lhbn0007w96x99do9808,lora,110,1335,4837.7,0,124,-92,9.25
2026-07-29T07:11:48.775Z,cmrx9lhbn0007w96x99do9808,http,111,136,7470.588235294118,0,,-999,
2026-07-29T07:11:49.975Z,cmrx9lhbn0007w96x99do9808,lora,111,1335,4757.9,0,125,-92,9.75
2026-07-29T07:11:53.758Z,cmrx9lhbn0007w96x99do9808,http,112,83,12240.96385542169,0,,-999,
2026-07-29T07:11:55.004Z,cmrx9lhbn0007w96x99do9808,lora,112,1328,4759.7,0,122,-87,10
2026-07-29T07:12:02.656Z,cmrx9lhbn0007w96x99do9808,http,113,167,6083.832335329342,0,,-999,
2026-07-29T07:12:03.833Z,cmrx9lhbn0007w96x99do9808,lora,113,1343,4834,0,127,-90,10.75
2026-07-29T07:12:08.108Z,cmrx9lhbn0007w96x99do9808,http,114,82,12390.24390243902,0,,-999,
2026-07-29T07:12:09.356Z,cmrx9lhbn0007w96x99do9808,lora,114,1330,4796,0,126,-92,10.25
2026-07-29T07:12:15.524Z,cmrx9lhbn0007w96x99do9808,http,115,125,8128,0,,-999,
2026-07-29T07:12:16.745Z,cmrx9lhbn0007w96x99do9808,lora,115,1346,4790.9,0,132,-95,9.5
2026-07-29T07:12:20.575Z,cmrx9lhbn0007w96x99do9808,http,116,87,11678.16091954023,0,,-999,
2026-07-29T07:12:21.824Z,cmrx9lhbn0007w96x99do9808,lora,116,1336,4793.4,0,129,-104,7.5
2026-07-29T07:12:28.619Z,cmrx9lhbn0007w96x99do9808,http,117,97,10474.22680412371,0,,-999,
2026-07-29T07:12:29.867Z,cmrx9lhbn0007w96x99do9808,lora,117,1345,4756.2,0,128,-92,9.75
2026-07-29T07:12:33.704Z,cmrx9lhbn0007w96x99do9808,http,118,75,13546.66666666667,0,,-999,
2026-07-29T07:12:34.973Z,cmrx9lhbn0007w96x99do9808,lora,118,1343,4790.9,0,132,-99,7.5
2026-07-29T07:12:38.794Z,cmrx9lhbn0007w96x99do9808,http,119,64,15875,0,,-999,
2026-07-29T07:12:40.071Z,cmrx9lhbn0007w96x99do9808,lora,119,1341,4790.9,0,132,-106,7
2026-07-29T07:12:43.983Z,cmrx9lhbn0007w96x99do9808,http,120,58,17517.24137931034,0,,-999,
2026-07-29T07:12:45.269Z,cmrx9lhbn0007w96x99do9808,lora,120,1344,4830.6,0,130,-96,9.75
2026-07-29T07:12:49.108Z,cmrx9lhbn0007w96x99do9808,http,121,62,16387.09677419355,0,,-999,
2026-07-29T07:12:50.390Z,cmrx9lhbn0007w96x99do9808,lora,121,1343,4790.9,0,132,-98,9
2026-07-29T07:12:54.298Z,cmrx9lhbn0007w96x99do9808,http,122,145,7006.896551724138,0,,-999,
2026-07-29T07:12:55.497Z,cmrx9lhbn0007w96x99do9808,lora,122,1344,4790.9,0,132,-105,7
2026-07-29T07:12:59.318Z,cmrx9lhbn0007w96x99do9808,http,123,59,17220.33898305085,0,,-999,
2026-07-29T07:13:00.602Z,cmrx9lhbn0007w96x99do9808,lora,123,1343,4790.9,0,132,-93,9.5
2026-07-29T07:13:04.428Z,cmrx9lhbn0007w96x99do9808,http,124,123,8260.162601626016,0,,-999,
2026-07-29T07:13:05.647Z,cmrx9lhbn0007w96x99do9808,lora,124,1341,4867.7,0,131,-92,9.75
2026-07-29T07:13:09.648Z,cmrx9lhbn0007w96x99do9808,http,125,123,8260.162601626016,0,,-999,
2026-07-29T07:13:10.867Z,cmrx9lhbn0007w96x99do9808,lora,125,1342,4790.9,0,132,-96,9.5
2026-07-29T07:13:14.758Z,cmrx9lhbn0007w96x99do9808,http,126,98,10367.34693877551,0,,-999,
2026-07-29T07:13:16.000Z,cmrx9lhbn0007w96x99do9808,lora,126,1339,4830.6,0,130,-97,9
2026-07-29T07:13:19.884Z,cmrx9lhbn0007w96x99do9808,http,127,121,8396.694214876034,0,,-999,
2026-07-29T07:13:21.107Z,cmrx9lhbn0007w96x99do9808,lora,127,1344,4790.9,0,132,-91,9
2026-07-29T07:13:24.982Z,cmrx9lhbn0007w96x99do9808,http,128,90,11288.88888888889,0,,-999,
2026-07-29T07:13:26.236Z,cmrx9lhbn0007w96x99do9808,lora,128,1344,4790.9,0,132,-88,10
2026-07-29T07:13:30.119Z,cmrx9lhbn0007w96x99do9808,http,129,103,9864.077669902912,0,,-999,
2026-07-29T07:13:31.350Z,cmrx9lhbn0007w96x99do9808,lora,129,1334,4793.4,0,129,-88,10.25
2026-07-29T07:13:35.229Z,cmrx9lhbn0007w96x99do9808,http,130,142,7154.929577464789,0,,-999,
2026-07-29T07:13:36.432Z,cmrx9lhbn0007w96x99do9808,lora,130,1345,4790.9,0,132,-92,9
2026-07-29T07:13:40.290Z,cmrx9lhbn0007w96x99do9808,http,131,90,11288.88888888889,0,,-999,
2026-07-29T07:13:41.543Z,cmrx9lhbn0007w96x99do9808,lora,131,1343,4830.6,0,130,-96,8
2026-07-29T07:13:45.791Z,cmrx9lhbn0007w96x99do9808,http,132,78,13025.64102564103,0,,-999,
2026-07-29T07:13:47.057Z,cmrx9lhbn0007w96x99do9808,lora,132,1344,4790.9,0,132,-93,9.5
2026-07-29T07:13:50.899Z,cmrx9lhbn0007w96x99do9808,http,133,111,9153.153153153153,0,,-999,
2026-07-29T07:13:52.130Z,cmrx9lhbn0007w96x99do9808,lora,133,1344,4790.9,0,132,-88,10
2026-07-29T07:13:56.052Z,cmrx9lhbn0007w96x99do9808,http,134,117,8683.760683760684,0,,-999,
2026-07-29T07:13:57.276Z,cmrx9lhbn0007w96x99do9808,lora,134,1341,4790.9,0,132,-91,9
2026-07-29T07:14:05.191Z,cmrx9lhbn0007w96x99do9808,http,135,133,7639.097744360903,0,,-999,
2026-07-29T07:14:06.401Z,cmrx9lhbn0007w96x99do9808,lora,135,1343,4830.6,0,130,-93,9.75
2026-07-29T07:14:10.687Z,cmrx9lhbn0007w96x99do9808,http,136,75,13546.66666666667,0,,-999,
2026-07-29T07:14:11.952Z,cmrx9lhbn0007w96x99do9808,lora,136,1340,4827.2,0,133,-89,9.25
2026-07-29T07:14:19.200Z,cmrx9lhbn0007w96x99do9808,http,137,121,8396.694214876034,0,,-999,
2026-07-29T07:14:20.425Z,cmrx9lhbn0007w96x99do9808,lora,137,1347,4827.2,0,133,-103,7
2026-07-29T07:14:24.480Z,cmrx9lhbn0007w96x99do9808,http,138,59,17220.33898305085,0,,-999,
2026-07-29T07:14:25.764Z,cmrx9lhbn0007w96x99do9808,lora,138,1343,4827.2,0,133,-99,9
2026-07-29T07:14:34.224Z,cmrx9lhbn0007w96x99do9808,http,139,154,6597.402597402597,0,,-999,
2026-07-29T07:14:35.417Z,cmrx9lhbn0007w96x99do9808,lora,139,1348,4827.2,0,133,-101,6
2026-07-29T07:14:39.488Z,cmrx9lhbn0007w96x99do9808,http,140,71,14309.85915492958,0,,-999,
2026-07-29T07:14:40.760Z,cmrx9lhbn0007w96x99do9808,lora,140,1343,4827.2,0,133,-102,7.5
2026-07-29T07:14:46.813Z,cmrx9lhbn0007w96x99do9808,http,141,151,6728.476821192053,0,,-999,
2026-07-29T07:14:48.010Z,cmrx9lhbn0007w96x99do9808,lora,141,1349,4830.6,0,130,-89,10.25
2026-07-29T07:14:52.003Z,cmrx9lhbn0007w96x99do9808,http,142,66,15393.93939393939,0,,-999,
2026-07-29T07:14:53.280Z,cmrx9lhbn0007w96x99do9808,lora,142,1343,4827.2,0,133,-97,8.5
2026-07-29T07:14:57.324Z,cmrx9lhbn0007w96x99do9808,http,143,76,13368.42105263158,0,,-999,
2026-07-29T07:14:58.581Z,cmrx9lhbn0007w96x99do9808,lora,143,1333,4793.4,0,129,-95,8.5
2026-07-29T07:15:03.251Z,cmrx9lhbn0007w96x99do9808,http,144,69,14724.63768115942,0,,-999,
2026-07-29T07:15:06.523Z,cmrx9lhbn0007w96x99do9808,lora,144,3340,4790.9,0,132,-97,8.75
2026-07-29T07:15:08.529Z,cmrx9lhbn0007w96x99do9808,http,145,92,11043.47826086957,0,,-999,
2026-07-29T07:15:09.776Z,cmrx9lhbn0007w96x99do9808,lora,145,1339,4830.6,0,130,-90,9.75
2026-07-29T07:15:13.857Z,cmrx9lhbn0007w96x99do9808,http,146,89,11415.73033707865,0,,-999,
2026-07-29T07:15:15.110Z,cmrx9lhbn0007w96x99do9808,lora,146,1342,4790.9,0,132,-93,9.75
2026-07-29T07:15:19.179Z,cmrx9lhbn0007w96x99do9808,http,147,71,14309.85915492958,0,,-999,
2026-07-29T07:15:20.445Z,cmrx9lhbn0007w96x99do9808,lora,147,1338,4793.4,0,129,-106,5
2026-07-29T07:15:24.508Z,cmrx9lhbn0007w96x99do9808,http,148,70,14514.28571428571,0,,-999,
2026-07-29T07:15:25.782Z,cmrx9lhbn0007w96x99do9808,lora,148,1344,4830.6,0,130,-94,9.75
2026-07-29T07:15:30.116Z,cmrx9lhbn0007w96x99do9808,http,149,82,12390.24390243902,0,,-999,
2026-07-29T07:15:31.366Z,cmrx9lhbn0007w96x99do9808,lora,149,1331,4830.6,0,130,-90,10
2026-07-29T07:15:35.397Z,cmrx9lhbn0007w96x99do9808,http,150,93,10924.7311827957,0,,-999,
2026-07-29T07:15:36.646Z,cmrx9lhbn0007w96x99do9808,lora,150,1342,4830.6,0,130,-91,10
2026-07-29T07:15:43.054Z,cmrx9lhbn0007w96x99do9808,http,151,177,5740.112994350283,0,,-999,
2026-07-29T07:15:44.223Z,cmrx9lhbn0007w96x99do9808,lora,151,1346,4830.6,0,130,-89,9.75
2026-07-29T07:15:48.237Z,cmrx9lhbn0007w96x99do9808,http,152,101,10059.40594059406,0,,-999,
2026-07-29T07:15:49.478Z,cmrx9lhbn0007w96x99do9808,lora,152,1342,4827.2,0,133,-91,9.25
2026-07-29T07:15:53.574Z,cmrx9lhbn0007w96x99do9808,http,153,109,9321.100917431193,0,,-999,
2026-07-29T07:15:54.806Z,cmrx9lhbn0007w96x99do9808,lora,153,1341,4830.6,0,130,-88,10
2026-07-29T07:16:01.516Z,cmrx9lhbn0007w96x99do9808,http,154,124,8193.548387096775,0,,-999,
2026-07-29T07:16:02.739Z,cmrx9lhbn0007w96x99do9808,lora,154,1347,4793.4,0,129,-98,9.25
2026-07-29T07:16:06.734Z,cmrx9lhbn0007w96x99do9808,http,155,67,15164.17910447761,0,,-999,
2026-07-29T07:16:08.004Z,cmrx9lhbn0007w96x99do9808,lora,155,1337,4793.4,0,129,-90,9.75
2026-07-29T07:16:12.094Z,cmrx9lhbn0007w96x99do9808,http,156,94,10808.51063829787,0,,-999,
2026-07-29T07:16:13.345Z,cmrx9lhbn0007w96x99do9808,lora,156,1345,4827.2,0,133,-98,9
2026-07-29T07:16:17.644Z,cmrx9lhbn0007w96x99do9808,http,157,308,3298.701298701299,0,,-999,
2026-07-29T07:16:20.677Z,cmrx9lhbn0007w96x99do9808,lora,157,3341,4827.2,0,133,-106,6.75
2026-07-29T07:16:22.771Z,cmrx9lhbn0007w96x99do9808,http,158,101,10059.40594059406,0,,-999,
2026-07-29T07:16:24.013Z,cmrx9lhbn0007w96x99do9808,lora,158,1343,4827.2,0,133,-95,9.5
2026-07-29T07:16:28.106Z,cmrx9lhbn0007w96x99do9808,http,159,102,9960.78431372549,0,,-999,
2026-07-29T07:16:29.346Z,cmrx9lhbn0007w96x99do9808,lora,159,1342,4827.2,0,133,-98,8.5
2026-07-29T07:16:33.400Z,cmrx9lhbn0007w96x99do9808,http,160,62,16387.09677419355,0,,-999,
2026-07-29T07:16:36.640Z,cmrx9lhbn0007w96x99do9808,lora,160,3302,4863.5,0,134,-93,8.75
2026-07-29T07:16:38.846Z,cmrx9lhbn0007w96x99do9808,http,161,169,6011.834319526627,0,,-999,
2026-07-29T07:16:40.020Z,cmrx9lhbn0007w96x99do9808,lora,161,1342,4827.2,0,133,-96,8.75
2026-07-29T07:16:44.080Z,cmrx9lhbn0007w96x99do9808,http,162,71,14309.85915492958,0,,-999,
2026-07-29T07:16:45.358Z,cmrx9lhbn0007w96x99do9808,lora,162,1349,4827.2,0,133,-99,6.75
2026-07-29T07:16:49.449Z,cmrx9lhbn0007w96x99do9808,http,163,108,9407.407407407407,0,,-999,
2026-07-29T07:16:50.693Z,cmrx9lhbn0007w96x99do9808,lora,163,1349,4830.6,0,130,-97,9
2026-07-29T07:16:54.773Z,cmrx9lhbn0007w96x99do9808,http,164,102,9960.78431372549,0,,-999,
2026-07-29T07:16:56.020Z,cmrx9lhbn0007w96x99do9808,lora,164,1349,4863.5,0,134,-93,9
2026-07-29T07:17:00.100Z,cmrx9lhbn0007w96x99do9808,http,165,97,10474.22680412371,0,,-999,
2026-07-29T07:17:01.352Z,cmrx9lhbn0007w96x99do9808,lora,165,1349,4790.9,0,132,-97,8
2026-07-29T07:17:05.441Z,cmrx9lhbn0007w96x99do9808,http,166,101,10059.40594059406,0,,-999,
2026-07-29T07:17:06.682Z,cmrx9lhbn0007w96x99do9808,lora,166,1343,4830.6,0,130,-98,9.5
2026-07-29T07:17:10.752Z,cmrx9lhbn0007w96x99do9808,http,167,92,11043.47826086957,0,,-999,
2026-07-29T07:17:11.996Z,cmrx9lhbn0007w96x99do9808,lora,167,1336,4793.4,0,129,-91,9.75
2026-07-29T07:17:17.333Z,cmrx9lhbn0007w96x99do9808,lora,168,1341,4827.2,0,133,-93,8.75
2026-07-29T07:17:21.455Z,cmrx9lhbn0007w96x99do9808,http,169,134,7582.089552238806,0,,-999,
2026-07-29T07:17:22.662Z,cmrx9lhbn0007w96x99do9808,lora,169,1341,4830.6,0,130,-99,9
2026-07-29T07:17:26.720Z,cmrx9lhbn0007w96x99do9808,http,170,85,11952.94117647059,0,,-999,
2026-07-29T07:17:27.969Z,cmrx9lhbn0007w96x99do9808,lora,170,1335,4790.9,0,132,-91,9.25
2026-07-29T07:17:32.041Z,cmrx9lhbn0007w96x99do9808,http,171,74,13729.72972972973,0,,-999,
2026-07-29T07:17:33.308Z,cmrx9lhbn0007w96x99do9808,lora,171,1341,4867.7,0,131,-95,9.5
2026-07-29T07:17:37.400Z,cmrx9lhbn0007w96x99do9808,http,172,98,10367.34693877551,0,,-999,
2026-07-29T07:17:38.641Z,cmrx9lhbn0007w96x99do9808,lora,172,1338,4756.2,0,128,-93,9
2026-07-29T07:17:42.716Z,cmrx9lhbn0007w96x99do9808,http,173,82,12390.24390243902,0,,-999,
2026-07-29T07:17:43.971Z,cmrx9lhbn0007w96x99do9808,lora,173,1337,4790.9,0,132,-100,8.75
2026-07-29T07:17:47.996Z,cmrx9lhbn0007w96x99do9808,http,174,89,11415.73033707865,0,,-999,
2026-07-29T07:17:49.240Z,cmrx9lhbn0007w96x99do9808,lora,174,1332,4796,0,126,-88,10
2026-07-29T07:17:53.302Z,cmrx9lhbn0007w96x99do9808,http,175,119,8537.81512605042,0,,-999,
2026-07-29T07:17:54.528Z,cmrx9lhbn0007w96x99do9808,lora,175,1347,4827.2,0,133,-93,9.5
2026-07-29T07:17:58.585Z,cmrx9lhbn0007w96x99do9808,http,176,71,14309.85915492958,0,,-999,
2026-07-29T07:17:59.847Z,cmrx9lhbn0007w96x99do9808,lora,176,1333,4834,0,127,-99,8.75
2026-07-30T04:28:20.665Z,cmrx9lhbn0007w96x99do9808,http,1,221,4597.285067873303,0,,-999,
2026-07-30T04:33:33.325Z,cmrx9lhbn0007w96x99do9808,http,1,179,5675.977653631285,0,,-999,
2026-07-30T04:33:35.510Z,cmrx9lhbn0007w96x99do9808,http,2,77,13194.80519480519,0,,-999,
2026-07-30T04:33:40.769Z,cmrx9lhbn0007w96x99do9808,http,3,87,11678.16091954023,0,,-999,
2026-07-30T04:33:45.988Z,cmrx9lhbn0007w96x99do9808,http,4,64,15875,0,,-999,
2026-07-30T04:33:51.241Z,cmrx9lhbn0007w96x99do9808,http,5,73,13917.80821917808,0,,-999,
2026-07-30T04:33:56.494Z,cmrx9lhbn0007w96x99do9808,http,6,80,12700,0,,-999,
2026-07-30T04:34:01.748Z,cmrx9lhbn0007w96x99do9808,http,7,86,11813.95348837209,0,,-999,
2026-07-30T04:34:06.973Z,cmrx9lhbn0007w96x99do9808,http,8,66,15393.93939393939,0,,-999,
2026-07-30T04:34:12.251Z,cmrx9lhbn0007w96x99do9808,http,9,96,10583.33333333333,0,,-999,
2026-07-30T04:34:17.503Z,cmrx9lhbn0007w96x99do9808,http,10,99,10262.62626262626,0,,-999,
2026-07-30T04:34:22.727Z,cmrx9lhbn0007w96x99do9808,http,11,79,12860.75949367089,0,,-999,
2026-07-30T04:34:38.490Z,cmrx9lhbn0007w96x99do9808,http,1,112,9071.42857142857,0,,-999,
2026-07-30T04:37:03.086Z,cmrx9lhbn0007w96x99do9808,http,1,87,11678.16091954023,0,,-999,
2026-07-30T04:37:04.069Z,cmrx9lhbn0007w96x99do9808,http,2,113,8991.150442477876,0,,-999,
2026-07-30T04:37:09.146Z,cmrx9lhbn0007w96x99do9808,http,3,84,12095.2380952381,0,,-999,
2026-07-30T04:37:16.216Z,cmrx9lhbn0007w96x99do9808,http,4,153,6640.522875816993,0,,-999,
2026-07-30T04:37:21.484Z,cmrx9lhbn0007w96x99do9808,http,5,71,14309.85915492958,0,,-999,
2026-07-30T04:37:26.593Z,cmrx9lhbn0007w96x99do9808,http,6,84,12095.2380952381,0,,-999,
2026-07-30T04:37:33.586Z,cmrx9lhbn0007w96x99do9808,http,7,82,12390.24390243902,0,,-999,
2026-07-30T04:39:23.765Z,cmrx9lhbn0007w96x99do9808,http,1,87,11678.16091954023,0,,-999,
2026-07-30T04:39:25.960Z,cmrx9lhbn0007w96x99do9808,http,2,91,11164.83516483517,0,,-999,
2026-07-30T04:39:32.653Z,cmrx9lhbn0007w96x99do9808,http,3,121,8396.694214876034,0,,-999,
2026-07-30T04:39:37.942Z,cmrx9lhbn0007w96x99do9808,http,4,62,16387.09677419355,0,,-999,
2026-07-30T04:39:43.109Z,cmrx9lhbn0007w96x99do9808,http,5,130,7815.384615384615,0,,-999,
2026-07-30T04:39:48.373Z,cmrx9lhbn0007w96x99do9808,http,6,87,11678.16091954023,0,,-999,
2026-07-30T04:40:12.823Z,cmrx9lhbn0007w96x99do9808,http,1,99,10262.62626262626,0,,-999,
2026-07-30T04:40:14.067Z,cmrx9lhbn0007w96x99do9808,http,2,55,18472.72727272727,0,,-999,
2026-07-30T04:40:21.412Z,cmrx9lhbn0007w96x99do9808,http,3,116,8758.620689655172,0,,-999,
2026-07-30T04:40:26.670Z,cmrx9lhbn0007w96x99do9808,http,4,78,13025.64102564103,0,,-999,
2026-07-30T04:41:31.692Z,cmrx9lhbn0007w96x99do9808,http,1,114,8912.280701754386,0,,-999,
2026-07-30T04:41:32.917Z,cmrx9lhbn0007w96x99do9808,http,2,65,15630.76923076923,0,,-999,
2026-07-30T04:41:38.061Z,cmrx9lhbn0007w96x99do9808,http,3,105,9676.190476190477,0,,-999,
2026-07-30T04:41:44.382Z,cmrx9lhbn0007w96x99do9808,http,4,107,9495.327102803738,0,,-999,
2026-07-30T04:41:49.702Z,cmrx9lhbn0007w96x99do9808,http,5,81,12543.20987654321,0,,-999,
2026-07-30T04:41:54.789Z,cmrx9lhbn0007w96x99do9808,http,6,70,14514.28571428571,0,,-999,
2026-07-30T04:41:59.892Z,cmrx9lhbn0007w96x99do9808,http,7,82,12390.24390243902,0,,-999,
2026-07-30T04:42:04.971Z,cmrx9lhbn0007w96x99do9808,http,8,63,16126.98412698413,0,,-999,
2026-07-30T04:42:10.073Z,cmrx9lhbn0007w96x99do9808,http,9,70,14514.28571428571,0,,-999,
2026-07-30T04:42:15.190Z,cmrx9lhbn0007w96x99do9808,http,10,92,11043.47826086957,0,,-999,
2026-07-30T04:42:20.264Z,cmrx9lhbn0007w96x99do9808,http,11,68,14941.17647058824,0,,-999,
2026-07-30T04:42:25.354Z,cmrx9lhbn0007w96x99do9808,http,12,62,16387.09677419355,0,,-999,
2026-07-30T04:42:30.474Z,cmrx9lhbn0007w96x99do9808,http,13,85,11952.94117647059,0,,-999,
2026-07-30T04:42:41.952Z,cmrx9lhbn0007w96x99do9808,http,15,124,8193.548387096775,0,,-999,
2026-07-30T04:43:31.515Z,cmrx9lhbn0007w96x99do9808,http,1,111,9153.153153153153,0,,-999,
2026-07-30T04:43:33.994Z,cmrx9lhbn0007w96x99do9808,http,2,74,13729.72972972973,0,,-999,
2026-07-30T04:43:43.471Z,cmrx9lhbn0007w96x99do9808,http,3,125,8128,0,,-999,
2026-07-30T04:43:48.823Z,cmrx9lhbn0007w96x99do9808,http,4,81,12543.20987654321,0,,-999,
2026-07-30T04:44:54.545Z,cmrx9lhbn0007w96x99do9808,http,1,93,10924.7311827957,0,,-999,
2026-07-30T04:44:55.101Z,cmrx9lhbn0007w96x99do9808,http,2,140,7257.142857142857,0,,-999,
2026-07-30T04:45:00.135Z,cmrx9lhbn0007w96x99do9808,http,3,79,12860.75949367089,0,,-999,
2026-07-30T04:45:05.213Z,cmrx9lhbn0007w96x99do9808,http,4,66,15393.93939393939,0,,-999,
2026-07-30T04:45:10.319Z,cmrx9lhbn0007w96x99do9808,http,5,82,12390.24390243902,0,,-999,
2026-07-30T04:45:15.880Z,cmrx9lhbn0007w96x99do9808,http,6,58,17517.24137931034,0,,-999,
2026-07-30T04:45:21.195Z,cmrx9lhbn0007w96x99do9808,http,7,78,13025.64102564103,0,,-999,
2026-07-30T04:45:26.285Z,cmrx9lhbn0007w96x99do9808,http,8,67,15164.17910447761,0,,-999,
2026-07-30T04:45:31.372Z,cmrx9lhbn0007w96x99do9808,http,9,56,18142.85714285714,0,,-999,
2026-07-30T04:45:36.511Z,cmrx9lhbn0007w96x99do9808,http,10,98,10367.34693877551,0,,-999,
2026-07-30T04:45:43.512Z,cmrx9lhbn0007w96x99do9808,http,11,100,10160,0,,-999,
2026-07-30T04:45:48.823Z,cmrx9lhbn0007w96x99do9808,http,12,64,15875,0,,-999,
2026-07-30T04:45:53.933Z,cmrx9lhbn0007w96x99do9808,http,13,73,13917.80821917808,0,,-999,
2026-07-30T04:46:02.709Z,cmrx9lhbn0007w96x99do9808,http,14,105,9676.190476190477,0,,-999,
2026-07-30T04:46:08.061Z,cmrx9lhbn0007w96x99do9808,http,15,59,17220.33898305085,0,,-999,
2026-07-30T04:46:13.165Z,cmrx9lhbn0007w96x99do9808,http,16,71,14309.85915492958,0,,-999,
2026-07-30T04:46:18.297Z,cmrx9lhbn0007w96x99do9808,http,17,104,9769.23076923077,0,,-999,
2026-07-30T04:46:23.416Z,cmrx9lhbn0007w96x99do9808,http,18,127,8000,0,,-999,
2026-07-30T04:46:28.473Z,cmrx9lhbn0007w96x99do9808,http,19,88,11545.45454545455,0,,-999,
2026-07-30T04:46:33.767Z,cmrx9lhbn0007w96x99do9808,http,20,80,12700,0,,-999,
2026-07-30T07:07:39.024Z,cmrx9lhbn0007w96x99do9808,http,1,353,2878.186968838527,0,,-999,
2026-07-30T07:07:40.767Z,cmrx9lhbn0007w96x99do9808,http,2,55,18472.72727272727,0,,-999,
2026-07-30T07:07:46.112Z,cmrx9lhbn0007w96x99do9808,http,3,63,16126.98412698413,0,,-999,
2026-07-30T07:07:53.797Z,cmrx9lhbn0007w96x99do9808,http,4,156,6512.820512820513,0,,-999,
2026-07-30T07:07:59.011Z,cmrx9lhbn0007w96x99do9808,http,5,88,11545.45454545455,0,,-999,
2026-07-30T07:08:04.359Z,cmrx9lhbn0007w96x99do9808,http,6,99,10262.62626262626,0,,-999,
2026-07-30T07:08:13.297Z,cmrx9lhbn0007w96x99do9808,http,7,114,8912.280701754386,0,,-999,
2026-07-30T07:08:18.540Z,cmrx9lhbn0007w96x99do9808,http,8,86,11813.95348837209,0,,-999,
2026-07-30T07:08:23.847Z,cmrx9lhbn0007w96x99do9808,http,9,116,8758.620689655172,0,,-999,
2026-07-30T07:08:29.078Z,cmrx9lhbn0007w96x99do9808,http,10,78,13025.64102564103,0,,-999,
2026-07-30T07:08:34.429Z,cmrx9lhbn0007w96x99do9808,http,11,92,11043.47826086957,0,,-999,
2026-07-30T07:08:39.732Z,cmrx9lhbn0007w96x99do9808,http,12,59,17220.33898305085,0,,-999,
2026-07-30T07:08:45.078Z,cmrx9lhbn0007w96x99do9808,http,13,74,13729.72972972973,0,,-999,
2026-07-30T07:08:51.813Z,cmrx9lhbn0007w96x99do9808,http,14,140,7257.142857142857,0,,-999,
2026-07-30T07:08:57.098Z,cmrx9lhbn0007w96x99do9808,http,15,75,13546.66666666667,0,,-999,
2026-07-30T07:09:02.431Z,cmrx9lhbn0007w96x99do9808,http,16,79,12860.75949367089,0,,-999,
2026-07-30T07:09:10.498Z,cmrx9lhbn0007w96x99do9808,http,17,154,6597.402597402597,0,,-999,
2026-07-30T07:09:15.761Z,cmrx9lhbn0007w96x99do9808,http,18,78,13025.64102564103,0,,-999,
2026-07-30T07:09:21.063Z,cmrx9lhbn0007w96x99do9808,http,19,51,19921.56862745098,0,,-999,
2026-07-30T07:09:26.401Z,cmrx9lhbn0007w96x99do9808,http,20,60,16933.33333333333,0,,-999,
2026-07-30T07:09:32.707Z,cmrx9lhbn0007w96x99do9808,http,21,101,10059.40594059406,0,,-999,
2026-07-30T07:09:37.948Z,cmrx9lhbn0007w96x99do9808,http,22,68,14941.17647058824,0,,-999,
2026-07-30T07:09:44.306Z,cmrx9lhbn0007w96x99do9808,http,23,167,6083.832335329342,0,,-999,
2026-07-30T07:09:49.510Z,cmrx9lhbn0007w96x99do9808,http,24,89,11415.73033707865,0,,-999,
2026-07-30T07:09:56.171Z,cmrx9lhbn0007w96x99do9808,http,25,154,6597.402597402597,0,,-999,
2026-07-30T07:10:01.374Z,cmrx9lhbn0007w96x99do9808,http,26,78,13025.64102564103,0,,-999,
2026-07-30T07:10:06.713Z,cmrx9lhbn0007w96x99do9808,http,27,83,12240.96385542169,0,,-999,
2026-07-30T07:10:12.038Z,cmrx9lhbn0007w96x99do9808,http,28,69,14724.63768115942,0,,-999,
2026-07-30T07:10:17.392Z,cmrx9lhbn0007w96x99do9808,http,29,87,11678.16091954023,0,,-999,
2026-07-30T07:10:22.792Z,cmrx9lhbn0007w96x99do9808,http,30,157,6471.337579617834,0,,-999,
2026-07-30T07:10:32.414Z,cmrx9lhbn0007w96x99do9808,http,31,116,8758.620689655172,0,,-999,
2026-07-30T07:10:37.708Z,cmrx9lhbn0007w96x99do9808,http,32,61,16655.73770491803,0,,-999,
2026-07-30T07:13:53.064Z,cmrx9lhbn0007w96x99do9808,http,1,176,5772.727272727273,0,,-999,
2026-07-30T07:13:55.110Z,cmrx9lhbn0007w96x99do9808,http,2,78,13025.64102564103,0,,-999,
2026-07-30T07:14:00.433Z,cmrx9lhbn0007w96x99do9808,http,3,60,16933.33333333333,0,,-999,
2026-07-30T07:14:05.770Z,cmrx9lhbn0007w96x99do9808,http,4,60,16933.33333333333,0,,-999,
2026-07-30T07:14:11.111Z,cmrx9lhbn0007w96x99do9808,http,5,63,16126.98412698413,0,,-999,
2026-07-30T07:14:16.462Z,cmrx9lhbn0007w96x99do9808,http,6,78,13025.64102564103,0,,-999,
2026-07-30T07:14:24.076Z,cmrx9lhbn0007w96x99do9808,http,7,96,10583.33333333333,0,,-999,
2026-07-30T07:14:29.330Z,cmrx9lhbn0007w96x99do9808,http,8,73,13917.80821917808,0,,-999,
2026-07-30T07:14:38.287Z,cmrx9lhbn0007w96x99do9808,http,9,107,9495.327102803738,0,,-999,
2026-07-30T07:14:43.542Z,cmrx9lhbn0007w96x99do9808,http,10,83,12240.96385542169,0,,-999,
2026-07-30T07:14:48.871Z,cmrx9lhbn0007w96x99do9808,http,11,80,12700,0,,-999,
2026-07-30T07:14:54.214Z,cmrx9lhbn0007w96x99do9808,http,12,90,11288.88888888889,0,,-999,
2026-07-30T07:15:02.900Z,cmrx9lhbn0007w96x99do9808,http,13,116,8758.620689655172,0,,-999,
2026-07-30T07:15:08.209Z,cmrx9lhbn0007w96x99do9808,http,14,79,12860.75949367089,0,,-999,
2026-07-30T07:15:13.527Z,cmrx9lhbn0007w96x99do9808,http,15,68,14941.17647058824,0,,-999,
2026-07-30T07:15:18.846Z,cmrx9lhbn0007w96x99do9808,http,16,53,19169.81132075472,0,,-999,
2026-07-30T07:15:24.174Z,cmrx9lhbn0007w96x99do9808,http,17,51,19921.56862745098,0,,-999,
2026-07-30T07:15:29.520Z,cmrx9lhbn0007w96x99do9808,http,18,116,8758.620689655172,0,,-999,
2026-07-30T07:15:34.725Z,cmrx9lhbn0007w96x99do9808,http,19,53,19169.81132075472,0,,-999,
2026-07-30T07:15:40.646Z,cmrx9lhbn0007w96x99do9808,http,20,109,9321.100917431193,0,,-999,
2026-07-30T07:15:45.798Z,cmrx9lhbn0007w96x99do9808,http,21,54,18814.81481481481,0,,-999,
2026-07-30T07:15:54.500Z,cmrx9lhbn0007w96x99do9808,http,22,99,10262.62626262626,0,,-999,
2026-07-30T07:15:59.842Z,cmrx9lhbn0007w96x99do9808,http,23,87,11678.16091954023,0,,-999,
2026-07-30T07:16:08.535Z,cmrx9lhbn0007w96x99do9808,http,24,131,7755.725190839695,0,,-999,
2026-07-30T07:16:13.870Z,cmrx9lhbn0007w96x99do9808,http,25,123,8260.162601626016,0,,-999,
2026-07-30T07:16:19.151Z,cmrx9lhbn0007w96x99do9808,http,26,76,13368.42105263158,0,,-999,
2026-07-30T07:16:24.496Z,cmrx9lhbn0007w96x99do9808,http,27,87,11678.16091954023,0,,-999,
2026-07-30T07:16:30.061Z,cmrx9lhbn0007w96x99do9808,http,28,315,3225.396825396826,0,,-999,
2026-07-30T07:16:35.140Z,cmrx9lhbn0007w96x99do9808,http,29,61,16655.73770491803,0,,-999,
2026-07-30T07:16:40.463Z,cmrx9lhbn0007w96x99do9808,http,30,46,22086.95652173913,0,,-999,
2026-07-30T07:16:45.825Z,cmrx9lhbn0007w96x99do9808,http,31,74,13729.72972972973,0,,-999,
2026-07-30T07:16:53.186Z,cmrx9lhbn0007w96x99do9808,http,32,99,10262.62626262626,0,,-999,
2026-07-30T07:19:51.109Z,cmrx9lhbn0007w96x99do9808,http,1,72,14111.11111111111,0,,-999,
2026-07-30T07:19:54.598Z,cmrx9lhbn0007w96x99do9808,http,2,50,20320,0,,-999,
2026-07-30T07:19:59.996Z,cmrx9lhbn0007w96x99do9808,http,3,104,9769.23076923077,0,,-999,
2026-07-30T07:20:06.717Z,cmrx9lhbn0007w96x99do9808,http,4,152,6684.210526315789,0,,-999,
2026-07-30T07:20:11.992Z,cmrx9lhbn0007w96x99do9808,http,5,74,13729.72972972973,0,,-999,
2026-07-30T07:20:17.317Z,cmrx9lhbn0007w96x99do9808,http,6,71,14309.85915492958,0,,-999,
2026-07-30T07:20:22.672Z,cmrx9lhbn0007w96x99do9808,http,7,87,11678.16091954023,0,,-999,
2026-07-30T07:20:28.008Z,cmrx9lhbn0007w96x99do9808,http,8,84,12095.2380952381,0,,-999,
2026-07-30T07:20:33.858Z,cmrx9lhbn0007w96x99do9808,http,9,600,1693.333333333333,0,,-999,
2026-07-30T07:20:38.638Z,cmrx9lhbn0007w96x99do9808,http,10,44,23090.90909090909,0,,-999,
2026-07-30T07:20:43.999Z,cmrx9lhbn0007w96x99do9808,http,11,73,13917.80821917808,0,,-999,
2026-07-30T07:20:49.268Z,cmrx9lhbn0007w96x99do9808,http,12,65,15630.76923076923,0,,-999,
2026-07-30T07:20:54.548Z,cmrx9lhbn0007w96x99do9808,http,13,72,14111.11111111111,0,,-999,
2026-07-30T07:20:59.798Z,cmrx9lhbn0007w96x99do9808,http,14,50,20320,0,,-999,
2026-07-30T07:21:05.094Z,cmrx9lhbn0007w96x99do9808,http,15,64,15875,0,,-999,
2026-07-30T07:21:12.124Z,cmrx9lhbn0007w96x99do9808,http,16,87,11678.16091954023,0,,-999,
2026-07-30T07:21:17.436Z,cmrx9lhbn0007w96x99do9808,http,17,55,18472.72727272727,0,,-999,
2026-07-30T07:21:22.794Z,cmrx9lhbn0007w96x99do9808,http,18,72,14111.11111111111,0,,-999,
2026-07-30T07:21:28.128Z,cmrx9lhbn0007w96x99do9808,http,19,68,14941.17647058824,0,,-999,
2026-07-30T07:21:33.467Z,cmrx9lhbn0007w96x99do9808,http,20,70,14514.28571428571,0,,-999,
2026-07-30T07:21:38.793Z,cmrx9lhbn0007w96x99do9808,http,21,59,17220.33898305085,0,,-999,
2026-07-30T07:21:44.099Z,cmrx9lhbn0007w96x99do9808,http,22,30,33866.66666666666,0,,-999,
2026-07-30T07:21:49.467Z,cmrx9lhbn0007w96x99do9808,http,23,56,18142.85714285714,0,,-999,
2026-07-30T07:21:54.848Z,cmrx9lhbn0007w96x99do9808,http,24,105,9676.190476190477,0,,-999,
2026-07-30T07:22:00.150Z,cmrx9lhbn0007w96x99do9808,http,25,68,14941.17647058824,0,,-999,
2026-07-30T07:22:08.126Z,cmrx9lhbn0007w96x99do9808,http,26,118,8610.169491525423,0,,-999,
2026-07-30T07:33:30.296Z,cmrx9lhbn0007w96x99do9808,http,1,212,4792.452830188679,0,,-999,
2026-07-30T07:33:30.931Z,cmrx9lhbn0007w96x99do9808,http,2,34,29882.35294117647,0,,-999,
2026-07-30T07:33:36.306Z,cmrx9lhbn0007w96x99do9808,http,3,61,16655.73770491803,0,,-999,
2026-07-30T07:33:41.654Z,cmrx9lhbn0007w96x99do9808,http,4,79,12860.75949367089,0,,-999,
2026-07-30T07:33:46.980Z,cmrx9lhbn0007w96x99do9808,http,5,70,14514.28571428571,0,,-999,
2026-07-30T07:33:54.540Z,cmrx9lhbn0007w96x99do9808,http,6,111,9153.153153153153,0,,-999,
2026-07-30T07:34:02.995Z,cmrx9lhbn0007w96x99do9808,http,7,106,9584.905660377359,0,,-999,
2026-07-30T07:34:08.220Z,cmrx9lhbn0007w96x99do9808,http,8,55,18472.72727272727,0,,-999,
2026-07-30T07:34:13.544Z,cmrx9lhbn0007w96x99do9808,http,9,41,24780.48780487805,0,,-999,
2026-07-30T07:34:18.877Z,cmrx9lhbn0007w96x99do9808,http,10,43,23627.90697674419,0,,-999,
2026-07-30T07:34:24.215Z,cmrx9lhbn0007w96x99do9808,http,11,48,21166.66666666667,0,,-999,
2026-07-30T07:34:29.551Z,cmrx9lhbn0007w96x99do9808,http,12,52,19538.46153846154,0,,-999,
2026-07-30T07:34:34.893Z,cmrx9lhbn0007w96x99do9808,http,13,63,16126.98412698413,0,,-999,
2026-07-30T07:34:40.230Z,cmrx9lhbn0007w96x99do9808,http,14,70,14514.28571428571,0,,-999,
2026-07-30T07:34:47.904Z,cmrx9lhbn0007w96x99do9808,http,15,81,12543.20987654321,0,,-999,
2026-07-30T07:34:53.206Z,cmrx9lhbn0007w96x99do9808,http,16,42,24190.47619047619,0,,-999,
2026-07-30T07:38:27.131Z,cmrx9lhbn0007w96x99do9808,http,1,79,12860.75949367089,0,,-999,
2026-07-30T07:38:31.751Z,cmrx9lhbn0007w96x99do9808,http,2,63,16126.98412698413,0,,-999,
2026-07-30T07:38:38.836Z,cmrx9lhbn0007w96x99do9808,http,3,100,10160,0,,-999,
2026-07-30T07:38:44.180Z,cmrx9lhbn0007w96x99do9808,http,4,54,18814.81481481481,0,,-999,
2026-07-30T07:38:49.267Z,cmrx9lhbn0007w96x99do9808,http,5,50,20320,0,,-999,
2026-07-30T07:38:54.357Z,cmrx9lhbn0007w96x99do9808,http,6,51,19921.56862745098,0,,-999,
2026-07-30T07:39:00.059Z,cmrx9lhbn0007w96x99do9808,http,7,53,19169.81132075472,0,,-999,
2026-07-30T07:39:05.468Z,cmrx9lhbn0007w96x99do9808,http,8,68,14941.17647058824,0,,-999,
2026-07-30T07:39:10.544Z,cmrx9lhbn0007w96x99do9808,http,9,55,18472.72727272727,0,,-999,
2026-07-30T07:39:15.612Z,cmrx9lhbn0007w96x99do9808,http,10,33,30787.87878787879,0,,-999,
2026-07-30T07:39:21.608Z,cmrx9lhbn0007w96x99do9808,http,11,51,19921.56862745098,0,,-999,
2026-07-30T07:39:26.936Z,cmrx9lhbn0007w96x99do9808,http,12,37,27459.45945945946,0,,-999,
2026-07-30T07:39:33.833Z,cmrx9lhbn0007w96x99do9808,http,13,225,4515.555555555556,0,,-999,
2026-07-30T07:39:39.059Z,cmrx9lhbn0007w96x99do9808,http,14,55,18472.72727272727,0,,-999,
2026-07-30T07:39:44.505Z,cmrx9lhbn0007w96x99do9808,http,15,403,2521.091811414392,0,,-999,
2026-07-30T07:42:46.459Z,cmrx9lhbn0007w96x99do9808,http,1,93,10924.7311827957,0,,-999,
2026-07-30T07:42:47.520Z,cmrx9lhbn0007w96x99do9808,http,2,36,28222.22222222222,0,,-999,
2026-07-30T07:42:52.641Z,cmrx9lhbn0007w96x99do9808,http,3,58,17517.24137931034,0,,-999,
2026-07-30T07:42:57.732Z,cmrx9lhbn0007w96x99do9808,http,4,57,17824.56140350877,0,,-999,
2026-07-30T07:43:02.851Z,cmrx9lhbn0007w96x99do9808,http,5,81,12543.20987654321,0,,-999,
2026-07-30T07:43:07.926Z,cmrx9lhbn0007w96x99do9808,http,6,56,18142.85714285714,0,,-999,
2026-07-30T07:43:14.632Z,cmrx9lhbn0007w96x99do9808,http,7,107,9495.327102803738,0,,-999,
2026-07-30T07:43:19.905Z,cmrx9lhbn0007w96x99do9808,http,8,32,31750,0,,-999,
2026-07-30T07:43:25.211Z,cmrx9lhbn0007w96x99do9808,http,9,37,27459.45945945946,0,,-999,
2026-07-30T07:43:30.577Z,cmrx9lhbn0007w96x99do9808,http,10,60,16933.33333333333,0,,-999,
2026-07-30T07:43:36.191Z,cmrx9lhbn0007w96x99do9808,http,11,36,28222.22222222222,0,,-999,
2026-07-30T07:43:41.647Z,cmrx9lhbn0007w96x99do9808,http,12,155,6554.83870967742,0,,-999,
2026-07-30T07:43:47.985Z,cmrx9lhbn0007w96x99do9808,http,13,176,5772.727272727273,0,,-999,
2026-07-30T07:43:53.198Z,cmrx9lhbn0007w96x99do9808,http,14,50,20320,0,,-999,
2026-07-30T07:43:58.828Z,cmrx9lhbn0007w96x99do9808,http,15,45,22577.77777777778,0,,-999,
2026-07-30T07:44:04.199Z,cmrx9lhbn0007w96x99do9808,http,16,69,14724.63768115942,0,,-999,
2026-07-30T07:44:09.268Z,cmrx9lhbn0007w96x99do9808,http,17,39,26051.28205128205,0,,-999,
2026-07-30T07:44:14.588Z,cmrx9lhbn0007w96x99do9808,http,18,57,17824.56140350877,0,,-999,
2026-07-30T07:44:19.915Z,cmrx9lhbn0007w96x99do9808,http,19,39,26051.28205128205,0,,-999,
2026-07-30T07:44:25.046Z,cmrx9lhbn0007w96x99do9808,http,20,75,13546.66666666667,0,,-999,
2026-07-30T07:44:30.330Z,cmrx9lhbn0007w96x99do9808,http,21,43,23627.90697674419,0,,-999,
2026-07-30T07:44:35.689Z,cmrx9lhbn0007w96x99do9808,http,22,58,17517.24137931034,0,,-999,
2026-07-30T07:44:40.812Z,cmrx9lhbn0007w96x99do9808,http,23,85,11952.94117647059,0,,-999,
2026-07-30T07:44:46.283Z,cmrx9lhbn0007w96x99do9808,http,24,256,3968.75,0,,-999,
2026-07-30T07:44:51.428Z,cmrx9lhbn0007w96x99do9808,http,25,53,19169.81132075472,0,,-999,
2026-07-30T07:45:00.575Z,cmrx9lhbn0007w96x99do9808,http,26,120,8466.666666666666,0,,-999,
2026-07-30T07:45:05.886Z,cmrx9lhbn0007w96x99do9808,http,27,38,26736.84210526316,0,,-999,
2026-07-30T07:45:13.598Z,cmrx9lhbn0007w96x99do9808,http,28,82,12390.24390243902,0,,-999,
2026-07-30T07:45:18.943Z,cmrx9lhbn0007w96x99do9808,http,29,78,13025.64102564103,0,,-999,
2026-07-30T07:55:44.046Z,cmrx9lhbn0007w96x99do9808,http,1,147,6911.56462585034,0,,-999,
2026-07-30T07:57:12.098Z,cmrx9lhbn0007w96x99do9808,http,2,929,1093.649085037675,0,,-999,
2026-07-30T08:10:13.918Z,cmrx9lhbn0007w96x99do9808,http,1,180,5644.444444444444,0,,-999,
2026-07-30T08:10:16.421Z,cmrx9lhbn0007w96x99do9808,http,2,42,24190.47619047619,0,,-999,
2026-07-30T08:10:21.514Z,cmrx9lhbn0007w96x99do9808,http,3,43,23627.90697674419,0,,-999,
2026-07-30T08:10:26.813Z,cmrx9lhbn0007w96x99do9808,http,4,44,23090.90909090909,0,,-999,
2026-07-30T08:11:41.697Z,cmrx9lhbn0007w96x99do9808,http,1,83,12240.96385542169,0,,-999,
2026-07-30T08:11:43.296Z,cmrx9lhbn0007w96x99do9808,http,2,40,25400,0,,-999,
2026-07-30T08:11:52.852Z,cmrx9lhbn0007w96x99do9808,http,3,84,12095.2380952381,0,,-999,
2026-07-30T08:13:36.098Z,cmrx9lhbn0007w96x99do9808,http,1,86,11813.95348837209,0,,-999,
2026-07-30T08:13:36.996Z,cmrx9lhbn0007w96x99do9808,http,2,40,25400,0,,-999,
2026-07-30T08:13:45.645Z,cmrx9lhbn0007w96x99do9808,http,3,1117,909.579230080573,0,,-999,
2026-08-03T03:34:18.680Z,cmrx9lhbn0007w96x99do9808,http,1,83,12240.96385542169,0,363,-999,
2026-08-03T03:34:27.779Z,cmrx9lhbn0007w96x99do9808,http,2,26,39076.92307692308,0,363,-999,
2026-08-03T03:34:33.337Z,cmrx9lhbn0007w96x99do9808,http,3,17,59764.70588235294,0,361,-999,
2026-08-03T03:34:38.556Z,cmrx9lhbn0007w96x99do9808,http,4,21,48380.95238095238,0,360,-999,
2026-08-03T03:34:43.697Z,cmrx9lhbn0007w96x99do9808,http,5,23,44173.91304347826,0,361,-999,
2026-08-03T03:34:49.229Z,cmrx9lhbn0007w96x99do9808,http,6,23,44173.91304347826,0,361,-999,
2026-08-03T03:34:54.369Z,cmrx9lhbn0007w96x99do9808,http,7,20,50800,0,358,-999,
2026-08-03T03:35:01.293Z,cmrx9lhbn0007w96x99do9808,http,8,37,27459.45945945946,0,361,-999,
2026-08-03T03:35:06.838Z,cmrx9lhbn0007w96x99do9808,http,9,20,50800,0,364,-999,
2026-08-03T03:35:12.056Z,cmrx9lhbn0007w96x99do9808,http,10,23,44173.91304347826,0,365,-999,
2026-08-03T03:35:17.189Z,cmrx9lhbn0007w96x99do9808,http,11,20,50800,0,365,-999,
2026-08-03T03:35:22.323Z,cmrx9lhbn0007w96x99do9808,http,12,19,53473.68421052631,0,363,-999,
2026-08-03T03:35:27.545Z,cmrx9lhbn0007w96x99do9808,http,13,22,46181.81818181818,0,365,-999,
2026-08-03T03:35:32.680Z,cmrx9lhbn0007w96x99do9808,http,14,19,53473.68421052631,0,364,-999,
2026-08-03T03:35:38.528Z,cmrx9lhbn0007w96x99do9808,http,15,21,48380.95238095238,0,365,-999,
2026-08-03T03:35:43.669Z,cmrx9lhbn0007w96x99do9808,http,16,20,50800,0,364,-999,
2026-08-03T03:35:50.163Z,cmrx9lhbn0007w96x99do9808,http,17,27,37629.62962962963,0,365,-999,
2026-08-03T03:35:55.301Z,cmrx9lhbn0007w96x99do9808,http,18,20,50800,0,361,-999,
2026-08-03T03:36:01.483Z,cmrx9lhbn0007w96x99do9808,http,19,31,32774.1935483871,0,365,-999,
2026-08-03T03:36:06.622Z,cmrx9lhbn0007w96x99do9808,http,20,21,48380.95238095238,0,365,-999,
2026-08-03T03:36:11.830Z,cmrx9lhbn0007w96x99do9808,http,21,21,48380.95238095238,0,365,-999,
2026-08-03T03:36:16.978Z,cmrx9lhbn0007w96x99do9808,http,22,21,48380.95238095238,0,362,-999,
2026-08-03T03:36:22.833Z,cmrx9lhbn0007w96x99do9808,http,23,23,44173.91304347826,0,365,-999,
2026-08-03T03:36:27.985Z,cmrx9lhbn0007w96x99do9808,http,24,27,37629.62962962963,0,362,-999,
2026-08-03T03:36:33.120Z,cmrx9lhbn0007w96x99do9808,http,25,19,53473.68421052631,0,365,-999,
2026-08-03T03:36:38.341Z,cmrx9lhbn0007w96x99do9808,http,26,21,48380.95238095238,0,363,-999,
2026-08-03T03:36:43.482Z,cmrx9lhbn0007w96x99do9808,http,27,20,50800,0,365,-999,
2026-08-03T03:36:50.624Z,cmrx9lhbn0007w96x99do9808,http,28,29,35034.48275862069,0,362,-999,
2026-08-03T03:36:55.764Z,cmrx9lhbn0007w96x99do9808,http,29,21,48380.95238095238,0,362,-999,
2026-08-03T03:37:02.582Z,cmrx9lhbn0007w96x99do9808,http,30,32,31750,0,362,-999,
2026-08-03T03:37:07.727Z,cmrx9lhbn0007w96x99do9808,http,31,31,32774.1935483871,0,362,-999,
2026-08-03T03:37:14.325Z,cmrx9lhbn0007w96x99do9808,http,32,31,32774.1935483871,0,362,-999,
2026-08-03T03:37:19.880Z,cmrx9lhbn0007w96x99do9808,http,33,19,53473.68421052631,0,365,-999,
2026-08-03T03:38:51.195Z,cmrx9lhbn0007w96x99do9808,http,1,26,39076.92307692308,0,362,-999,
2026-08-03T03:38:59.929Z,cmrx9lhbn0007w96x99do9808,http,2,22,46181.81818181818,0,363,-999,
2026-08-03T03:39:05.070Z,cmrx9lhbn0007w96x99do9808,http,3,18,56444.44444444445,0,363,-999,
2026-08-03T03:39:13.281Z,cmrx9lhbn0007w96x99do9808,http,4,27,37629.62962962963,0,361,-999,
2026-08-03T03:39:18.824Z,cmrx9lhbn0007w96x99do9808,http,5,13,78153.84615384616,0,359,-999,
2026-08-03T03:39:24.042Z,cmrx9lhbn0007w96x99do9808,http,6,16,63500,0,360,-999,
2026-08-03T03:39:29.183Z,cmrx9lhbn0007w96x99do9808,http,7,17,59764.70588235294,0,362,-999,
2026-08-03T03:39:35.784Z,cmrx9lhbn0007w96x99do9808,http,8,23,44173.91304347826,0,361,-999,
2026-08-03T03:39:41.336Z,cmrx9lhbn0007w96x99do9808,http,9,16,63500,0,361,-999,
2026-08-03T03:39:46.551Z,cmrx9lhbn0007w96x99do9808,http,10,15,67733.33333333333,0,361,-999,
2026-08-03T03:39:51.688Z,cmrx9lhbn0007w96x99do9808,http,11,17,59764.70588235294,0,362,-999,
2026-08-03T03:39:56.908Z,cmrx9lhbn0007w96x99do9808,http,12,18,56444.44444444445,0,362,-999,
2026-08-03T03:40:02.063Z,cmrx9lhbn0007w96x99do9808,http,13,32,31750,0,363,-999,
2026-08-03T03:40:07.194Z,cmrx9lhbn0007w96x99do9808,http,14,19,53473.68421052631,0,362,-999,
2026-08-03T03:40:12.291Z,cmrx9lhbn0007w96x99do9808,http,15,15,67733.33333333333,0,361,-999,
2026-08-03T03:40:17.331Z,cmrx9lhbn0007w96x99do9808,http,16,16,63500,0,362,-999,
2026-08-03T03:40:25.421Z,cmrx9lhbn0007w96x99do9808,http,17,22,46181.81818181818,0,362,-999,
2026-08-03T03:40:30.555Z,cmrx9lhbn0007w96x99do9808,http,18,16,63500,0,363,-999,
2026-08-03T03:40:37.477Z,cmrx9lhbn0007w96x99do9808,http,19,26,39076.92307692308,0,363,-999,
2026-08-03T03:40:43.054Z,cmrx9lhbn0007w96x99do9808,http,20,35,29028.57142857143,0,365,-999,
2026-08-03T03:40:49.309Z,cmrx9lhbn0007w96x99do9808,http,21,23,44173.91304347826,0,364,-999,
2026-08-03T03:40:54.863Z,cmrx9lhbn0007w96x99do9808,http,22,16,63500,0,362,-999,
2026-08-03T03:41:00.077Z,cmrx9lhbn0007w96x99do9808,http,23,17,59764.70588235294,0,362,-999,
2026-08-03T03:41:05.217Z,cmrx9lhbn0007w96x99do9808,http,24,16,63500,0,364,-999,
2026-08-03T03:41:11.167Z,cmrx9lhbn0007w96x99do9808,http,25,16,63500,0,364,-999,
2026-08-03T03:41:16.736Z,cmrx9lhbn0007w96x99do9808,http,26,15,67733.33333333333,0,363,-999,
2026-08-03T03:41:21.949Z,cmrx9lhbn0007w96x99do9808,http,27,16,63500,0,364,-999,
2026-08-03T03:41:27.087Z,cmrx9lhbn0007w96x99do9808,http,28,16,63500,0,364,-999,
2026-08-03T03:41:32.228Z,cmrx9lhbn0007w96x99do9808,http,29,16,63500,0,364,-999,
2026-08-03T03:41:37.376Z,cmrx9lhbn0007w96x99do9808,http,30,16,63500,0,364,-999,
2026-08-03T03:41:42.515Z,cmrx9lhbn0007w96x99do9808,http,31,15,67733.33333333333,0,364,-999,
2026-08-03T03:41:47.656Z,cmrx9lhbn0007w96x99do9808,http,32,16,63500,0,362,-999,
2026-08-03T03:41:52.802Z,cmrx9lhbn0007w96x99do9808,http,33,15,67733.33333333333,0,363,-999,
2026-08-03T03:41:58.016Z,cmrx9lhbn0007w96x99do9808,http,34,14,72571.42857142857,0,365,-999,
2026-08-03T03:42:03.152Z,cmrx9lhbn0007w96x99do9808,http,35,15,67733.33333333333,0,362,-999,
2026-08-03T03:42:08.707Z,cmrx9lhbn0007w96x99do9808,http,36,39,26051.28205128205,0,362,-999,
2026-08-03T03:42:13.821Z,cmrx9lhbn0007w96x99do9808,http,37,15,67733.33333333333,0,361,-999,
2026-08-03T03:42:18.962Z,cmrx9lhbn0007w96x99do9808,http,38,16,63500,0,362,-999,
2026-08-03T03:42:24.110Z,cmrx9lhbn0007w96x99do9808,http,39,18,56444.44444444445,0,362,-999,
2026-08-03T03:42:29.251Z,cmrx9lhbn0007w96x99do9808,http,40,18,56444.44444444445,0,364,-999,
2026-08-03T03:42:34.393Z,cmrx9lhbn0007w96x99do9808,http,41,16,63500,0,364,-999,
2026-08-03T03:42:41.525Z,cmrx9lhbn0007w96x99do9808,http,42,21,48380.95238095238,0,362,-999,
2026-08-03T03:42:46.668Z,cmrx9lhbn0007w96x99do9808,http,43,21,48380.95238095238,0,362,-999,
2026-08-03T03:42:56.472Z,cmrx9lhbn0007w96x99do9808,http,44,24,42333.33333333334,0,365,-999,
2026-08-03T03:43:02.035Z,cmrx9lhbn0007w96x99do9808,http,45,20,50800,0,365,-999,
2026-08-03T03:43:07.169Z,cmrx9lhbn0007w96x99do9808,http,46,16,63500,0,364,-999,
2026-08-03T03:43:16.981Z,cmrx9lhbn0007w96x99do9808,http,47,25,40640,0,365,-999,
2026-08-03T03:43:22.548Z,cmrx9lhbn0007w96x99do9808,http,48,17,59764.70588235294,0,365,-999,
2026-08-03T03:43:27.753Z,cmrx9lhbn0007w96x99do9808,http,49,16,63500,0,364,-999,
2026-08-03T03:43:32.900Z,cmrx9lhbn0007w96x99do9808,http,50,21,48380.95238095238,0,362,-999,
2026-08-03T07:20:49.089Z,cmrx9lhbn0007w96x99do9808,http,1,113,8991.150442477876,0,361,-999,
2026-08-03T07:20:52.305Z,cmrx9lhbn0007w96x99do9808,http,2,17,59764.70588235294,0,361,-999,
2026-08-03T07:20:57.447Z,cmrx9lhbn0007w96x99do9808,http,3,20,50800,0,361,-999,
2026-08-03T07:21:03.735Z,cmrx9lhbn0007w96x99do9808,http,4,38,26736.84210526316,0,361,-999,
2026-08-03T07:21:09.291Z,cmrx9lhbn0007w96x99do9808,http,5,25,40640,0,361,-999,
2026-08-03T07:22:26.464Z,cmrx9lhbn0007w96x99do9808,http,1,24,42333.33333333334,0,362,-999,
2026-08-03T07:22:31.592Z,cmrx9lhbn0007w96x99do9808,http,2,18,56444.44444444445,0,363,-999,
2026-08-03T07:22:36.809Z,cmrx9lhbn0007w96x99do9808,http,3,20,50800,0,363,-999,
2026-08-03T07:22:41.935Z,cmrx9lhbn0007w96x99do9808,http,4,19,53473.68421052631,0,361,-999,
2026-08-03T07:22:47.151Z,cmrx9lhbn0007w96x99do9808,http,5,18,56444.44444444445,0,364,-999,
2026-08-03T07:22:52.286Z,cmrx9lhbn0007w96x99do9808,http,6,20,50800,0,361,-999,
2026-08-03T07:22:59.845Z,cmrx9lhbn0007w96x99do9808,http,7,25,40640,0,364,-999,
2026-08-03T07:23:05.407Z,cmrx9lhbn0007w96x99do9808,http,8,25,40640,0,362,-999,
2026-08-03T07:23:10.604Z,cmrx9lhbn0007w96x99do9808,http,9,17,59764.70588235294,0,362,-999,
2026-08-03T07:23:15.749Z,cmrx9lhbn0007w96x99do9808,http,10,21,48380.95238095238,0,363,-999,
2026-08-03T07:23:22.347Z,cmrx9lhbn0007w96x99do9808,http,11,27,37629.62962962963,0,365,-999,
2026-08-03T07:23:27.901Z,cmrx9lhbn0007w96x99do9808,http,12,22,46181.81818181818,0,365,-999,
2026-08-03T07:23:33.034Z,cmrx9lhbn0007w96x99do9808,http,13,23,44173.91304347826,0,365,-999,
2026-08-03T07:23:38.244Z,cmrx9lhbn0007w96x99do9808,http,14,18,56444.44444444445,0,365,-999,
2026-08-03T07:23:43.381Z,cmrx9lhbn0007w96x99do9808,http,15,18,56444.44444444445,0,365,-999,
2026-08-03T07:23:49.013Z,cmrx9lhbn0007w96x99do9808,http,16,17,59764.70588235294,0,362,-999,
2026-08-03T07:23:54.580Z,cmrx9lhbn0007w96x99do9808,http,17,20,50800,0,362,-999,
2026-08-03T07:24:01.179Z,cmrx9lhbn0007w96x99do9808,http,18,31,32774.1935483871,0,365,-999,
2026-08-03T07:24:06.729Z,cmrx9lhbn0007w96x99do9808,http,19,17,59764.70588235294,0,366,-999,
2026-08-03T07:24:42.758Z,cmrx9lhbn0007w96x99do9808,http,1,21,48380.95238095238,0,363,-999,
2026-08-03T07:24:50.855Z,cmrx9lhbn0007w96x99do9808,http,2,27,37629.62962962963,0,365,-999,
2026-08-03T07:24:55.979Z,cmrx9lhbn0007w96x99do9808,http,3,17,59764.70588235294,0,365,-999,
2026-08-03T07:25:01.143Z,cmrx9lhbn0007w96x99do9808,http,4,38,26736.84210526316,0,361,-999,
2026-08-03T07:25:06.330Z,cmrx9lhbn0007w96x99do9808,http,5,18,56444.44444444445,0,365,-999,
2026-08-03T07:25:11.468Z,cmrx9lhbn0007w96x99do9808,http,6,18,56444.44444444445,0,361,-999,
2026-08-03T07:25:16.609Z,cmrx9lhbn0007w96x99do9808,http,7,19,53473.68421052631,0,365,-999,
2026-08-03T07:25:21.755Z,cmrx9lhbn0007w96x99do9808,http,8,25,40640,0,365,-999,
2026-08-03T07:25:30.156Z,cmrx9lhbn0007w96x99do9808,http,9,23,44173.91304347826,0,364,-999,
2026-08-03T07:25:35.302Z,cmrx9lhbn0007w96x99do9808,http,10,25,40640,0,364,-999,
2026-08-03T07:25:40.435Z,cmrx9lhbn0007w96x99do9808,http,11,16,63500,0,366,-999,
2026-08-03T07:25:45.580Z,cmrx9lhbn0007w96x99do9808,http,12,20,50800,0,366,-999,
2026-08-03T07:25:53.991Z,cmrx9lhbn0007w96x99do9808,http,13,26,39076.92307692308,0,366,-999,
2026-08-03T07:25:59.128Z,cmrx9lhbn0007w96x99do9808,http,14,20,50800,0,364,-999,
2026-08-03T07:26:05.732Z,cmrx9lhbn0007w96x99do9808,http,15,26,39076.92307692308,0,365,-999,
2026-08-03T07:26:11.286Z,cmrx9lhbn0007w96x99do9808,http,16,15,67733.33333333333,0,365,-999,
2026-08-03T07:26:16.495Z,cmrx9lhbn0007w96x99do9808,http,17,17,59764.70588235294,0,363,-999,
2026-08-03T07:26:21.633Z,cmrx9lhbn0007w96x99do9808,http,18,18,56444.44444444445,0,365,-999,
2026-08-03T07:26:26.734Z,cmrx9lhbn0007w96x99do9808,http,19,16,63500,0,366,-999,
2026-08-03T07:26:31.766Z,cmrx9lhbn0007w96x99do9808,http,20,15,67733.33333333333,0,366,-999,
2026-08-03T07:26:36.984Z,cmrx9lhbn0007w96x99do9808,http,21,17,59764.70588235294,0,364,-999,
2026-08-03T07:26:42.123Z,cmrx9lhbn0007w96x99do9808,http,22,17,59764.70588235294,0,366,-999,
2026-08-03T07:26:49.370Z,cmrx9lhbn0007w96x99do9808,http,23,25,40640,0,366,-999,
2026-08-03T07:26:54.931Z,cmrx9lhbn0007w96x99do9808,http,24,21,48380.95238095238,0,366,-999,
2026-08-03T07:27:01.418Z,cmrx9lhbn0007w96x99do9808,http,25,27,37629.62962962963,0,366,-999,
2026-08-03T07:27:06.552Z,cmrx9lhbn0007w96x99do9808,http,26,16,63500,0,366,-999,
2026-08-03T07:27:13.042Z,cmrx9lhbn0007w96x99do9808,http,27,24,42333.33333333334,0,365,-999,
2026-08-03T07:27:18.182Z,cmrx9lhbn0007w96x99do9808,http,28,20,50800,0,364,-999,
2026-08-03T07:27:23.309Z,cmrx9lhbn0007w96x99do9808,http,29,16,63500,0,362,-999,
2026-08-03T07:27:28.628Z,cmrx9lhbn0007w96x99do9808,http,30,17,59764.70588235294,0,364,-999,
2026-08-03T07:27:33.872Z,cmrx9lhbn0007w96x99do9808,http,31,18,56444.44444444445,0,365,-999,
2026-08-03T07:27:40.358Z,cmrx9lhbn0007w96x99do9808,http,32,27,37629.62962962963,0,366,-999,
2026-08-03T07:27:45.488Z,cmrx9lhbn0007w96x99do9808,http,33,16,63500,0,366,-999,
2026-08-03T07:27:52.301Z,cmrx9lhbn0007w96x99do9808,http,34,26,39076.92307692308,0,366,-999,
2026-08-03T07:27:57.439Z,cmrx9lhbn0007w96x99do9808,http,35,18,56444.44444444445,0,364,-999,
2026-08-03T07:28:03.283Z,cmrx9lhbn0007w96x99do9808,http,36,18,56444.44444444445,0,366,-999,
2026-08-03T07:28:08.422Z,cmrx9lhbn0007w96x99do9808,http,37,18,56444.44444444445,0,366,-999,
2026-08-03T07:28:13.570Z,cmrx9lhbn0007w96x99do9808,http,38,19,53473.68421052631,0,364,-999,
2026-08-03T07:28:18.708Z,cmrx9lhbn0007w96x99do9808,http,39,16,63500,0,366,-999,
2026-08-03T07:28:23.854Z,cmrx9lhbn0007w96x99do9808,http,40,17,59764.70588235294,0,366,-999,
2026-08-03T07:28:28.993Z,cmrx9lhbn0007w96x99do9808,http,41,16,63500,0,366,-999,
2026-08-03T07:28:34.136Z,cmrx9lhbn0007w96x99do9808,http,42,18,56444.44444444445,0,366,-999,
2026-08-03T07:28:39.276Z,cmrx9lhbn0007w96x99do9808,http,43,20,50800,0,364,-999,
2026-08-03T07:28:44.418Z,cmrx9lhbn0007w96x99do9808,http,44,19,53473.68421052631,0,364,-999,
2026-08-03T07:28:49.559Z,cmrx9lhbn0007w96x99do9808,http,45,15,67733.33333333333,0,366,-999,
2026-08-03T07:28:54.706Z,cmrx9lhbn0007w96x99do9808,http,46,21,48380.95238095238,0,366,-999,
2026-08-03T07:28:59.845Z,cmrx9lhbn0007w96x99do9808,http,47,19,53473.68421052631,0,366,-999,
2026-08-03T07:29:04.986Z,cmrx9lhbn0007w96x99do9808,http,48,17,59764.70588235294,0,366,-999,
2026-08-03T07:29:10.130Z,cmrx9lhbn0007w96x99do9808,http,49,20,50800,0,366,-999,
2026-08-03T07:29:15.269Z,cmrx9lhbn0007w96x99do9808,http,50,16,63500,0,366,-999,
2026-08-03T07:29:20.415Z,cmrx9lhbn0007w96x99do9808,http,51,18,56444.44444444445,0,366,-999,
2026-08-03T07:29:25.556Z,cmrx9lhbn0007w96x99do9808,http,52,17,59764.70588235294,0,366,-999,
2026-08-03T07:29:30.692Z,cmrx9lhbn0007w96x99do9808,http,53,14,72571.42857142857,0,366,-999,
2026-08-03T07:29:35.836Z,cmrx9lhbn0007w96x99do9808,http,54,19,53473.68421052631,0,366,-999,
2026-08-03T07:29:40.975Z,cmrx9lhbn0007w96x99do9808,http,55,18,56444.44444444445,0,366,-999,
2026-08-03T07:29:46.113Z,cmrx9lhbn0007w96x99do9808,http,56,19,53473.68421052631,0,362,-999,
2026-08-03T07:29:51.255Z,cmrx9lhbn0007w96x99do9808,http,57,18,56444.44444444445,0,366,-999,
2026-08-03T07:29:56.400Z,cmrx9lhbn0007w96x99do9808,http,58,22,46181.81818181818,0,366,-999,
2026-08-03T07:30:01.537Z,cmrx9lhbn0007w96x99do9808,http,59,20,50800,0,366,-999,
2026-08-03T07:30:06.681Z,cmrx9lhbn0007w96x99do9808,http,60,24,42333.33333333334,0,366,-999,
2026-08-03T07:30:11.819Z,cmrx9lhbn0007w96x99do9808,http,61,25,40640,0,364,-999,
2026-08-03T07:30:16.954Z,cmrx9lhbn0007w96x99do9808,http,62,17,59764.70588235294,0,366,-999,
2026-08-03T07:30:22.095Z,cmrx9lhbn0007w96x99do9808,http,63,18,56444.44444444445,0,366,-999,
2026-08-03T07:30:27.236Z,cmrx9lhbn0007w96x99do9808,http,64,18,56444.44444444445,0,366,-999,
2026-08-03T07:30:32.380Z,cmrx9lhbn0007w96x99do9808,http,65,20,50800,0,366,-999,
2026-08-03T07:30:37.523Z,cmrx9lhbn0007w96x99do9808,http,66,20,50800,0,364,-999,
2026-08-03T07:30:42.660Z,cmrx9lhbn0007w96x99do9808,http,67,19,53473.68421052631,0,366,-999,
2026-08-03T07:30:47.802Z,cmrx9lhbn0007w96x99do9808,http,68,18,56444.44444444445,0,366,-999,
2026-08-03T07:30:52.960Z,cmrx9lhbn0007w96x99do9808,http,69,36,28222.22222222222,0,366,-999,
2026-08-03T07:30:58.088Z,cmrx9lhbn0007w96x99do9808,http,70,21,48380.95238095238,0,364,-999,
2026-08-03T07:31:03.236Z,cmrx9lhbn0007w96x99do9808,http,71,30,33866.66666666666,0,366,-999,
2026-08-03T07:31:08.364Z,cmrx9lhbn0007w96x99do9808,http,72,22,46181.81818181818,0,364,-999,
2026-08-03T07:31:13.506Z,cmrx9lhbn0007w96x99do9808,http,73,20,50800,0,364,-999,
2026-08-03T07:31:18.640Z,cmrx9lhbn0007w96x99do9808,http,74,19,53473.68421052631,0,366,-999,
2026-08-03T07:31:23.779Z,cmrx9lhbn0007w96x99do9808,http,75,19,53473.68421052631,0,364,-999,
2026-08-03T07:31:28.953Z,cmrx9lhbn0007w96x99do9808,http,76,54,18814.81481481481,0,366,-999,
2026-08-03T07:31:34.059Z,cmrx9lhbn0007w96x99do9808,http,77,17,59764.70588235294,0,362,-999,
2026-08-03T07:31:39.199Z,cmrx9lhbn0007w96x99do9808,http,78,19,53473.68421052631,0,366,-999,
2026-08-03T07:31:44.344Z,cmrx9lhbn0007w96x99do9808,http,79,23,44173.91304347826,0,366,-999,
2026-08-03T07:31:49.478Z,cmrx9lhbn0007w96x99do9808,http,80,18,56444.44444444445,0,366,-999,
2026-08-03T07:31:54.613Z,cmrx9lhbn0007w96x99do9808,http,81,16,63500,0,366,-999,
2026-08-03T07:31:59.761Z,cmrx9lhbn0007w96x99do9808,http,82,21,48380.95238095238,0,366,-999,
2026-08-03T07:32:04.895Z,cmrx9lhbn0007w96x99do9808,http,83,17,59764.70588235294,0,364,-999,
2026-08-03T07:32:10.050Z,cmrx9lhbn0007w96x99do9808,http,84,30,33866.66666666666,0,364,-999,
2026-08-03T07:32:15.178Z,cmrx9lhbn0007w96x99do9808,http,85,19,53473.68421052631,0,366,-999,
2026-08-03T07:32:20.321Z,cmrx9lhbn0007w96x99do9808,http,86,23,44173.91304347826,0,366,-999,
2026-08-03T07:32:25.458Z,cmrx9lhbn0007w96x99do9808,http,87,19,53473.68421052631,0,366,-999,
2026-08-03T07:32:30.602Z,cmrx9lhbn0007w96x99do9808,http,88,23,44173.91304347826,0,366,-999,
2026-08-03T07:32:35.739Z,cmrx9lhbn0007w96x99do9808,http,89,19,53473.68421052631,0,366,-999,
2026-08-03T07:32:40.878Z,cmrx9lhbn0007w96x99do9808,http,90,18,56444.44444444445,0,366,-999,
2026-08-03T07:32:46.016Z,cmrx9lhbn0007w96x99do9808,http,91,17,59764.70588235294,0,362,-999,
2026-08-03T07:32:51.155Z,cmrx9lhbn0007w96x99do9808,http,92,16,63500,0,366,-999,
2026-08-03T07:32:56.300Z,cmrx9lhbn0007w96x99do9808,http,93,21,48380.95238095238,0,365,-999,
2026-08-03T07:33:01.441Z,cmrx9lhbn0007w96x99do9808,http,94,21,48380.95238095238,0,366,-999,
2026-08-03T07:33:06.576Z,cmrx9lhbn0007w96x99do9808,http,95,17,59764.70588235294,0,366,-999,
2026-08-03T07:33:11.726Z,cmrx9lhbn0007w96x99do9808,http,96,21,48380.95238095238,0,366,-999,
2026-08-03T07:33:16.866Z,cmrx9lhbn0007w96x99do9808,http,97,19,53473.68421052631,0,364,-999,
2026-08-03T07:33:22.012Z,cmrx9lhbn0007w96x99do9808,http,98,19,53473.68421052631,0,366,-999,
2026-08-03T07:33:27.155Z,cmrx9lhbn0007w96x99do9808,http,99,18,56444.44444444445,0,366,-999,
2026-08-03T07:33:32.300Z,cmrx9lhbn0007w96x99do9808,http,100,18,56444.44444444445,0,367,-999,
2026-08-03T07:33:37.445Z,cmrx9lhbn0007w96x99do9808,http,101,16,63500,0,367,-999,
2026-08-03T07:33:42.589Z,cmrx9lhbn0007w96x99do9808,http,102,18,56444.44444444445,0,367,-999,
2026-08-03T07:33:47.734Z,cmrx9lhbn0007w96x99do9808,http,103,15,67733.33333333333,0,367,-999,
2026-08-03T07:33:52.880Z,cmrx9lhbn0007w96x99do9808,http,104,18,56444.44444444445,0,367,-999,
2026-08-03T07:33:58.023Z,cmrx9lhbn0007w96x99do9808,http,105,16,63500,0,367,-999,
2026-08-03T07:34:03.169Z,cmrx9lhbn0007w96x99do9808,http,106,19,53473.68421052631,0,365,-999,
2026-08-03T07:34:08.313Z,cmrx9lhbn0007w96x99do9808,http,107,17,59764.70588235294,0,367,-999,
2026-08-03T07:34:13.452Z,cmrx9lhbn0007w96x99do9808,http,108,15,67733.33333333333,0,367,-999,
2026-08-03T07:34:18.603Z,cmrx9lhbn0007w96x99do9808,http,109,18,56444.44444444445,0,365,-999,
2026-08-03T07:34:23.738Z,cmrx9lhbn0007w96x99do9808,http,110,17,59764.70588235294,0,367,-999,
2026-08-03T07:34:28.880Z,cmrx9lhbn0007w96x99do9808,http,111,18,56444.44444444445,0,367,-999,
2026-08-03T07:34:34.020Z,cmrx9lhbn0007w96x99do9808,http,112,15,67733.33333333333,0,367,-999,
2026-08-03T07:34:39.163Z,cmrx9lhbn0007w96x99do9808,http,113,21,48380.95238095238,0,367,-999,
2026-08-03T07:34:44.303Z,cmrx9lhbn0007w96x99do9808,http,114,19,53473.68421052631,0,367,-999,
2026-08-03T07:34:49.439Z,cmrx9lhbn0007w96x99do9808,http,115,14,72571.42857142857,0,367,-999,
2026-08-03T07:34:54.581Z,cmrx9lhbn0007w96x99do9808,http,116,17,59764.70588235294,0,365,-999,
2026-08-03T07:34:59.724Z,cmrx9lhbn0007w96x99do9808,http,117,17,59764.70588235294,0,365,-999,
2026-08-03T07:35:04.882Z,cmrx9lhbn0007w96x99do9808,http,118,32,31750,0,367,-999,
2026-08-03T07:35:10.014Z,cmrx9lhbn0007w96x99do9808,http,119,23,44173.91304347826,0,367,-999,
2026-08-03T07:35:15.148Z,cmrx9lhbn0007w96x99do9808,http,120,14,72571.42857142857,0,363,-999,
2026-08-03T07:35:20.293Z,cmrx9lhbn0007w96x99do9808,http,121,14,72571.42857142857,0,367,-999,
2026-08-03T07:35:25.440Z,cmrx9lhbn0007w96x99do9808,http,122,17,59764.70588235294,0,365,-999,
2026-08-03T07:35:30.582Z,cmrx9lhbn0007w96x99do9808,http,123,18,56444.44444444445,0,367,-999,
2026-08-03T07:35:35.724Z,cmrx9lhbn0007w96x99do9808,http,124,15,67733.33333333333,0,367,-999,
2026-08-03T07:35:40.870Z,cmrx9lhbn0007w96x99do9808,http,125,17,59764.70588235294,0,367,-999,
2026-08-03T07:35:46.018Z,cmrx9lhbn0007w96x99do9808,http,126,19,53473.68421052631,0,367,-999,
2026-08-03T07:35:51.160Z,cmrx9lhbn0007w96x99do9808,http,127,18,56444.44444444445,0,367,-999,
2026-08-03T07:35:56.304Z,cmrx9lhbn0007w96x99do9808,http,128,15,67733.33333333333,0,367,-999,
2026-08-03T07:36:01.501Z,cmrx9lhbn0007w96x99do9808,http,129,69,14724.63768115942,0,367,-999,
2026-08-03T07:36:06.593Z,cmrx9lhbn0007w96x99do9808,http,130,15,67733.33333333333,0,367,-999,
2026-08-03T07:36:11.736Z,cmrx9lhbn0007w96x99do9808,http,131,17,59764.70588235294,0,367,-999,
2026-08-03T07:36:16.881Z,cmrx9lhbn0007w96x99do9808,http,132,17,59764.70588235294,0,367,-999,
2026-08-03T07:36:22.024Z,cmrx9lhbn0007w96x99do9808,http,133,17,59764.70588235294,0,367,-999,
2026-08-03T07:36:27.183Z,cmrx9lhbn0007w96x99do9808,http,134,33,30787.87878787879,0,367,-999,
2026-08-03T07:36:32.321Z,cmrx9lhbn0007w96x99do9808,http,135,25,40640,0,367,-999,
2026-08-03T07:36:37.458Z,cmrx9lhbn0007w96x99do9808,http,136,15,67733.33333333333,0,367,-999,
2026-08-03T07:36:42.596Z,cmrx9lhbn0007w96x99do9808,http,137,14,72571.42857142857,0,367,-999,
2026-08-03T07:36:47.740Z,cmrx9lhbn0007w96x99do9808,http,138,16,63500,0,367,-999,
2026-08-03T07:36:52.887Z,cmrx9lhbn0007w96x99do9808,http,139,16,63500,0,365,-999,
2026-08-03T07:36:58.030Z,cmrx9lhbn0007w96x99do9808,http,140,17,59764.70588235294,0,367,-999,
2026-08-03T07:37:03.178Z,cmrx9lhbn0007w96x99do9808,http,141,21,48380.95238095238,0,362,-999,
2026-08-03T07:37:08.317Z,cmrx9lhbn0007w96x99do9808,http,142,14,72571.42857142857,0,367,-999,
2026-08-03T07:37:13.469Z,cmrx9lhbn0007w96x99do9808,http,143,20,50800,0,366,-999,
2026-08-03T07:37:18.609Z,cmrx9lhbn0007w96x99do9808,http,144,18,56444.44444444445,0,367,-999,
2026-08-03T07:37:23.754Z,cmrx9lhbn0007w96x99do9808,http,145,18,56444.44444444445,0,367,-999,
2026-08-03T07:37:28.895Z,cmrx9lhbn0007w96x99do9808,http,146,15,67733.33333333333,0,367,-999,
2026-08-03T07:37:34.041Z,cmrx9lhbn0007w96x99do9808,http,147,15,67733.33333333333,0,367,-999,
2026-08-03T07:37:39.188Z,cmrx9lhbn0007w96x99do9808,http,148,18,56444.44444444445,0,366,-999,
2026-08-03T07:37:44.330Z,cmrx9lhbn0007w96x99do9808,http,149,16,63500,0,367,-999,
2026-08-03T07:37:49.472Z,cmrx9lhbn0007w96x99do9808,http,150,16,63500,0,367,-999,
2026-08-03T07:37:54.614Z,cmrx9lhbn0007w96x99do9808,http,151,15,67733.33333333333,0,367,-999,
2026-08-03T07:37:59.760Z,cmrx9lhbn0007w96x99do9808,http,152,15,67733.33333333333,0,366,-999,
2026-08-03T07:38:04.901Z,cmrx9lhbn0007w96x99do9808,http,153,16,63500,0,367,-999,
2026-08-03T07:38:10.036Z,cmrx9lhbn0007w96x99do9808,http,154,16,63500,0,367,-999,
2026-08-03T07:38:15.173Z,cmrx9lhbn0007w96x99do9808,http,155,14,72571.42857142857,0,366,-999,
2026-08-03T07:38:20.311Z,cmrx9lhbn0007w96x99do9808,http,156,14,72571.42857142857,0,367,-999,
2026-08-03T07:38:25.452Z,cmrx9lhbn0007w96x99do9808,http,157,18,56444.44444444445,0,367,-999,
2026-08-03T07:38:30.588Z,cmrx9lhbn0007w96x99do9808,http,158,17,59764.70588235294,0,366,-999,
2026-08-03T07:38:35.729Z,cmrx9lhbn0007w96x99do9808,http,159,19,53473.68421052631,0,366,-999,
2026-08-03T07:38:40.868Z,cmrx9lhbn0007w96x99do9808,http,160,20,50800,0,367,-999,
2026-08-03T07:38:46.003Z,cmrx9lhbn0007w96x99do9808,http,161,15,67733.33333333333,0,367,-999,
2026-08-03T07:38:51.141Z,cmrx9lhbn0007w96x99do9808,http,162,17,59764.70588235294,0,367,-999,
2026-08-03T07:38:56.284Z,cmrx9lhbn0007w96x99do9808,http,163,21,48380.95238095238,0,366,-999,
2026-08-03T07:39:05.012Z,cmrx9lhbn0007w96x99do9808,http,164,22,46181.81818181818,0,367,-999,
2026-08-03T07:39:10.145Z,cmrx9lhbn0007w96x99do9808,http,165,18,56444.44444444445,0,367,-999,
2026-08-03T07:39:18.025Z,cmrx9lhbn0007w96x99do9808,http,166,24,42333.33333333334,0,367,-999,
2026-08-03T07:39:23.586Z,cmrx9lhbn0007w96x99do9808,http,167,15,67733.33333333333,0,365,-999,
2026-08-03T07:39:29.866Z,cmrx9lhbn0007w96x99do9808,http,168,26,39076.92307692308,0,367,-999,
2026-08-03T07:39:35.423Z,cmrx9lhbn0007w96x99do9808,http,169,15,67733.33333333333,0,367,-999,
2026-08-03T07:39:41.713Z,cmrx9lhbn0007w96x99do9808,http,170,28,36285.71428571428,0,365,-999,
2026-08-03T07:39:47.273Z,cmrx9lhbn0007w96x99do9808,http,171,17,59764.70588235294,0,367,-999,
2026-08-03T07:39:52.900Z,cmrx9lhbn0007w96x99do9808,http,172,14,72571.42857142857,0,365,-999,
2026-08-03T07:39:58.480Z,cmrx9lhbn0007w96x99do9808,http,173,20,50800,0,363,-999,
2026-08-03T07:40:04.437Z,cmrx9lhbn0007w96x99do9808,http,174,30,33866.66666666666,0,367,-999,
2026-08-03T07:40:09.992Z,cmrx9lhbn0007w96x99do9808,http,175,17,59764.70588235294,0,363,-999,
2026-08-03T07:40:17.440Z,cmrx9lhbn0007w96x99do9808,http,176,21,48380.95238095238,0,367,-999,
2026-08-03T07:40:22.583Z,cmrx9lhbn0007w96x99do9808,http,177,19,53473.68421052631,0,367,-999,
2026-08-03T07:40:27.787Z,cmrx9lhbn0007w96x99do9808,http,178,14,72571.42857142857,0,367,-999,
2026-08-03T07:40:32.943Z,cmrx9lhbn0007w96x99do9808,http,179,24,42333.33333333334,0,367,-999,
2026-08-03T07:40:39.752Z,cmrx9lhbn0007w96x99do9808,http,180,26,39076.92307692308,0,367,-999,
2026-08-03T07:40:44.891Z,cmrx9lhbn0007w96x99do9808,http,181,18,56444.44444444445,0,367,-999,
2026-08-03T07:40:50.415Z,cmrx9lhbn0007w96x99do9808,http,182,13,78153.84615384616,0,367,-999,
2026-08-03T07:40:55.566Z,cmrx9lhbn0007w96x99do9808,http,183,19,53473.68421052631,0,367,-999,
2026-08-03T07:41:03.359Z,cmrx9lhbn0007w96x99do9808,http,184,39,26051.28205128205,0,366,-999,
2026-08-03T07:41:08.487Z,cmrx9lhbn0007w96x99do9808,http,185,15,67733.33333333333,0,367,-999,
2026-08-03T07:41:14.662Z,cmrx9lhbn0007w96x99do9808,http,186,23,44173.91304347826,0,364,-999,
2026-08-03T07:41:19.804Z,cmrx9lhbn0007w96x99do9808,http,187,20,50800,0,363,-999,
2026-08-03T07:41:25.331Z,cmrx9lhbn0007w96x99do9808,http,188,16,63500,0,367,-999,
2026-08-03T07:41:30.488Z,cmrx9lhbn0007w96x99do9808,http,189,26,39076.92307692308,0,367,-999,
2026-08-03T07:41:35.626Z,cmrx9lhbn0007w96x99do9808,http,190,16,63500,0,366,-999,
2026-08-03T07:41:40.831Z,cmrx9lhbn0007w96x99do9808,http,191,15,67733.33333333333,0,364,-999,
2026-08-03T07:41:45.991Z,cmrx9lhbn0007w96x99do9808,http,192,29,35034.48275862069,0,365,-999,
2026-08-03T07:41:52.371Z,cmrx9lhbn0007w96x99do9808,http,193,30,33866.66666666666,0,367,-999,
2026-08-03T07:41:57.397Z,cmrx9lhbn0007w96x99do9808,http,194,19,53473.68421052631,0,367,-999,
2026-08-03T07:42:02.613Z,cmrx9lhbn0007w96x99do9808,http,195,26,39076.92307692308,0,367,-999,
2026-08-03T07:42:07.745Z,cmrx9lhbn0007w96x99do9808,http,196,17,59764.70588235294,0,367,-999,
2026-08-03T07:42:14.879Z,cmrx9lhbn0007w96x99do9808,http,197,23,44173.91304347826,0,365,-999,
2026-08-03T07:42:20.017Z,cmrx9lhbn0007w96x99do9808,http,198,18,56444.44444444445,0,367,-999,
2026-08-03T07:42:25.548Z,cmrx9lhbn0007w96x99do9808,http,199,20,50800,0,365,-999,
2026-08-03T07:42:30.686Z,cmrx9lhbn0007w96x99do9808,http,200,15,67733.33333333333,0,367,-999,
2026-08-03T07:42:35.832Z,cmrx9lhbn0007w96x99do9808,http,201,16,63500,0,367,-999,
2026-08-03T07:42:40.983Z,cmrx9lhbn0007w96x99do9808,http,202,21,48380.95238095238,0,367,-999,
2026-08-03T07:42:46.120Z,cmrx9lhbn0007w96x99do9808,http,203,18,56444.44444444445,0,363,-999,
2026-08-03T07:42:51.264Z,cmrx9lhbn0007w96x99do9808,http,204,17,59764.70588235294,0,367,-999,
2026-08-03T07:42:56.404Z,cmrx9lhbn0007w96x99do9808,http,205,17,59764.70588235294,0,367,-999,
2026-08-03T07:43:01.563Z,cmrx9lhbn0007w96x99do9808,http,206,28,36285.71428571428,0,363,-999,
2026-08-03T07:43:06.691Z,cmrx9lhbn0007w96x99do9808,http,207,16,63500,0,365,-999,
2026-08-03T07:43:11.834Z,cmrx9lhbn0007w96x99do9808,http,208,15,67733.33333333333,0,367,-999,
2026-08-03T07:43:16.980Z,cmrx9lhbn0007w96x99do9808,http,209,15,67733.33333333333,0,367,-999,
2026-08-03T07:43:22.129Z,cmrx9lhbn0007w96x99do9808,http,210,19,53473.68421052631,0,367,-999,
2026-08-03T07:43:27.271Z,cmrx9lhbn0007w96x99do9808,http,211,16,63500,0,367,-999,
2026-08-03T07:43:32.415Z,cmrx9lhbn0007w96x99do9808,http,212,19,53473.68421052631,0,367,-999,
2026-08-03T07:43:37.559Z,cmrx9lhbn0007w96x99do9808,http,213,18,56444.44444444445,0,367,-999,
2026-08-03T07:43:42.698Z,cmrx9lhbn0007w96x99do9808,http,214,19,53473.68421052631,0,363,-999,
2026-08-03T07:43:47.846Z,cmrx9lhbn0007w96x99do9808,http,215,21,48380.95238095238,0,367,-999,
2026-08-03T07:43:52.979Z,cmrx9lhbn0007w96x99do9808,http,216,17,59764.70588235294,0,367,-999,
2026-08-03T07:43:58.121Z,cmrx9lhbn0007w96x99do9808,http,217,16,63500,0,367,-999,
2026-08-03T07:44:03.263Z,cmrx9lhbn0007w96x99do9808,http,218,15,67733.33333333333,0,367,-999,
2026-08-03T07:44:08.408Z,cmrx9lhbn0007w96x99do9808,http,219,17,59764.70588235294,0,367,-999,
2026-08-03T07:44:13.554Z,cmrx9lhbn0007w96x99do9808,http,220,16,63500,0,367,-999,
2026-08-03T07:44:18.695Z,cmrx9lhbn0007w96x99do9808,http,221,19,53473.68421052631,0,367,-999,
2026-08-03T07:44:23.837Z,cmrx9lhbn0007w96x99do9808,http,222,14,72571.42857142857,0,367,-999,
2026-08-03T07:44:28.982Z,cmrx9lhbn0007w96x99do9808,http,223,18,56444.44444444445,0,367,-999,
2026-08-03T07:44:34.129Z,cmrx9lhbn0007w96x99do9808,http,224,20,50800,0,367,-999,
2026-08-03T07:44:39.269Z,cmrx9lhbn0007w96x99do9808,http,225,15,67733.33333333333,0,367,-999,
2026-08-03T07:44:44.415Z,cmrx9lhbn0007w96x99do9808,http,226,16,63500,0,367,-999,
2026-08-03T07:44:49.560Z,cmrx9lhbn0007w96x99do9808,http,227,15,67733.33333333333,0,367,-999,
2026-08-03T07:44:54.709Z,cmrx9lhbn0007w96x99do9808,http,228,16,63500,0,367,-999,
2026-08-03T07:44:59.856Z,cmrx9lhbn0007w96x99do9808,http,229,18,56444.44444444445,0,367,-999,
2026-08-03T07:45:05.002Z,cmrx9lhbn0007w96x99do9808,http,230,20,50800,0,367,-999,
2026-08-03T07:45:10.138Z,cmrx9lhbn0007w96x99do9808,http,231,20,50800,0,364,-999,
2026-08-03T07:45:15.284Z,cmrx9lhbn0007w96x99do9808,http,232,30,33866.66666666666,0,365,-999,
2026-08-03T07:45:20.410Z,cmrx9lhbn0007w96x99do9808,http,233,17,59764.70588235294,0,367,-999,
2026-08-03T07:45:25.547Z,cmrx9lhbn0007w96x99do9808,http,234,16,63500,0,365,-999,
2026-08-03T07:45:30.694Z,cmrx9lhbn0007w96x99do9808,http,235,25,40640,0,367,-999,
2026-08-03T07:45:35.823Z,cmrx9lhbn0007w96x99do9808,http,236,16,63500,0,367,-999,
2026-08-03T07:45:40.961Z,cmrx9lhbn0007w96x99do9808,http,237,18,56444.44444444445,0,367,-999,
2026-08-03T07:45:46.101Z,cmrx9lhbn0007w96x99do9808,http,238,18,56444.44444444445,0,365,-999,
2026-08-03T07:45:51.241Z,cmrx9lhbn0007w96x99do9808,http,239,16,63500,0,366,-999,
2026-08-03T07:45:56.380Z,cmrx9lhbn0007w96x99do9808,http,240,16,63500,0,365,-999,
2026-08-03T07:46:01.520Z,cmrx9lhbn0007w96x99do9808,http,241,17,59764.70588235294,0,367,-999,
2026-08-03T07:46:06.679Z,cmrx9lhbn0007w96x99do9808,http,242,34,29882.35294117647,0,367,-999,
2026-08-03T07:46:11.801Z,cmrx9lhbn0007w96x99do9808,http,243,16,63500,0,366,-999,
2026-08-03T07:46:16.942Z,cmrx9lhbn0007w96x99do9808,http,244,16,63500,0,366,-999,
2026-08-03T07:46:22.085Z,cmrx9lhbn0007w96x99do9808,http,245,18,56444.44444444445,0,367,-999,
2026-08-03T07:46:27.231Z,cmrx9lhbn0007w96x99do9808,http,246,24,42333.33333333334,0,367,-999,
2026-08-03T07:46:32.365Z,cmrx9lhbn0007w96x99do9808,http,247,18,56444.44444444445,0,367,-999,
2026-08-03T07:46:37.512Z,cmrx9lhbn0007w96x99do9808,http,248,22,46181.81818181818,0,366,-999,
2026-08-03T07:46:42.656Z,cmrx9lhbn0007w96x99do9808,http,249,24,42333.33333333334,0,367,-999,
2026-08-03T07:46:47.793Z,cmrx9lhbn0007w96x99do9808,http,250,20,50800,0,366,-999,
2026-08-03T07:46:52.933Z,cmrx9lhbn0007w96x99do9808,http,251,14,72571.42857142857,0,366,-999,
2026-08-03T07:46:58.074Z,cmrx9lhbn0007w96x99do9808,http,252,18,56444.44444444445,0,367,-999,
2026-08-03T07:47:03.216Z,cmrx9lhbn0007w96x99do9808,http,253,15,67733.33333333333,0,366,-999,
2026-08-03T07:47:08.356Z,cmrx9lhbn0007w96x99do9808,http,254,17,59764.70588235294,0,367,-999,
2026-08-03T07:47:13.497Z,cmrx9lhbn0007w96x99do9808,http,255,14,72571.42857142857,0,366,-999,
2026-08-03T07:47:18.637Z,cmrx9lhbn0007w96x99do9808,http,256,15,67733.33333333333,0,364,-999,
2026-08-03T07:47:23.784Z,cmrx9lhbn0007w96x99do9808,http,257,17,59764.70588235294,0,365,-999,
2026-08-03T07:47:28.922Z,cmrx9lhbn0007w96x99do9808,http,258,14,72571.42857142857,0,366,-999,
2026-08-03T07:47:34.066Z,cmrx9lhbn0007w96x99do9808,http,259,19,53473.68421052631,0,367,-999,
2026-08-03T07:47:39.205Z,cmrx9lhbn0007w96x99do9808,http,260,15,67733.33333333333,0,364,-999,
2026-08-03T07:47:44.350Z,cmrx9lhbn0007w96x99do9808,http,261,18,56444.44444444445,0,367,-999,
2026-08-03T07:47:49.489Z,cmrx9lhbn0007w96x99do9808,http,262,17,59764.70588235294,0,367,-999,
2026-08-03T07:47:54.633Z,cmrx9lhbn0007w96x99do9808,http,263,18,56444.44444444445,0,367,-999,
2026-08-03T07:47:59.774Z,cmrx9lhbn0007w96x99do9808,http,264,16,63500,0,366,-999,
2026-08-03T07:48:04.922Z,cmrx9lhbn0007w96x99do9808,http,265,20,50800,0,366,-999,
2026-08-03T07:48:10.057Z,cmrx9lhbn0007w96x99do9808,http,266,21,48380.95238095238,0,366,-999,
2026-08-03T07:48:15.191Z,cmrx9lhbn0007w96x99do9808,http,267,16,63500,0,367,-999,
2026-08-03T07:48:20.331Z,cmrx9lhbn0007w96x99do9808,http,268,17,59764.70588235294,0,367,-999,
2026-08-03T07:48:25.466Z,cmrx9lhbn0007w96x99do9808,http,269,15,67733.33333333333,0,364,-999,
2026-08-03T07:48:30.608Z,cmrx9lhbn0007w96x99do9808,http,270,17,59764.70588235294,0,365,-999,
2026-08-03T07:48:35.746Z,cmrx9lhbn0007w96x99do9808,http,271,18,56444.44444444445,0,367,-999,
2026-08-03T07:48:40.887Z,cmrx9lhbn0007w96x99do9808,http,272,17,59764.70588235294,0,367,-999,
2026-08-03T07:48:46.028Z,cmrx9lhbn0007w96x99do9808,http,273,17,59764.70588235294,0,367,-999,
2026-08-03T07:48:51.165Z,cmrx9lhbn0007w96x99do9808,http,274,16,63500,0,366,-999,
2026-08-03T07:48:56.314Z,cmrx9lhbn0007w96x99do9808,http,275,20,50800,0,367,-999,
2026-08-03T07:49:01.453Z,cmrx9lhbn0007w96x99do9808,http,276,22,46181.81818181818,0,366,-999,
2026-08-03T07:49:06.593Z,cmrx9lhbn0007w96x99do9808,http,277,19,53473.68421052631,0,367,-999,
2026-08-03T07:49:11.731Z,cmrx9lhbn0007w96x99do9808,http,278,18,56444.44444444445,0,367,-999,
2026-08-03T07:49:16.865Z,cmrx9lhbn0007w96x99do9808,http,279,14,72571.42857142857,0,367,-999,
2026-08-03T07:49:22.010Z,cmrx9lhbn0007w96x99do9808,http,280,21,48380.95238095238,0,367,-999,
2026-08-03T07:49:27.146Z,cmrx9lhbn0007w96x99do9808,http,281,16,63500,0,366,-999,
2026-08-03T07:49:32.289Z,cmrx9lhbn0007w96x99do9808,http,282,15,67733.33333333333,0,367,-999,
2026-08-03T07:49:37.429Z,cmrx9lhbn0007w96x99do9808,http,283,14,72571.42857142857,0,367,-999,
2026-08-03T07:49:42.569Z,cmrx9lhbn0007w96x99do9808,http,284,15,67733.33333333333,0,367,-999,
2026-08-03T07:49:47.714Z,cmrx9lhbn0007w96x99do9808,http,285,16,63500,0,367,-999,
2026-08-03T07:49:52.853Z,cmrx9lhbn0007w96x99do9808,http,286,13,78153.84615384616,0,367,-999,
2026-08-03T07:49:58.005Z,cmrx9lhbn0007w96x99do9808,http,287,21,48380.95238095238,0,365,-999,
2026-08-03T07:50:03.149Z,cmrx9lhbn0007w96x99do9808,http,288,24,42333.33333333334,0,367,-999,
2026-08-03T07:50:08.283Z,cmrx9lhbn0007w96x99do9808,http,289,16,63500,0,367,-999,
2026-08-03T07:50:13.426Z,cmrx9lhbn0007w96x99do9808,http,290,14,72571.42857142857,0,367,-999,
2026-08-03T07:50:18.579Z,cmrx9lhbn0007w96x99do9808,http,291,24,42333.33333333334,0,366,-999,
2026-08-03T07:50:23.775Z,cmrx9lhbn0007w96x99do9808,http,292,14,72571.42857142857,0,367,-999,
2026-08-03T07:50:28.922Z,cmrx9lhbn0007w96x99do9808,http,293,19,53473.68421052631,0,367,-999,
2026-08-03T07:50:36.371Z,cmrx9lhbn0007w96x99do9808,http,294,22,46181.81818181818,0,365,-999,
2026-08-03T07:50:41.504Z,cmrx9lhbn0007w96x99do9808,http,295,13,78153.84615384616,0,367,-999,
2026-08-03T07:51:20.329Z,cmrx9lhbn0007w96x99do9808,http,1,26,39076.92307692308,0,363,-999,
2026-08-03T07:51:28.736Z,cmrx9lhbn0007w96x99do9808,http,2,26,39076.92307692308,0,363,-999,
2026-08-03T07:51:33.871Z,cmrx9lhbn0007w96x99do9808,http,3,16,63500,0,365,-999,
2026-08-03T07:51:40.047Z,cmrx9lhbn0007w96x99do9808,http,4,26,39076.92307692308,0,365,-999,
2026-08-03T07:51:45.182Z,cmrx9lhbn0007w96x99do9808,http,5,14,72571.42857142857,0,365,-999,
2026-08-03T07:51:50.333Z,cmrx9lhbn0007w96x99do9808,http,6,18,56444.44444444445,0,365,-999,
2026-08-03T07:51:57.462Z,cmrx9lhbn0007w96x99do9808,http,7,25,40640,0,365,-999,
2026-08-03T07:52:02.611Z,cmrx9lhbn0007w96x99do9808,http,8,33,30787.87878787879,0,365,-999,
2026-08-03T07:52:10.679Z,cmrx9lhbn0007w96x99do9808,http,9,21,48380.95238095238,0,363,-999,
2026-08-03T07:52:15.815Z,cmrx9lhbn0007w96x99do9808,http,10,16,63500,0,366,-999,
2026-08-03T07:52:23.690Z,cmrx9lhbn0007w96x99do9808,http,11,22,46181.81818181818,0,366,-999,
2026-08-03T07:52:29.242Z,cmrx9lhbn0007w96x99do9808,http,12,17,59764.70588235294,0,363,-999,
2026-08-03T07:52:34.447Z,cmrx9lhbn0007w96x99do9808,http,13,14,72571.42857142857,0,366,-999,
2026-08-03T07:52:39.579Z,cmrx9lhbn0007w96x99do9808,http,14,13,78153.84615384616,0,366,-999,
2026-08-03T07:52:44.676Z,cmrx9lhbn0007w96x99do9808,http,15,13,78153.84615384616,0,365,-999,
2026-08-03T07:52:49.715Z,cmrx9lhbn0007w96x99do9808,http,16,15,67733.33333333333,0,366,-999,
2026-08-03T07:52:54.855Z,cmrx9lhbn0007w96x99do9808,http,17,15,67733.33333333333,0,366,-999,
2026-08-03T07:53:03.266Z,cmrx9lhbn0007w96x99do9808,http,18,22,46181.81818181818,0,366,-999,
2026-08-03T07:53:08.402Z,cmrx9lhbn0007w96x99do9808,http,19,18,56444.44444444445,0,366,-999,
2026-08-03T07:53:14.569Z,cmrx9lhbn0007w96x99do9808,http,20,18,56444.44444444445,0,366,-999,
2026-08-03T07:53:19.707Z,cmrx9lhbn0007w96x99do9808,http,21,15,67733.33333333333,0,366,-999,
2026-08-03T07:53:27.160Z,cmrx9lhbn0007w96x99do9808,http,22,24,42333.33333333334,0,364,-999,
2026-08-03T07:53:32.289Z,cmrx9lhbn0007w96x99do9808,http,23,15,67733.33333333333,0,364,-999,
2026-08-03T07:53:38.566Z,cmrx9lhbn0007w96x99do9808,http,24,23,44173.91304347826,0,366,-999,
2026-08-03T07:53:44.113Z,cmrx9lhbn0007w96x99do9808,http,25,14,72571.42857142857,0,365,-999,
2026-08-03T07:53:49.321Z,cmrx9lhbn0007w96x99do9808,http,26,14,72571.42857142857,0,366,-999,
2026-08-03T07:53:54.456Z,cmrx9lhbn0007w96x99do9808,http,27,14,72571.42857142857,0,364,-999,
2026-08-03T07:54:01.589Z,cmrx9lhbn0007w96x99do9808,http,28,22,46181.81818181818,0,364,-999,
2026-08-03T07:54:06.723Z,cmrx9lhbn0007w96x99do9808,http,29,15,67733.33333333333,0,364,-999,
2026-08-03T07:54:15.884Z,cmrx9lhbn0007w96x99do9808,http,30,20,50800,0,366,-999,
2026-08-03T07:54:21.446Z,cmrx9lhbn0007w96x99do9808,http,31,13,78153.84615384616,0,363,-999,
2026-08-03T07:54:28.042Z,cmrx9lhbn0007w96x99do9808,http,32,24,42333.33333333334,0,366,-999,
2026-08-03T07:54:33.602Z,cmrx9lhbn0007w96x99do9808,http,33,13,78153.84615384616,0,365,-999,
2026-08-03T07:54:39.231Z,cmrx9lhbn0007w96x99do9808,http,34,15,67733.33333333333,0,362,-999,
2026-08-03T07:54:44.793Z,cmrx9lhbn0007w96x99do9808,http,35,13,78153.84615384616,0,363,-999,
2026-08-03T07:54:50.105Z,cmrx9lhbn0007w96x99do9808,http,36,15,67733.33333333333,0,364,-999,
2026-08-03T07:54:55.673Z,cmrx9lhbn0007w96x99do9808,http,37,14,72571.42857142857,0,365,-999,
2026-08-03T07:55:00.885Z,cmrx9lhbn0007w96x99do9808,http,38,19,53473.68421052631,0,366,-999,
2026-08-03T07:55:06.016Z,cmrx9lhbn0007w96x99do9808,http,39,16,63500,0,365,-999,
2026-08-03T07:55:11.159Z,cmrx9lhbn0007w96x99do9808,http,40,17,59764.70588235294,0,365,-999,
2026-08-03T07:55:17.649Z,cmrx9lhbn0007w96x99do9808,http,41,25,40640,0,366,-999,
2026-08-03T07:55:22.780Z,cmrx9lhbn0007w96x99do9808,http,42,15,67733.33333333333,0,365,-999,
2026-08-03T07:55:29.904Z,cmrx9lhbn0007w96x99do9808,http,43,18,56444.44444444445,0,366,-999,
2026-08-03T07:55:35.041Z,cmrx9lhbn0007w96x99do9808,http,44,16,63500,0,366,-999,
2026-08-03T07:55:40.181Z,cmrx9lhbn0007w96x99do9808,http,45,17,59764.70588235294,0,366,-999,
2026-08-03T07:55:45.317Z,cmrx9lhbn0007w96x99do9808,http,46,16,63500,0,366,-999,
2026-08-03T07:55:52.127Z,cmrx9lhbn0007w96x99do9808,http,47,22,46181.81818181818,0,364,-999,
2026-08-03T07:55:57.271Z,cmrx9lhbn0007w96x99do9808,http,48,21,48380.95238095238,0,363,-999,
2026-08-03T07:56:04.721Z,cmrx9lhbn0007w96x99do9808,http,49,24,42333.33333333334,0,366,-999,
2026-08-03T07:56:09.856Z,cmrx9lhbn0007w96x99do9808,http,50,15,67733.33333333333,0,366,-999,
2026-08-03T07:56:16.669Z,cmrx9lhbn0007w96x99do9808,http,51,22,46181.81818181818,0,364,-999,
2026-08-03T07:56:21.814Z,cmrx9lhbn0007w96x99do9808,http,52,27,37629.62962962963,0,366,-999,
2026-08-03T07:56:28.612Z,cmrx9lhbn0007w96x99do9808,http,53,20,50800,0,366,-999,
2026-08-03T07:56:33.751Z,cmrx9lhbn0007w96x99do9808,http,54,16,63500,0,366,-999,
2026-08-03T07:56:39.272Z,cmrx9lhbn0007w96x99do9808,http,55,13,78153.84615384616,0,366,-999,
2026-08-03T07:56:44.430Z,cmrx9lhbn0007w96x99do9808,http,56,25,40640,0,366,-999,
2026-08-03T07:56:49.946Z,cmrx9lhbn0007w96x99do9808,http,57,16,63500,0,366,-999,
2026-08-03T07:56:55.092Z,cmrx9lhbn0007w96x99do9808,http,58,17,59764.70588235294,0,364,-999,
2026-08-03T07:57:01.264Z,cmrx9lhbn0007w96x99do9808,http,59,22,46181.81818181818,0,366,-999,
2026-08-03T07:57:06.399Z,cmrx9lhbn0007w96x99do9808,http,60,15,67733.33333333333,0,366,-999,
2026-08-03T07:57:11.538Z,cmrx9lhbn0007w96x99do9808,http,61,15,67733.33333333333,0,366,-999,
2026-08-03T07:57:17.718Z,cmrx9lhbn0007w96x99do9808,http,62,29,35034.48275862069,0,366,-999,
2026-08-03T07:57:22.852Z,cmrx9lhbn0007w96x99do9808,http,63,22,46181.81818181818,0,366,-999,
2026-08-03T07:57:28.374Z,cmrx9lhbn0007w96x99do9808,http,64,17,59764.70588235294,0,366,-999,
2026-08-03T07:57:33.518Z,cmrx9lhbn0007w96x99do9808,http,65,20,50800,0,362,-999,
2026-08-03T07:57:41.396Z,cmrx9lhbn0007w96x99do9808,http,66,25,40640,0,364,-999,
2026-08-03T07:57:46.952Z,cmrx9lhbn0007w96x99do9808,http,67,18,56444.44444444445,0,366,-999,
2026-08-03T07:57:52.169Z,cmrx9lhbn0007w96x99do9808,http,68,23,44173.91304347826,0,366,-999,
2026-08-03T07:57:57.298Z,cmrx9lhbn0007w96x99do9808,http,69,17,59764.70588235294,0,364,-999,
2026-08-03T07:58:03.899Z,cmrx9lhbn0007w96x99do9808,http,70,25,40640,0,366,-999,
2026-08-03T07:58:09.454Z,cmrx9lhbn0007w96x99do9808,http,71,13,78153.84615384616,0,366,-999,
2026-08-03T07:58:14.663Z,cmrx9lhbn0007w96x99do9808,http,72,24,42333.33333333334,0,363,-999,
2026-08-03T07:58:19.799Z,cmrx9lhbn0007w96x99do9808,http,73,16,63500,0,364,-999,
2026-08-03T07:58:25.973Z,cmrx9lhbn0007w96x99do9808,http,74,25,40640,0,363,-999,
2026-08-03T07:58:31.098Z,cmrx9lhbn0007w96x99do9808,http,75,15,67733.33333333333,0,361,-999,
2026-08-03T07:58:38.343Z,cmrx9lhbn0007w96x99do9808,http,76,24,42333.33333333334,0,364,-999,
2026-08-03T07:58:43.897Z,cmrx9lhbn0007w96x99do9808,http,77,14,72571.42857142857,0,366,-999,
2026-08-03T07:58:49.095Z,cmrx9lhbn0007w96x99do9808,http,78,15,67733.33333333333,0,366,-999,
2026-08-03T07:58:54.243Z,cmrx9lhbn0007w96x99do9808,http,79,23,44173.91304347826,0,366,-999,
2026-08-03T07:58:59.444Z,cmrx9lhbn0007w96x99do9808,http,80,18,56444.44444444445,0,366,-999,
2026-08-03T07:59:04.582Z,cmrx9lhbn0007w96x99do9808,http,81,16,63500,0,366,-999,
2026-08-03T07:59:12.361Z,cmrx9lhbn0007w96x99do9808,http,82,28,36285.71428571428,0,366,-999,
2026-08-03T07:59:17.491Z,cmrx9lhbn0007w96x99do9808,http,83,16,63500,0,362,-999,
2026-08-03T07:59:23.782Z,cmrx9lhbn0007w96x99do9808,http,84,28,36285.71428571428,0,364,-999,
2026-08-03T07:59:29.341Z,cmrx9lhbn0007w96x99do9808,http,85,21,48380.95238095238,0,364,-999,
2026-08-03T07:59:34.541Z,cmrx9lhbn0007w96x99do9808,http,86,16,63500,0,363,-999,
2026-08-03T07:59:39.679Z,cmrx9lhbn0007w96x99do9808,http,87,16,63500,0,364,-999,
2026-08-03T07:59:46.281Z,cmrx9lhbn0007w96x99do9808,http,88,25,40640,0,366,-999,
2026-08-03T07:59:51.847Z,cmrx9lhbn0007w96x99do9808,http,89,17,59764.70588235294,0,363,-999,
2026-08-03T07:59:58.651Z,cmrx9lhbn0007w96x99do9808,http,90,24,42333.33333333334,0,366,-999,
2026-08-03T08:00:03.810Z,cmrx9lhbn0007w96x99do9808,http,91,36,28222.22222222222,0,366,-999,
2026-08-03T08:00:11.688Z,cmrx9lhbn0007w96x99do9808,http,92,36,28222.22222222222,0,364,-999,
2026-08-03T08:00:17.243Z,cmrx9lhbn0007w96x99do9808,http,93,26,39076.92307692308,0,366,-999,
2026-08-03T08:00:22.445Z,cmrx9lhbn0007w96x99do9808,http,94,18,56444.44444444445,0,366,-999,
2026-08-03T08:00:27.590Z,cmrx9lhbn0007w96x99do9808,http,95,24,42333.33333333334,0,366,-999,
2026-08-03T08:00:34.515Z,cmrx9lhbn0007w96x99do9808,http,96,32,31750,0,366,-999,
2026-08-03T08:00:40.076Z,cmrx9lhbn0007w96x99do9808,http,97,24,42333.33333333334,0,366,-999,
2026-08-03T08:00:45.285Z,cmrx9lhbn0007w96x99do9808,http,98,31,32774.1935483871,0,366,-999,
2026-08-03T08:00:50.420Z,cmrx9lhbn0007w96x99do9808,http,99,18,56444.44444444445,0,366,-999,
2026-08-03T08:00:55.942Z,cmrx9lhbn0007w96x99do9808,http,100,14,72571.42857142857,0,367,-999,
2026-08-03T08:01:01.102Z,cmrx9lhbn0007w96x99do9808,http,101,27,37629.62962962963,0,367,-999,
2026-08-03T08:01:06.237Z,cmrx9lhbn0007w96x99do9808,http,102,22,46181.81818181818,0,367,-999,
2026-08-03T08:01:11.370Z,cmrx9lhbn0007w96x99do9808,http,103,16,63500,0,367,-999,
2026-08-03T08:01:16.591Z,cmrx9lhbn0007w96x99do9808,http,104,20,50800,0,367,-999,
2026-08-03T08:01:21.738Z,cmrx9lhbn0007w96x99do9808,http,105,23,44173.91304347826,0,367,-999,
2026-08-03T08:01:30.900Z,cmrx9lhbn0007w96x99do9808,http,106,31,32774.1935483871,0,365,-999,
2026-08-03T08:01:36.454Z,cmrx9lhbn0007w96x99do9808,http,107,19,53473.68421052631,0,367,-999,
2026-08-03T08:01:41.666Z,cmrx9lhbn0007w96x99do9808,http,108,22,46181.81818181818,0,367,-999,
2026-08-03T08:01:46.804Z,cmrx9lhbn0007w96x99do9808,http,109,18,56444.44444444445,0,367,-999,
2026-08-03T08:01:51.949Z,cmrx9lhbn0007w96x99do9808,http,110,18,56444.44444444445,0,367,-999,
2026-08-03T08:02:01.442Z,cmrx9lhbn0007w96x99do9808,http,111,32,31750,0,367,-999,
2026-08-03T08:02:06.997Z,cmrx9lhbn0007w96x99do9808,http,112,16,63500,0,367,-999,
2026-08-03T08:02:13.164Z,cmrx9lhbn0007w96x99do9808,http,113,25,40640,0,367,-999,
2026-08-03T08:02:18.293Z,cmrx9lhbn0007w96x99do9808,http,114,15,67733.33333333333,0,367,-999,
2026-08-03T08:02:24.462Z,cmrx9lhbn0007w96x99do9808,http,115,22,46181.81818181818,0,367,-999,
2026-08-03T08:02:29.597Z,cmrx9lhbn0007w96x99do9808,http,116,16,63500,0,367,-999,
2026-08-03T08:02:34.734Z,cmrx9lhbn0007w96x99do9808,http,117,15,67733.33333333333,0,367,-999,
2026-08-03T08:02:39.869Z,cmrx9lhbn0007w96x99do9808,http,118,17,59764.70588235294,0,365,-999,
2026-08-03T08:02:45.188Z,cmrx9lhbn0007w96x99do9808,http,119,16,63500,0,366,-999,
2026-08-03T08:02:50.434Z,cmrx9lhbn0007w96x99do9808,http,120,15,67733.33333333333,0,365,-999,
2026-08-03T08:02:55.625Z,cmrx9lhbn0007w96x99do9808,http,121,14,72571.42857142857,0,365,-999,
2026-08-03T08:03:00.767Z,cmrx9lhbn0007w96x99do9808,http,122,18,56444.44444444445,0,367,-999,
2026-08-03T08:03:05.904Z,cmrx9lhbn0007w96x99do9808,http,123,17,59764.70588235294,0,365,-999,
2026-08-03T08:03:11.538Z,cmrx9lhbn0007w96x99do9808,http,124,19,53473.68421052631,0,365,-999,
2026-08-03T08:03:17.098Z,cmrx9lhbn0007w96x99do9808,http,125,16,63500,0,367,-999,
2026-08-03T08:03:22.306Z,cmrx9lhbn0007w96x99do9808,http,126,16,63500,0,365,-999,
2026-08-03T08:03:27.446Z,cmrx9lhbn0007w96x99do9808,http,127,18,56444.44444444445,0,367,-999,
2026-08-03T08:03:32.652Z,cmrx9lhbn0007w96x99do9808,http,128,16,63500,0,367,-999,
2026-08-03T08:03:37.797Z,cmrx9lhbn0007w96x99do9808,http,129,21,48380.95238095238,0,367,-999,
2026-08-03T08:03:45.570Z,cmrx9lhbn0007w96x99do9808,http,130,26,39076.92307692308,0,367,-999,
2026-08-03T08:03:50.701Z,cmrx9lhbn0007w96x99do9808,http,131,16,63500,0,367,-999,
2026-08-03T08:03:55.844Z,cmrx9lhbn0007w96x99do9808,http,132,17,59764.70588235294,0,365,-999,
2026-08-03T08:04:02.473Z,cmrx9lhbn0007w96x99do9808,http,133,49,20734.69387755102,0,366,-999,
2026-08-03T08:04:08.008Z,cmrx9lhbn0007w96x99do9808,http,134,18,56444.44444444445,0,366,-999,
2026-08-03T08:04:13.204Z,cmrx9lhbn0007w96x99do9808,http,135,15,67733.33333333333,0,364,-999,
2026-08-03T08:04:18.349Z,cmrx9lhbn0007w96x99do9808,http,136,20,50800,0,365,-999,
2026-08-03T08:04:23.486Z,cmrx9lhbn0007w96x99do9808,http,137,17,59764.70588235294,0,366,-999,
2026-08-03T08:04:30.728Z,cmrx9lhbn0007w96x99do9808,http,138,25,40640,0,366,-999,
2026-08-03T08:04:36.304Z,cmrx9lhbn0007w96x99do9808,http,139,28,36285.71428571428,0,363,-999,
2026-08-03T08:04:41.482Z,cmrx9lhbn0007w96x99do9808,http,140,13,78153.84615384616,0,362,-999,
2026-08-03T08:04:46.629Z,cmrx9lhbn0007w96x99do9808,http,141,17,59764.70588235294,0,366,-999,
2026-08-03T08:04:54.296Z,cmrx9lhbn0007w96x99do9808,http,142,24,42333.33333333334,0,367,-999,
2026-08-03T08:04:59.319Z,cmrx9lhbn0007w96x99do9808,http,143,16,63500,0,365,-999,
2026-08-03T08:05:04.644Z,cmrx9lhbn0007w96x99do9808,http,144,22,46181.81818181818,0,367,-999,
2026-08-03T08:05:09.884Z,cmrx9lhbn0007w96x99do9808,http,145,19,53473.68421052631,0,367,-999,
2026-08-03T08:05:15.828Z,cmrx9lhbn0007w96x99do9808,http,146,16,63500,0,367,-999,
2026-08-03T08:05:21.391Z,cmrx9lhbn0007w96x99do9808,http,147,19,53473.68421052631,0,363,-999,
2026-08-03T08:05:26.583Z,cmrx9lhbn0007w96x99do9808,http,148,13,78153.84615384616,0,367,-999,
2026-08-03T08:05:31.726Z,cmrx9lhbn0007w96x99do9808,http,149,18,56444.44444444445,0,366,-999,
2026-08-03T08:05:38.008Z,cmrx9lhbn0007w96x99do9808,http,150,25,40640,0,367,-999,
2026-08-03T08:05:43.560Z,cmrx9lhbn0007w96x99do9808,http,151,18,56444.44444444445,0,364,-999,
2026-08-03T08:05:50.049Z,cmrx9lhbn0007w96x99do9808,http,152,24,42333.33333333334,0,367,-999,
2026-08-03T08:05:55.181Z,cmrx9lhbn0007w96x99do9808,http,153,18,56444.44444444445,0,367,-999,
2026-08-03T08:06:01.669Z,cmrx9lhbn0007w96x99do9808,http,154,22,46181.81818181818,0,366,-999,
2026-08-03T08:06:06.804Z,cmrx9lhbn0007w96x99do9808,http,155,15,67733.33333333333,0,367,-999,
2026-08-03T08:06:15.536Z,cmrx9lhbn0007w96x99do9808,http,156,23,44173.91304347826,0,367,-999,
2026-08-03T08:06:20.661Z,cmrx9lhbn0007w96x99do9808,http,157,14,72571.42857142857,0,367,-999,
2026-08-03T08:06:26.214Z,cmrx9lhbn0007w96x99do9808,http,158,44,23090.90909090909,0,367,-999,
2026-08-03T08:06:31.327Z,cmrx9lhbn0007w96x99do9808,http,159,17,59764.70588235294,0,367,-999,
2026-08-03T08:06:36.460Z,cmrx9lhbn0007w96x99do9808,http,160,14,72571.42857142857,0,367,-999,
2026-08-03T08:06:41.661Z,cmrx9lhbn0007w96x99do9808,http,161,12,84666.66666666667,0,367,-999,
2026-08-03T08:06:46.804Z,cmrx9lhbn0007w96x99do9808,http,162,15,67733.33333333333,0,365,-999,
2026-08-03T08:06:51.944Z,cmrx9lhbn0007w96x99do9808,http,163,19,53473.68421052631,0,367,-999,
2026-08-03T08:06:57.152Z,cmrx9lhbn0007w96x99do9808,http,164,15,67733.33333333333,0,365,-999,
2026-08-03T08:07:02.291Z,cmrx9lhbn0007w96x99do9808,http,165,20,50800,0,367,-999,
2026-08-03T08:07:07.428Z,cmrx9lhbn0007w96x99do9808,http,166,15,67733.33333333333,0,365,-999,
2026-08-03T08:07:12.571Z,cmrx9lhbn0007w96x99do9808,http,167,21,48380.95238095238,0,367,-999,
2026-08-03T08:07:17.770Z,cmrx9lhbn0007w96x99do9808,http,168,15,67733.33333333333,0,367,-999,
2026-08-03T08:07:22.919Z,cmrx9lhbn0007w96x99do9808,http,169,21,48380.95238095238,0,367,-999,
2026-08-03T08:07:30.678Z,cmrx9lhbn0007w96x99do9808,http,170,19,53473.68421052631,0,366,-999,
2026-08-03T08:07:35.816Z,cmrx9lhbn0007w96x99do9808,http,171,14,72571.42857142857,0,367,-999,
2026-08-03T08:07:40.958Z,cmrx9lhbn0007w96x99do9808,http,172,17,59764.70588235294,0,367,-999,
2026-08-03T08:07:46.100Z,cmrx9lhbn0007w96x99do9808,http,173,18,56444.44444444445,0,365,-999,
2026-08-03T08:07:51.237Z,cmrx9lhbn0007w96x99do9808,http,174,16,63500,0,365,-999,
2026-08-03T08:07:56.381Z,cmrx9lhbn0007w96x99do9808,http,175,19,53473.68421052631,0,367,-999,
2026-08-03T08:08:01.530Z,cmrx9lhbn0007w96x99do9808,http,176,26,39076.92307692308,0,367,-999,
2026-08-03T08:08:06.661Z,cmrx9lhbn0007w96x99do9808,http,177,17,59764.70588235294,0,365,-999,
2026-08-03T08:08:11.802Z,cmrx9lhbn0007w96x99do9808,http,178,15,67733.33333333333,0,366,-999,
2026-08-03T08:08:16.944Z,cmrx9lhbn0007w96x99do9808,http,179,15,67733.33333333333,0,366,-999,
2026-08-03T08:08:22.083Z,cmrx9lhbn0007w96x99do9808,http,180,16,63500,0,365,-999,
2026-08-03T08:08:27.219Z,cmrx9lhbn0007w96x99do9808,http,181,14,72571.42857142857,0,365,-999,
2026-08-03T08:08:32.356Z,cmrx9lhbn0007w96x99do9808,http,182,14,72571.42857142857,0,367,-999,
2026-08-03T08:08:37.499Z,cmrx9lhbn0007w96x99do9808,http,183,18,56444.44444444445,0,367,-999,
2026-08-03T08:08:42.633Z,cmrx9lhbn0007w96x99do9808,http,184,13,78153.84615384616,0,365,-999,
2026-08-03T08:08:47.774Z,cmrx9lhbn0007w96x99do9808,http,185,16,63500,0,365,-999,
2026-08-03T08:08:52.915Z,cmrx9lhbn0007w96x99do9808,http,186,17,59764.70588235294,0,367,-999,
2026-08-03T08:08:58.056Z,cmrx9lhbn0007w96x99do9808,http,187,18,56444.44444444445,0,367,-999,
2026-08-03T08:09:03.210Z,cmrx9lhbn0007w96x99do9808,http,188,24,42333.33333333334,0,367,-999,
2026-08-03T08:09:08.332Z,cmrx9lhbn0007w96x99do9808,http,189,15,67733.33333333333,0,367,-999,
2026-08-03T08:09:13.479Z,cmrx9lhbn0007w96x99do9808,http,190,20,50800,0,367,-999,
2026-08-03T08:09:18.620Z,cmrx9lhbn0007w96x99do9808,http,191,17,59764.70588235294,0,367,-999,
2026-08-03T08:09:23.750Z,cmrx9lhbn0007w96x99do9808,http,192,13,78153.84615384616,0,365,-999,
2026-08-03T08:09:28.890Z,cmrx9lhbn0007w96x99do9808,http,193,14,72571.42857142857,0,367,-999,
2026-08-03T08:09:34.036Z,cmrx9lhbn0007w96x99do9808,http,194,18,56444.44444444445,0,366,-999,
2026-08-03T08:09:39.179Z,cmrx9lhbn0007w96x99do9808,http,195,24,42333.33333333334,0,367,-999,
2026-08-03T08:09:44.316Z,cmrx9lhbn0007w96x99do9808,http,196,20,50800,0,367,-999,
2026-08-03T08:09:49.453Z,cmrx9lhbn0007w96x99do9808,http,197,17,59764.70588235294,0,365,-999,
2026-08-03T08:09:54.591Z,cmrx9lhbn0007w96x99do9808,http,198,17,59764.70588235294,0,365,-999,
2026-08-03T08:09:59.730Z,cmrx9lhbn0007w96x99do9808,http,199,15,67733.33333333333,0,367,-999,
2026-08-03T08:10:04.875Z,cmrx9lhbn0007w96x99do9808,http,200,18,56444.44444444445,0,367,-999,
2026-08-03T08:10:10.015Z,cmrx9lhbn0007w96x99do9808,http,201,17,59764.70588235294,0,364,-999,
2026-08-03T08:10:15.153Z,cmrx9lhbn0007w96x99do9808,http,202,16,63500,0,366,-999,
2026-08-03T08:10:20.312Z,cmrx9lhbn0007w96x99do9808,http,203,22,46181.81818181818,0,367,-999,
2026-08-03T08:10:25.439Z,cmrx9lhbn0007w96x99do9808,http,204,16,63500,0,365,-999,
2026-08-03T08:10:30.589Z,cmrx9lhbn0007w96x99do9808,http,205,22,46181.81818181818,0,367,-999,
2026-08-03T08:10:35.730Z,cmrx9lhbn0007w96x99do9808,http,206,15,67733.33333333333,0,367,-999,
2026-08-03T08:10:40.876Z,cmrx9lhbn0007w96x99do9808,http,207,18,56444.44444444445,0,367,-999,
2026-08-03T08:10:46.014Z,cmrx9lhbn0007w96x99do9808,http,208,17,59764.70588235294,0,367,-999,
2026-08-03T08:10:51.153Z,cmrx9lhbn0007w96x99do9808,http,209,13,78153.84615384616,0,367,-999,
2026-08-03T08:10:56.297Z,cmrx9lhbn0007w96x99do9808,http,210,15,67733.33333333333,0,367,-999,
2026-08-03T08:11:01.443Z,cmrx9lhbn0007w96x99do9808,http,211,16,63500,0,367,-999,
2026-08-03T08:11:06.586Z,cmrx9lhbn0007w96x99do9808,http,212,16,63500,0,367,-999,
2026-08-03T08:11:11.727Z,cmrx9lhbn0007w96x99do9808,http,213,15,67733.33333333333,0,367,-999,
2026-08-03T08:11:16.868Z,cmrx9lhbn0007w96x99do9808,http,214,14,72571.42857142857,0,365,-999,
2026-08-03T08:11:22.013Z,cmrx9lhbn0007w96x99do9808,http,215,14,72571.42857142857,0,367,-999,
2026-08-03T08:11:27.173Z,cmrx9lhbn0007w96x99do9808,http,216,31,32774.1935483871,0,367,-999,
2026-08-03T08:11:32.304Z,cmrx9lhbn0007w96x99do9808,http,217,17,59764.70588235294,0,366,-999,
2026-08-03T08:11:37.445Z,cmrx9lhbn0007w96x99do9808,http,218,14,72571.42857142857,0,367,-999,
2026-08-03T08:11:42.587Z,cmrx9lhbn0007w96x99do9808,http,219,15,67733.33333333333,0,367,-999,
2026-08-03T08:11:47.731Z,cmrx9lhbn0007w96x99do9808,http,220,15,67733.33333333333,0,367,-999,
2026-08-03T08:11:52.872Z,cmrx9lhbn0007w96x99do9808,http,221,17,59764.70588235294,0,365,-999,
2026-08-03T08:11:58.011Z,cmrx9lhbn0007w96x99do9808,http,222,15,67733.33333333333,0,367,-999,
2026-08-03T08:12:03.149Z,cmrx9lhbn0007w96x99do9808,http,223,14,72571.42857142857,0,365,-999,
2026-08-03T08:12:08.290Z,cmrx9lhbn0007w96x99do9808,http,224,16,63500,0,367,-999,
2026-08-03T08:12:13.423Z,cmrx9lhbn0007w96x99do9808,http,225,13,78153.84615384616,0,367,-999,
2026-08-03T08:12:18.568Z,cmrx9lhbn0007w96x99do9808,http,226,19,53473.68421052631,0,366,-999,
2026-08-03T08:12:23.701Z,cmrx9lhbn0007w96x99do9808,http,227,13,78153.84615384616,0,365,-999,
2026-08-03T08:12:28.844Z,cmrx9lhbn0007w96x99do9808,http,228,18,56444.44444444445,0,365,-999,
2026-08-03T08:12:33.980Z,cmrx9lhbn0007w96x99do9808,http,229,15,67733.33333333333,0,365,-999,
2026-08-03T08:12:39.129Z,cmrx9lhbn0007w96x99do9808,http,230,26,39076.92307692308,0,367,-999,
2026-08-03T08:12:44.258Z,cmrx9lhbn0007w96x99do9808,http,231,13,78153.84615384616,0,367,-999,
2026-08-03T08:12:49.398Z,cmrx9lhbn0007w96x99do9808,http,232,15,67733.33333333333,0,366,-999,
2026-08-03T08:12:54.539Z,cmrx9lhbn0007w96x99do9808,http,233,13,78153.84615384616,0,366,-999,
2026-08-03T08:12:59.684Z,cmrx9lhbn0007w96x99do9808,http,234,15,67733.33333333333,0,367,-999,
2026-08-03T08:13:04.822Z,cmrx9lhbn0007w96x99do9808,http,235,14,72571.42857142857,0,365,-999,
2026-08-03T08:13:09.965Z,cmrx9lhbn0007w96x99do9808,http,236,13,78153.84615384616,0,367,-999,
2026-08-03T08:13:15.115Z,cmrx9lhbn0007w96x99do9808,http,237,16,63500,0,367,-999,
2026-08-03T08:13:20.255Z,cmrx9lhbn0007w96x99do9808,http,238,14,72571.42857142857,0,367,-999,
2026-08-03T08:13:25.398Z,cmrx9lhbn0007w96x99do9808,http,239,16,63500,0,367,-999,
2026-08-03T08:13:30.541Z,cmrx9lhbn0007w96x99do9808,http,240,14,72571.42857142857,0,367,-999,
2026-08-03T08:13:35.681Z,cmrx9lhbn0007w96x99do9808,http,241,12,84666.66666666667,0,363,-999,
2026-08-03T08:13:40.819Z,cmrx9lhbn0007w96x99do9808,http,242,12,84666.66666666667,0,367,-999,
2026-08-03T08:13:45.967Z,cmrx9lhbn0007w96x99do9808,http,243,15,67733.33333333333,0,366,-999,
2026-08-03T08:13:51.113Z,cmrx9lhbn0007w96x99do9808,http,244,14,72571.42857142857,0,366,-999,
2026-08-03T08:13:56.256Z,cmrx9lhbn0007w96x99do9808,http,245,17,59764.70588235294,0,366,-999,
2026-08-03T08:14:01.402Z,cmrx9lhbn0007w96x99do9808,http,246,21,48380.95238095238,0,366,-999,
2026-08-03T08:14:06.530Z,cmrx9lhbn0007w96x99do9808,http,247,14,72571.42857142857,0,365,-999,
2026-08-03T09:03:46.524Z,cmrx9lhbn0007w96x99do9808,http,1,92,11043.47826086957,0,362,-999,
2026-08-03T09:03:47.771Z,cmrx9lhbn0007w96x99do9808,http,2,24,42333.33333333334,0,362,-999,
2026-08-03T09:03:55.639Z,cmrx9lhbn0007w96x99do9808,http,3,31,32774.1935483871,0,362,-999,
2026-08-03T09:04:00.842Z,cmrx9lhbn0007w96x99do9808,http,4,26,39076.92307692308,0,365,-999,
2026-08-03T09:04:08.697Z,cmrx9lhbn0007w96x99do9808,http,5,30,33866.66666666666,0,365,-999,
2026-08-03T09:04:13.901Z,cmrx9lhbn0007w96x99do9808,http,6,23,44173.91304347826,0,365,-999,
2026-08-03T09:04:19.136Z,cmrx9lhbn0007w96x99do9808,http,7,23,44173.91304347826,0,362,-999,
2026-08-03T09:04:26.658Z,cmrx9lhbn0007w96x99do9808,http,8,29,35034.48275862069,0,362,-999,
2026-08-03T09:04:31.862Z,cmrx9lhbn0007w96x99do9808,http,9,25,40640,0,365,-999,
2026-08-03T09:04:39.711Z,cmrx9lhbn0007w96x99do9808,http,10,31,32774.1935483871,0,366,-999,
2026-08-03T09:04:44.911Z,cmrx9lhbn0007w96x99do9808,http,11,21,48380.95238095238,0,363,-999,
2026-08-03T09:04:51.235Z,cmrx9lhbn0007w96x99do9808,http,12,38,26736.84210526316,0,366,-999,
2026-08-03T09:04:56.831Z,cmrx9lhbn0007w96x99do9808,http,13,22,46181.81818181818,0,366,-999,
2026-08-03T09:05:02.067Z,cmrx9lhbn0007w96x99do9808,http,14,23,44173.91304347826,0,366,-999,
2026-08-03T09:05:07.279Z,cmrx9lhbn0007w96x99do9808,http,15,25,40640,0,366,-999,
2026-08-03T09:05:15.450Z,cmrx9lhbn0007w96x99do9808,http,16,28,36285.71428571428,0,366,-999,
2026-08-03T09:05:20.655Z,cmrx9lhbn0007w96x99do9808,http,17,23,44173.91304347826,0,366,-999,
2026-08-03T09:05:29.489Z,cmrx9lhbn0007w96x99do9808,http,18,34,29882.35294117647,0,365,-999,
2026-08-03T09:05:34.687Z,cmrx9lhbn0007w96x99do9808,http,19,24,42333.33333333334,0,366,-999,
2026-08-03T09:05:39.922Z,cmrx9lhbn0007w96x99do9808,http,20,21,48380.95238095238,0,366,-999,
2026-08-03T09:05:45.142Z,cmrx9lhbn0007w96x99do9808,http,21,31,32774.1935483871,0,367,-999,
2026-08-03T09:05:50.371Z,cmrx9lhbn0007w96x99do9808,http,22,23,44173.91304347826,0,367,-999,
2026-08-03T09:05:58.313Z,cmrx9lhbn0007w96x99do9808,http,23,30,33866.66666666666,0,365,-999,
2026-08-03T09:06:03.917Z,cmrx9lhbn0007w96x99do9808,http,24,22,46181.81818181818,0,367,-999,
2026-08-03T09:06:09.159Z,cmrx9lhbn0007w96x99do9808,http,25,23,44173.91304347826,0,367,-999,
2026-08-03T09:06:14.352Z,cmrx9lhbn0007w96x99do9808,http,26,21,48380.95238095238,0,365,-999,
2026-08-03T09:06:20.665Z,cmrx9lhbn0007w96x99do9808,http,27,30,33866.66666666666,0,365,-999,
2026-08-03T09:06:26.280Z,cmrx9lhbn0007w96x99do9808,http,28,28,36285.71428571428,0,364,-999,
2026-08-03T09:06:31.510Z,cmrx9lhbn0007w96x99do9808,http,29,19,53473.68421052631,0,366,-999,
2026-08-03T09:06:36.716Z,cmrx9lhbn0007w96x99do9808,http,30,21,48380.95238095238,0,364,-999,
2026-08-03T09:06:41.951Z,cmrx9lhbn0007w96x99do9808,http,31,20,50800,0,363,-999,
2026-08-03T09:06:47.164Z,cmrx9lhbn0007w96x99do9808,http,32,22,46181.81818181818,0,365,-999,
2026-08-03T09:06:52.399Z,cmrx9lhbn0007w96x99do9808,http,33,22,46181.81818181818,0,366,-999,
2026-08-03T09:07:01.647Z,cmrx9lhbn0007w96x99do9808,http,34,34,29882.35294117647,0,366,-999,
2026-08-03T09:07:07.254Z,cmrx9lhbn0007w96x99do9808,http,35,22,46181.81818181818,0,366,-999,
2026-08-03T09:07:12.580Z,cmrx9lhbn0007w96x99do9808,http,36,18,56444.44444444445,0,366,-999,
2026-08-03T09:07:18.194Z,cmrx9lhbn0007w96x99do9808,http,37,19,53473.68421052631,0,364,-999,
2026-08-03T09:07:23.438Z,cmrx9lhbn0007w96x99do9808,http,38,21,48380.95238095238,0,366,-999,
2026-08-03T09:07:28.644Z,cmrx9lhbn0007w96x99do9808,http,39,22,46181.81818181818,0,366,-999,
2026-08-03T09:07:33.871Z,cmrx9lhbn0007w96x99do9808,http,40,19,53473.68421052631,0,366,-999,
2026-08-03T09:07:39.208Z,cmrx9lhbn0007w96x99do9808,http,41,22,46181.81818181818,0,364,-999,
2026-08-03T09:07:44.495Z,cmrx9lhbn0007w96x99do9808,http,42,20,50800,0,366,-999,
2026-08-03T09:07:50.480Z,cmrx9lhbn0007w96x99do9808,http,43,25,40640,0,364,-999,
2026-08-03T09:07:56.105Z,cmrx9lhbn0007w96x99do9808,http,44,21,48380.95238095238,0,366,-999,
2026-08-03T09:08:01.339Z,cmrx9lhbn0007w96x99do9808,http,45,26,39076.92307692308,0,367,-999,
2026-08-03T09:08:06.542Z,cmrx9lhbn0007w96x99do9808,http,46,20,50800,0,365,-999,
2026-08-03T09:08:13.510Z,cmrx9lhbn0007w96x99do9808,http,47,28,36285.71428571428,0,367,-999,
2026-08-03T09:08:19.123Z,cmrx9lhbn0007w96x99do9808,http,48,19,53473.68421052631,0,367,-999,
2026-08-03T09:08:24.348Z,cmrx9lhbn0007w96x99do9808,http,49,17,59764.70588235294,0,363,-999,
2026-08-03T09:08:29.598Z,cmrx9lhbn0007w96x99do9808,http,50,19,53473.68421052631,0,367,-999,
2026-08-03T09:08:34.808Z,cmrx9lhbn0007w96x99do9808,http,51,21,48380.95238095238,0,367,-999,
2026-08-03T09:08:40.042Z,cmrx9lhbn0007w96x99do9808,http,52,19,53473.68421052631,0,365,-999,
2026-08-03T09:08:45.282Z,cmrx9lhbn0007w96x99do9808,http,53,21,48380.95238095238,0,364,-999,
2026-08-03T09:08:53.226Z,cmrx9lhbn0007w96x99do9808,http,54,26,39076.92307692308,0,367,-999,
2026-08-03T09:08:58.841Z,cmrx9lhbn0007w96x99do9808,http,55,20,50800,0,367,-999,
2026-08-03T09:09:04.488Z,cmrx9lhbn0007w96x99do9808,http,56,21,48380.95238095238,0,367,-999,
2026-08-03T09:09:10.100Z,cmrx9lhbn0007w96x99do9808,http,57,19,53473.68421052631,0,367,-999,
2026-08-03T09:09:15.427Z,cmrx9lhbn0007w96x99do9808,http,58,18,56444.44444444445,0,367,-999,
2026-08-03T09:09:21.042Z,cmrx9lhbn0007w96x99do9808,http,59,18,56444.44444444445,0,367,-999,
2026-08-03T09:09:26.369Z,cmrx9lhbn0007w96x99do9808,http,60,19,53473.68421052631,0,366,-999,
2026-08-03T09:09:31.986Z,cmrx9lhbn0007w96x99do9808,http,61,19,53473.68421052631,0,366,-999,
2026-08-03T09:09:37.223Z,cmrx9lhbn0007w96x99do9808,http,62,17,59764.70588235294,0,362,-999,
2026-08-03T09:09:42.434Z,cmrx9lhbn0007w96x99do9808,http,63,22,46181.81818181818,0,366,-999,
2026-08-03T09:09:47.662Z,cmrx9lhbn0007w96x99do9808,http,64,16,63500,0,366,-999,
2026-08-03T09:09:52.874Z,cmrx9lhbn0007w96x99do9808,http,65,19,53473.68421052631,0,363,-999,
2026-08-03T09:09:59.747Z,cmrx9lhbn0007w96x99do9808,http,66,25,40640,0,367,-999,
2026-08-03T09:10:04.960Z,cmrx9lhbn0007w96x99do9808,http,67,29,35034.48275862069,0,367,-999,
2026-08-03T09:10:10.188Z,cmrx9lhbn0007w96x99do9808,http,68,19,53473.68421052631,0,367,-999,
2026-08-03T09:10:15.423Z,cmrx9lhbn0007w96x99do9808,http,69,18,56444.44444444445,0,367,-999,
2026-08-03T09:10:20.658Z,cmrx9lhbn0007w96x99do9808,http,70,17,59764.70588235294,0,365,-999,
2026-08-03T09:10:25.894Z,cmrx9lhbn0007w96x99do9808,http,71,16,63500,0,367,-999,
2026-08-03T09:10:31.129Z,cmrx9lhbn0007w96x99do9808,http,72,18,56444.44444444445,0,367,-999,
2026-08-03T09:10:36.361Z,cmrx9lhbn0007w96x99do9808,http,73,16,63500,0,366,-999,
2026-08-03T09:10:41.600Z,cmrx9lhbn0007w96x99do9808,http,74,20,50800,0,366,-999,
2026-08-03T09:10:46.834Z,cmrx9lhbn0007w96x99do9808,http,75,18,56444.44444444445,0,366,-999,
2026-08-03T09:10:52.074Z,cmrx9lhbn0007w96x99do9808,http,76,20,50800,0,366,-999,
2026-08-03T09:10:57.309Z,cmrx9lhbn0007w96x99do9808,http,77,17,59764.70588235294,0,366,-999,
2026-08-03T09:11:02.552Z,cmrx9lhbn0007w96x99do9808,http,78,26,39076.92307692308,0,366,-999,
2026-08-03T09:11:07.782Z,cmrx9lhbn0007w96x99do9808,http,79,24,42333.33333333334,0,366,-999,
2026-08-03T09:11:13.011Z,cmrx9lhbn0007w96x99do9808,http,80,16,63500,0,366,-999,
2026-08-03T09:11:18.248Z,cmrx9lhbn0007w96x99do9808,http,81,17,59764.70588235294,0,366,-999,
2026-08-03T09:11:23.483Z,cmrx9lhbn0007w96x99do9808,http,82,17,59764.70588235294,0,366,-999,
2026-08-03T09:11:28.721Z,cmrx9lhbn0007w96x99do9808,http,83,19,53473.68421052631,0,366,-999,
2026-08-03T09:11:33.952Z,cmrx9lhbn0007w96x99do9808,http,84,17,59764.70588235294,0,363,-999,
2026-08-03T09:11:40.493Z,cmrx9lhbn0007w96x99do9808,http,85,22,46181.81818181818,0,366,-999,
2026-08-03T09:11:45.696Z,cmrx9lhbn0007w96x99do9808,http,86,16,63500,0,364,-999,
2026-08-03T09:11:53.220Z,cmrx9lhbn0007w96x99do9808,http,87,24,42333.33333333334,0,366,-999,
2026-08-03T09:11:58.425Z,cmrx9lhbn0007w96x99do9808,http,88,20,50800,0,366,-999,
2026-08-03T09:12:03.985Z,cmrx9lhbn0007w96x99do9808,http,89,16,63500,0,363,-999,
2026-08-03T09:12:09.195Z,cmrx9lhbn0007w96x99do9808,http,90,17,59764.70588235294,0,364,-999,
2026-08-03T09:12:17.792Z,cmrx9lhbn0007w96x99do9808,http,91,28,36285.71428571428,0,361,-999,
2026-08-03T09:12:23.397Z,cmrx9lhbn0007w96x99do9808,http,92,18,56444.44444444445,0,365,-999,
2026-08-03T09:12:28.725Z,cmrx9lhbn0007w96x99do9808,http,93,16,63500,0,366,-999,
2026-08-03T09:12:34.022Z,cmrx9lhbn0007w96x99do9808,http,94,18,56444.44444444445,0,365,-999,
2026-08-03T09:12:39.261Z,cmrx9lhbn0007w96x99do9808,http,95,19,53473.68421052631,0,366,-999,
2026-08-03T09:12:44.474Z,cmrx9lhbn0007w96x99do9808,http,96,26,39076.92307692308,0,366,-999,
2026-08-03T09:12:49.703Z,cmrx9lhbn0007w96x99do9808,http,97,18,56444.44444444445,0,366,-999,
2026-08-03T09:12:54.938Z,cmrx9lhbn0007w96x99do9808,http,98,17,59764.70588235294,0,365,-999,
2026-08-03T09:13:01.900Z,cmrx9lhbn0007w96x99do9808,http,99,28,36285.71428571428,0,366,-999,
2026-08-03T09:13:07.501Z,cmrx9lhbn0007w96x99do9808,http,100,20,50800,0,365,-999,
2026-08-03T09:13:12.725Z,cmrx9lhbn0007w96x99do9808,http,101,14,72571.42857142857,0,366,-999,
2026-08-03T09:13:17.929Z,cmrx9lhbn0007w96x99do9808,http,102,17,59764.70588235294,0,364,-999,
2026-08-03T09:13:24.364Z,cmrx9lhbn0007w96x99do9808,http,103,241,4215.767634854772,0,367,-999,
2026-08-03T09:13:29.342Z,cmrx9lhbn0007w96x99do9808,http,104,18,56444.44444444445,0,364,-999,
2026-08-03T09:13:36.209Z,cmrx9lhbn0007w96x99do9808,http,105,24,42333.33333333334,0,364,-999,
2026-08-03T09:38:01.701Z,cmrx9lhbn0007w96x99do9808,http,1,60,16933.33333333333,0,365,-999,
2026-08-03T09:38:06.807Z,cmrx9lhbn0007w96x99do9808,http,2,19,53473.68421052631,0,365,-999,
2026-08-03T09:38:11.951Z,cmrx9lhbn0007w96x99do9808,http,3,18,56444.44444444445,0,362,-999,
2026-08-03T09:38:17.095Z,cmrx9lhbn0007w96x99do9808,http,4,20,50800,0,364,-999,
2026-08-03T09:38:23.583Z,cmrx9lhbn0007w96x99do9808,http,5,23,44173.91304347826,0,362,-999,
2026-08-03T09:38:28.720Z,cmrx9lhbn0007w96x99do9808,http,6,21,48380.95238095238,0,363,-999,
2026-08-03T09:38:37.447Z,cmrx9lhbn0007w96x99do9808,http,7,24,42333.33333333334,0,365,-999,
2026-08-03T09:38:42.581Z,cmrx9lhbn0007w96x99do9808,http,8,18,56444.44444444445,0,363,-999,
2026-08-03T09:38:47.724Z,cmrx9lhbn0007w96x99do9808,http,9,22,46181.81818181818,0,365,-999,
2026-08-03T09:38:52.854Z,cmrx9lhbn0007w96x99do9808,http,10,19,53473.68421052631,0,365,-999,
2026-08-03T09:38:57.996Z,cmrx9lhbn0007w96x99do9808,http,11,23,44173.91304347826,0,366,-999,
2026-08-03T09:39:03.140Z,cmrx9lhbn0007w96x99do9808,http,12,30,33866.66666666666,0,367,-999,
2026-08-03T09:39:08.267Z,cmrx9lhbn0007w96x99do9808,http,13,21,48380.95238095238,0,362,-999,
2026-08-03T09:39:13.408Z,cmrx9lhbn0007w96x99do9808,http,14,22,46181.81818181818,0,362,-999,
2026-08-03T09:39:18.542Z,cmrx9lhbn0007w96x99do9808,http,15,23,44173.91304347826,0,365,-999,
2026-08-03T09:39:23.679Z,cmrx9lhbn0007w96x99do9808,http,16,19,53473.68421052631,0,362,-999,
2026-08-03T09:39:28.821Z,cmrx9lhbn0007w96x99do9808,http,17,22,46181.81818181818,0,365,-999,
2026-08-03T09:39:33.960Z,cmrx9lhbn0007w96x99do9808,http,18,22,46181.81818181818,0,365,-999,
2026-08-03T09:39:39.099Z,cmrx9lhbn0007w96x99do9808,http,19,23,44173.91304347826,0,362,-999,
2026-08-03T09:39:44.237Z,cmrx9lhbn0007w96x99do9808,http,20,20,50800,0,364,-999,
2026-08-03T09:39:49.381Z,cmrx9lhbn0007w96x99do9808,http,21,21,48380.95238095238,0,364,-999,
2026-08-03T09:39:54.520Z,cmrx9lhbn0007w96x99do9808,http,22,19,53473.68421052631,0,363,-999,
2026-08-03T09:39:59.662Z,cmrx9lhbn0007w96x99do9808,http,23,21,48380.95238095238,0,362,-999,
2026-08-03T09:40:05.841Z,cmrx9lhbn0007w96x99do9808,http,24,31,32774.1935483871,0,365,-999,
2026-08-03T09:40:10.978Z,cmrx9lhbn0007w96x99do9808,http,25,20,50800,0,365,-999,
2026-08-03T09:42:05.688Z,cmrx9lhbn0007w96x99do9808,http,1,29,35034.48275862069,0,359,-999,
2026-08-03T09:42:09.180Z,cmrx9lhbn0007w96x99do9808,http,2,19,53473.68421052631,0,364,-999,
2026-08-03T09:42:14.324Z,cmrx9lhbn0007w96x99do9808,http,3,23,44173.91304347826,0,361,-999,
2026-08-03T09:42:22.847Z,cmrx9lhbn0007w96x99do9808,http,4,32,31750,0,363,-999,
2026-08-03T09:42:28.408Z,cmrx9lhbn0007w96x99do9808,http,5,21,48380.95238095238,0,361,-999,
2026-08-03T09:42:33.536Z,cmrx9lhbn0007w96x99do9808,http,6,20,50800,0,362,-999,
2026-08-03T09:42:40.461Z,cmrx9lhbn0007w96x99do9808,http,7,29,35034.48275862069,0,364,-999,
2026-08-03T09:42:46.016Z,cmrx9lhbn0007w96x99do9808,http,8,22,46181.81818181818,0,362,-999,
2026-08-03T09:42:51.214Z,cmrx9lhbn0007w96x99do9808,http,9,18,56444.44444444445,0,364,-999,
2026-08-03T09:42:56.364Z,cmrx9lhbn0007w96x99do9808,http,10,24,42333.33333333334,0,362,-999,
2026-08-03T09:43:02.855Z,cmrx9lhbn0007w96x99do9808,http,11,28,36285.71428571428,0,364,-999,
2026-08-03T09:43:07.991Z,cmrx9lhbn0007w96x99do9808,http,12,22,46181.81818181818,0,363,-999,
2026-08-03T09:43:13.832Z,cmrx9lhbn0007w96x99do9808,http,13,19,53473.68421052631,0,365,-999,
2026-08-03T09:43:18.974Z,cmrx9lhbn0007w96x99do9808,http,14,18,56444.44444444445,0,365,-999,
2026-08-03T09:43:25.361Z,cmrx9lhbn0007w96x99do9808,http,15,25,40640,0,362,-999,
2026-08-03T09:43:30.395Z,cmrx9lhbn0007w96x99do9808,http,16,19,53473.68421052631,0,363,-999,
2026-08-03T09:43:38.488Z,cmrx9lhbn0007w96x99do9808,http,17,25,40640,0,365,-999,
2026-08-03T09:43:43.619Z,cmrx9lhbn0007w96x99do9808,http,18,19,53473.68421052631,0,365,-999,
2026-08-03T09:43:49.144Z,cmrx9lhbn0007w96x99do9808,http,19,23,44173.91304347826,0,363,-999,
2026-08-03T09:43:54.277Z,cmrx9lhbn0007w96x99do9808,http,20,18,56444.44444444445,0,363,-999,
2026-08-03T09:43:59.414Z,cmrx9lhbn0007w96x99do9808,http,21,19,53473.68421052631,0,364,-999,
2026-08-03T09:44:04.554Z,cmrx9lhbn0007w96x99do9808,http,22,24,42333.33333333334,0,363,-999,
2026-08-03T09:44:09.687Z,cmrx9lhbn0007w96x99do9808,http,23,20,50800,0,365,-999,
2026-08-03T09:44:14.828Z,cmrx9lhbn0007w96x99do9808,http,24,25,40640,0,365,-999,
2026-08-03T09:44:19.963Z,cmrx9lhbn0007w96x99do9808,http,25,22,46181.81818181818,0,365,-999,
2026-08-03T09:44:25.097Z,cmrx9lhbn0007w96x99do9808,http,26,21,48380.95238095238,0,365,-999,
2026-08-03T09:44:30.234Z,cmrx9lhbn0007w96x99do9808,http,27,20,50800,0,363,-999,
2026-08-03T09:44:35.376Z,cmrx9lhbn0007w96x99do9808,http,28,22,46181.81818181818,0,365,-999,
2026-08-03T09:44:40.512Z,cmrx9lhbn0007w96x99do9808,http,29,19,53473.68421052631,0,365,-999,
2026-08-03T09:44:45.651Z,cmrx9lhbn0007w96x99do9808,http,30,20,50800,0,365,-999,
2026-08-03T09:44:50.789Z,cmrx9lhbn0007w96x99do9808,http,31,19,53473.68421052631,0,362,-999,
2026-08-03T09:44:55.927Z,cmrx9lhbn0007w96x99do9808,http,32,21,48380.95238095238,0,363,-999,
2026-08-03T09:45:02.848Z,cmrx9lhbn0007w96x99do9808,http,33,31,32774.1935483871,0,363,-999,
2026-08-03T09:45:08.420Z,cmrx9lhbn0007w96x99do9808,http,34,42,24190.47619047619,0,363,-999,
2026-08-03T09:45:14.884Z,cmrx9lhbn0007w96x99do9808,http,35,27,37629.62962962963,0,365,-999,
2026-08-03T09:45:20.013Z,cmrx9lhbn0007w96x99do9808,http,36,18,56444.44444444445,0,363,-999,
2026-08-03T09:45:26.829Z,cmrx9lhbn0007w96x99do9808,http,37,27,37629.62962962963,0,363,-999,
2026-08-03T09:45:31.964Z,cmrx9lhbn0007w96x99do9808,http,38,20,50800,0,365,-999,
2026-08-03T09:45:37.100Z,cmrx9lhbn0007w96x99do9808,http,39,26,39076.92307692308,0,365,-999,
2026-08-03T09:45:42.228Z,cmrx9lhbn0007w96x99do9808,http,40,21,48380.95238095238,0,362,-999,
2026-08-03T09:45:47.363Z,cmrx9lhbn0007w96x99do9808,http,41,20,50800,0,365,-999,
2026-08-03T09:45:52.487Z,cmrx9lhbn0007w96x99do9808,http,42,17,59764.70588235294,0,362,-999,
2026-08-03T09:45:57.696Z,cmrx9lhbn0007w96x99do9808,http,43,17,59764.70588235294,0,360,-999,
2026-08-03T09:46:02.836Z,cmrx9lhbn0007w96x99do9808,http,44,19,53473.68421052631,0,362,-999,
2026-08-03T09:46:43.990Z,cmrx9lhbn0007w96x99do9808,http,1,25,40640,0,360,-999,
2026-08-03T09:46:49.118Z,cmrx9lhbn0007w96x99do9808,http,2,17,59764.70588235294,0,361,-999,
2026-08-03T09:46:54.259Z,cmrx9lhbn0007w96x99do9808,http,3,22,46181.81818181818,0,360,-999,
2026-08-03T09:46:59.460Z,cmrx9lhbn0007w96x99do9808,http,4,19,53473.68421052631,0,361,-999,
2026-08-03T09:47:04.598Z,cmrx9lhbn0007w96x99do9808,http,5,23,44173.91304347826,0,359,-999,
2026-08-03T09:47:09.795Z,cmrx9lhbn0007w96x99do9808,http,6,20,50800,0,361,-999,
2026-08-03T09:47:14.927Z,cmrx9lhbn0007w96x99do9808,http,7,24,42333.33333333334,0,361,-999,
2026-08-03T09:47:20.122Z,cmrx9lhbn0007w96x99do9808,http,8,18,56444.44444444445,0,361,-999,
2026-08-03T09:47:25.260Z,cmrx9lhbn0007w96x99do9808,http,9,18,56444.44444444445,0,361,-999,
2026-08-03T09:47:32.389Z,cmrx9lhbn0007w96x99do9808,http,10,28,36285.71428571428,0,362,-999,
2026-08-03T09:47:37.518Z,cmrx9lhbn0007w96x99do9808,http,11,21,48380.95238095238,0,363,-999,
2026-08-03T09:47:45.082Z,cmrx9lhbn0007w96x99do9808,http,12,32,31750,0,365,-999,
2026-08-03T09:47:50.627Z,cmrx9lhbn0007w96x99do9808,http,13,23,44173.91304347826,0,365,-999,
2026-08-03T09:47:56.145Z,cmrx9lhbn0007w96x99do9808,http,14,20,50800,0,365,-999,
2026-08-03T09:48:01.277Z,cmrx9lhbn0007w96x99do9808,http,15,21,48380.95238095238,0,359,-999,
2026-08-03T09:48:06.474Z,cmrx9lhbn0007w96x99do9808,http,16,17,59764.70588235294,0,362,-999,
2026-08-03T09:48:11.615Z,cmrx9lhbn0007w96x99do9808,http,17,21,48380.95238095238,0,365,-999,
2026-08-03T09:48:18.120Z,cmrx9lhbn0007w96x99do9808,http,18,47,21617.02127659574,0,363,-999,
2026-08-03T09:48:23.229Z,cmrx9lhbn0007w96x99do9808,http,19,22,46181.81818181818,0,360,-999,
2026-08-03T09:48:30.027Z,cmrx9lhbn0007w96x99do9808,http,20,23,44173.91304347826,0,362,-999,
2026-08-03T09:48:35.159Z,cmrx9lhbn0007w96x99do9808,http,21,20,50800,0,365,-999,
2026-08-03T09:48:40.255Z,cmrx9lhbn0007w96x99do9808,http,22,19,53473.68421052631,0,365,-999,
2026-08-03T09:48:45.284Z,cmrx9lhbn0007w96x99do9808,http,23,19,53473.68421052631,0,365,-999,
2026-08-03T09:48:50.566Z,cmrx9lhbn0007w96x99do9808,http,24,18,56444.44444444445,0,370,-999,
2026-08-03T09:48:55.889Z,cmrx9lhbn0007w96x99do9808,http,25,18,56444.44444444445,0,371,-999,
2026-08-03T09:49:01.180Z,cmrx9lhbn0007w96x99do9808,http,26,18,56444.44444444445,0,373,-999,
2026-08-03T09:49:37.019Z,cmrx9lhbn0007w96x99do9808,http,1,27,37629.62962962963,0,372,-999,
2026-08-03T09:49:42.101Z,cmrx9lhbn0007w96x99do9808,http,2,20,50800,0,372,-999,
2026-08-03T09:49:47.728Z,cmrx9lhbn0007w96x99do9808,http,3,18,56444.44444444445,0,372,-999,
2026-08-03T09:49:53.061Z,cmrx9lhbn0007w96x99do9808,http,4,19,53473.68421052631,0,372,-999,
2026-08-03T09:49:58.148Z,cmrx9lhbn0007w96x99do9808,http,5,22,46181.81818181818,0,372,-999,
2026-08-03T09:50:03.772Z,cmrx9lhbn0007w96x99do9808,http,6,24,42333.33333333334,0,372,-999,
2026-08-03T09:50:09.104Z,cmrx9lhbn0007w96x99do9808,http,7,21,48380.95238095238,0,372,-999,
2026-08-03T09:50:17.148Z,cmrx9lhbn0007w96x99do9808,http,8,27,37629.62962962963,0,372,-999,
2026-08-03T09:50:22.527Z,cmrx9lhbn0007w96x99do9808,http,9,19,53473.68421052631,0,372,-999,
2026-08-03T09:50:30.236Z,cmrx9lhbn0007w96x99do9808,http,10,28,36285.71428571428,0,364,-999,
2026-08-03T09:50:35.623Z,cmrx9lhbn0007w96x99do9808,http,11,26,39076.92307692308,0,373,-999,
2026-08-03T09:50:40.702Z,cmrx9lhbn0007w96x99do9808,http,12,20,50800,0,373,-999,
2026-08-03T09:50:46.391Z,cmrx9lhbn0007w96x99do9808,http,13,21,48380.95238095238,0,373,-999,
2026-08-03T09:50:51.767Z,cmrx9lhbn0007w96x99do9808,http,14,18,56444.44444444445,0,373,-999,
2026-08-03T09:50:58.077Z,cmrx9lhbn0007w96x99do9808,http,15,25,40640,0,373,-999,
2026-08-05T03:29:45.259Z,cmrx9lhbn0007w96x99do9808,http,1,202,5029.702970297029,0,363,-999,
2026-08-05T03:29:50.223Z,cmrx9lhbn0007w96x99do9808,http,2,27,37629.62962962963,0,361,-999,
2026-08-05T03:29:58.769Z,cmrx9lhbn0007w96x99do9808,http,3,46,22086.95652173913,0,366,-999,
2026-08-05T03:31:58.755Z,cmrx9lhbn0007w96x99do9808,http,1,75,13546.66666666667,0,366,-999,
2026-08-05T03:32:01.224Z,cmrx9lhbn0007w96x99do9808,http,2,60,16933.33333333333,0,369,-999,
2026-08-05T03:32:06.310Z,cmrx9lhbn0007w96x99do9808,http,3,49,20734.69387755102,0,366,-999,
2026-08-05T03:32:14.656Z,cmrx9lhbn0007w96x99do9808,http,4,40,25400,0,357,-999,
2026-08-05T03:32:19.989Z,cmrx9lhbn0007w96x99do9808,http,5,27,37629.62962962963,0,367,-999,
2026-08-05T03:32:25.078Z,cmrx9lhbn0007w96x99do9808,http,6,22,46181.81818181818,0,369,-999,
2026-08-05T03:32:34.157Z,cmrx9lhbn0007w96x99do9808,http,7,24,42333.33333333334,0,369,-999,
2026-08-05T03:34:41.702Z,cmrx9lhbn0007w96x99do9808,http,1,0,,0,369,-999,
2026-08-05T03:34:46.783Z,cmrx9lhbn0007w96x99do9808,http,2,0,,0,369,-999,
2026-08-05T03:34:55.517Z,cmrx9lhbn0007w96x99do9808,http,3,0,,0,366,-999,
2026-08-05T03:35:00.907Z,cmrx9lhbn0007w96x99do9808,http,4,8,127000,0,366,-999,
2026-08-05T03:35:07.208Z,cmrx9lhbn0007w96x99do9808,http,5,4,254000,0,366,-999,
2026-08-05T03:35:12.530Z,cmrx9lhbn0007w96x99do9808,http,6,0,,0,369,-999,
2026-08-05T03:35:17.619Z,cmrx9lhbn0007w96x99do9808,http,7,0,,0,369,-999,
2026-08-05T03:35:26.310Z,cmrx9lhbn0007w96x99do9808,http,8,12,84666.66666666667,0,369,-999,
2026-08-05T03:41:16.677Z,cmrx9lhbn0007w96x99do9808,http,1,43,23627.90697674419,0,361,-999,
2026-08-05T03:41:20.947Z,cmrx9lhbn0007w96x99do9808,http,2,8,127000,0,361,-999,
2026-08-05T03:41:29.371Z,cmrx9lhbn0007w96x99do9808,http,3,15,67733.33333333333,0,361,-999,
2026-08-05T03:41:34.502Z,cmrx9lhbn0007w96x99do9808,http,4,9,112888.8888888889,0,362,-999,
2026-08-05T03:41:41.640Z,cmrx9lhbn0007w96x99do9808,http,5,14,72571.42857142857,0,363,-999,
2026-08-05T03:41:46.786Z,cmrx9lhbn0007w96x99do9808,http,6,19,53473.68421052631,0,362,-999,
2026-08-05T03:41:54.241Z,cmrx9lhbn0007w96x99do9808,http,7,18,56444.44444444445,0,361,-999,
2026-08-05T03:41:59.386Z,cmrx9lhbn0007w96x99do9808,http,8,30,33866.66666666666,0,360,-999,
2026-08-05T03:42:08.101Z,cmrx9lhbn0007w96x99do9808,http,9,16,63500,0,361,-999,
2026-08-05T03:42:13.235Z,cmrx9lhbn0007w96x99do9808,http,10,11,92363.63636363637,0,362,-999,
2026-08-05T03:42:18.369Z,cmrx9lhbn0007w96x99do9808,http,11,8,127000,0,361,-999,
2026-08-05T03:42:26.795Z,cmrx9lhbn0007w96x99do9808,http,12,19,53473.68421052631,0,362,-999,
2026-08-05T03:42:31.921Z,cmrx9lhbn0007w96x99do9808,http,13,8,127000,0,359,-999,
2026-08-05T03:42:37.070Z,cmrx9lhbn0007w96x99do9808,http,14,12,84666.66666666667,0,363,-999,
2026-08-05T03:42:42.203Z,cmrx9lhbn0007w96x99do9808,http,15,7,145142.8571428571,0,362,-999,
2026-08-05T03:42:47.427Z,cmrx9lhbn0007w96x99do9808,http,16,13,78153.84615384616,0,364,-999,
2026-08-05T03:42:52.558Z,cmrx9lhbn0007w96x99do9808,http,17,7,145142.8571428571,0,361,-999,
2026-08-05T03:43:00.668Z,cmrx9lhbn0007w96x99do9808,http,18,24,42333.33333333334,0,362,-999,
2026-08-05T03:43:05.798Z,cmrx9lhbn0007w96x99do9808,http,19,13,78153.84615384616,0,360,-999,
2026-08-05T03:43:10.934Z,cmrx9lhbn0007w96x99do9808,http,20,9,112888.8888888889,0,364,-999,
2026-08-05T03:43:16.254Z,cmrx9lhbn0007w96x99do9808,http,21,10,101600,0,362,-999,
2026-08-05T03:43:21.810Z,cmrx9lhbn0007w96x99do9808,http,22,7,145142.8571428571,0,364,-999,
2026-08-05T03:43:27.659Z,cmrx9lhbn0007w96x99do9808,http,23,7,145142.8571428571,0,364,-999,
2026-08-05T03:43:32.795Z,cmrx9lhbn0007w96x99do9808,http,24,6,169333.3333333333,0,364,-999,
2026-08-05T03:43:40.250Z,cmrx9lhbn0007w96x99do9808,http,25,13,78153.84615384616,0,364,-999,
2026-08-05T03:43:45.379Z,cmrx9lhbn0007w96x99do9808,http,26,7,145142.8571428571,0,362,-999,
2026-08-05T03:43:52.514Z,cmrx9lhbn0007w96x99do9808,http,27,13,78153.84615384616,0,364,-999,
2026-08-05T03:43:57.646Z,cmrx9lhbn0007w96x99do9808,http,28,7,145142.8571428571,0,364,-999,
2026-08-05T03:44:02.795Z,cmrx9lhbn0007w96x99do9808,http,29,12,84666.66666666667,0,364,-999,
2026-08-05T03:44:07.930Z,cmrx9lhbn0007w96x99do9808,http,30,12,84666.66666666667,0,365,-999,
2026-08-05T03:44:15.383Z,cmrx9lhbn0007w96x99do9808,http,31,14,72571.42857142857,0,365,-999,
2026-08-05T04:46:48.647Z,cmrx9lhbn0007w96x99do9808,http,1,165,6157.575757575758,0,360,-999,
2026-08-05T04:46:51.939Z,cmrx9lhbn0007w96x99do9808,http,2,7,145142.8571428571,0,361,-999,
2026-08-05T04:46:57.075Z,cmrx9lhbn0007w96x99do9808,http,3,1,1016000,0,361,-999,
2026-08-05T04:47:02.402Z,cmrx9lhbn0007w96x99do9808,http,4,12,84666.66666666667,0,361,-999,
2026-08-05T04:47:07.954Z,cmrx9lhbn0007w96x99do9808,http,5,10,101600,0,361,-999,
2026-08-05T04:47:14.440Z,cmrx9lhbn0007w96x99do9808,http,6,13,78153.84615384616,0,357,-999,
2026-08-05T04:47:19.565Z,cmrx9lhbn0007w96x99do9808,http,7,6,169333.3333333333,0,359,-999,
2026-08-05T04:47:28.402Z,cmrx9lhbn0007w96x99do9808,http,8,15,67733.33333333333,0,364,-999,
2026-08-05T04:47:34.141Z,cmrx9lhbn0007w96x99do9808,http,9,184,5521.739130434783,0,363,-999,
2026-08-05T04:47:39.812Z,cmrx9lhbn0007w96x99do9808,http,10,15,67733.33333333333,0,363,-999,
2026-08-05T04:47:44.939Z,cmrx9lhbn0007w96x99do9808,http,11,10,101600,0,363,-999,
2026-08-05T04:47:50.080Z,cmrx9lhbn0007w96x99do9808,http,12,13,78153.84615384616,0,365,-999,
2026-08-05T04:47:55.215Z,cmrx9lhbn0007w96x99do9808,http,13,9,112888.8888888889,0,363,-999,
2026-08-05T04:48:00.354Z,cmrx9lhbn0007w96x99do9808,http,14,11,92363.63636363637,0,365,-999,
2026-08-05T04:48:05.498Z,cmrx9lhbn0007w96x99do9808,http,15,14,72571.42857142857,0,362,-999,
2026-08-05T04:48:10.634Z,cmrx9lhbn0007w96x99do9808,http,16,15,67733.33333333333,0,362,-999,
2026-08-05T04:48:15.773Z,cmrx9lhbn0007w96x99do9808,http,17,16,63500,0,360,-999,
2026-08-05T04:48:20.911Z,cmrx9lhbn0007w96x99do9808,http,18,15,67733.33333333333,0,362,-999,
2026-08-05T04:48:26.045Z,cmrx9lhbn0007w96x99do9808,http,19,18,56444.44444444445,0,360,-999,
2026-08-05T04:48:31.187Z,cmrx9lhbn0007w96x99do9808,http,20,21,48380.95238095238,0,362,-999,
2026-08-05T04:48:36.320Z,cmrx9lhbn0007w96x99do9808,http,21,23,44173.91304347826,0,362,-999,
2026-08-05T04:48:41.456Z,cmrx9lhbn0007w96x99do9808,http,22,23,44173.91304347826,0,365,-999,
2026-08-05T04:48:47.095Z,cmrx9lhbn0007w96x99do9808,http,23,25,40640,0,365,-999,
2026-08-05T04:48:52.656Z,cmrx9lhbn0007w96x99do9808,http,24,26,39076.92307692308,0,365,-999,
2026-08-05T04:48:58.829Z,cmrx9lhbn0007w96x99do9808,http,25,34,29882.35294117647,0,362,-999,
2026-08-05T04:49:03.957Z,cmrx9lhbn0007w96x99do9808,http,26,30,33866.66666666666,0,360,-999,
2026-08-05T04:49:09.099Z,cmrx9lhbn0007w96x99do9808,http,27,34,29882.35294117647,0,363,-999,
2026-08-05T04:49:17.830Z,cmrx9lhbn0007w96x99do9808,http,28,37,27459.45945945946,0,365,-999,
2026-08-05T04:49:22.960Z,cmrx9lhbn0007w96x99do9808,http,29,34,29882.35294117647,0,361,-999,
2026-08-05T04:49:28.093Z,cmrx9lhbn0007w96x99do9808,http,30,28,36285.71428571428,0,363,-999,
2026-08-05T04:54:56.026Z,cmrx9lhbn0007w96x99do9808,http,1,96,10583.33333333333,0,363,-999,
2026-08-05T04:54:59.062Z,cmrx9lhbn0007w96x99do9808,http,2,17,59764.70588235294,0,363,-999,
2026-08-05T04:55:04.205Z,cmrx9lhbn0007w96x99do9808,http,3,19,53473.68421052631,0,359,-999,
2026-08-05T04:55:13.685Z,cmrx9lhbn0007w96x99do9808,http,4,24,42333.33333333334,0,364,-999,
2026-08-05T04:55:19.241Z,cmrx9lhbn0007w96x99do9808,http,5,17,59764.70588235294,0,364,-999,
2026-08-05T04:55:26.483Z,cmrx9lhbn0007w96x99do9808,http,6,23,44173.91304347826,0,364,-999,
2026-08-05T04:55:32.043Z,cmrx9lhbn0007w96x99do9808,http,7,18,56444.44444444445,0,364,-999,
2026-08-05T04:55:38.215Z,cmrx9lhbn0007w96x99do9808,http,8,20,50800,0,364,-999,
2026-08-05T04:55:43.352Z,cmrx9lhbn0007w96x99do9808,http,9,15,67733.33333333333,0,364,-999,
2026-08-05T04:55:48.496Z,cmrx9lhbn0007w96x99do9808,http,10,11,92363.63636363637,0,366,-999,
2026-08-05T04:55:53.630Z,cmrx9lhbn0007w96x99do9808,http,11,8,127000,0,366,-999,
2026-08-05T04:55:58.776Z,cmrx9lhbn0007w96x99do9808,http,12,8,127000,0,366,-999,
2026-08-05T04:56:03.922Z,cmrx9lhbn0007w96x99do9808,http,13,11,92363.63636363637,0,366,-999,
2026-08-05T04:56:09.073Z,cmrx9lhbn0007w96x99do9808,http,14,18,56444.44444444445,0,366,-999,
2026-08-05T04:56:14.206Z,cmrx9lhbn0007w96x99do9808,http,15,6,169333.3333333333,0,364,-999,
2026-08-05T04:56:19.345Z,cmrx9lhbn0007w96x99do9808,http,16,3,338666.6666666667,0,366,-999,
2026-08-05T04:56:24.490Z,cmrx9lhbn0007w96x99do9808,http,17,3,338666.6666666667,0,366,-999,
2026-08-05T04:56:29.635Z,cmrx9lhbn0007w96x99do9808,http,18,3,338666.6666666667,0,366,-999,
2026-08-05T04:56:34.776Z,cmrx9lhbn0007w96x99do9808,http,19,4,254000,0,364,-999,
2026-08-05T04:56:39.914Z,cmrx9lhbn0007w96x99do9808,http,20,0,,0,364,-999,
2026-08-05T04:56:45.053Z,cmrx9lhbn0007w96x99do9808,http,21,0,,0,366,-999,
2026-08-05T04:57:05.638Z,cmrx9lhbn0007w96x99do9808,http,1,11,92363.63636363637,0,363,-999,
2026-08-05T04:57:10.758Z,cmrx9lhbn0007w96x99do9808,http,2,0,,0,365,-999,
2026-08-05T04:57:15.907Z,cmrx9lhbn0007w96x99do9808,http,3,0,,0,363,-999,
2026-08-05T05:24:23.272Z,cmrx9lhbn0007w96x99do9808,http,1,69,14724.63768115942,0,363,-999,
2026-08-05T05:24:27.648Z,cmrx9lhbn0007w96x99do9808,http,2,0,,0,361,-999,
2026-08-05T05:24:32.794Z,cmrx9lhbn0007w96x99do9808,http,3,0,,0,364,-999,
2026-08-05T05:24:40.360Z,cmrx9lhbn0007w96x99do9808,http,4,9,112888.8888888889,0,364,-999,
2026-08-05T05:24:45.912Z,cmrx9lhbn0007w96x99do9808,http,5,0,,0,364,-999,
2026-08-05T05:24:52.092Z,cmrx9lhbn0007w96x99do9808,http,6,11,92363.63636363637,0,364,-999,
2026-08-05T05:24:57.216Z,cmrx9lhbn0007w96x99do9808,http,7,0,,0,363,-999,
2026-08-05T07:33:52.395Z,cmrx9lhbn0007w96x99do9808,http,1,104,9769.23076923077,0,362,-999,
2026-08-05T07:33:57.455Z,cmrx9lhbn0007w96x99do9808,http,2,18,56444.44444444445,0,361,-999,
2026-08-05T07:34:03.955Z,cmrx9lhbn0007w96x99do9808,http,3,24,42333.33333333334,0,363,-999,
2026-08-05T07:34:09.089Z,cmrx9lhbn0007w96x99do9808,http,4,20,50800,0,364,-999,
2026-08-05T07:34:17.939Z,cmrx9lhbn0007w96x99do9808,http,5,31,32774.1935483871,0,365,-999,
2026-08-05T07:34:23.481Z,cmrx9lhbn0007w96x99do9808,http,6,15,67733.33333333333,0,365,-999,
2026-08-05T07:34:29.339Z,cmrx9lhbn0007w96x99do9808,http,7,14,72571.42857142857,0,364,-999,
2026-08-05T07:34:34.483Z,cmrx9lhbn0007w96x99do9808,http,8,19,53473.68421052631,0,362,-999,
2026-08-05T07:34:42.894Z,cmrx9lhbn0007w96x99do9808,http,9,21,48380.95238095238,0,365,-999,
2026-08-05T07:34:48.025Z,cmrx9lhbn0007w96x99do9808,http,10,13,78153.84615384616,0,363,-999,
2026-08-05T07:34:53.168Z,cmrx9lhbn0007w96x99do9808,http,11,23,44173.91304347826,0,363,-999,
2026-08-05T07:34:58.375Z,cmrx9lhbn0007w96x99do9808,http,12,12,84666.66666666667,0,365,-999,
2026-08-05T07:35:03.532Z,cmrx9lhbn0007w96x99do9808,http,13,28,36285.71428571428,0,363,-999,
2026-08-05T07:35:12.373Z,cmrx9lhbn0007w96x99do9808,http,14,32,31750,0,366,-999,
2026-08-05T07:35:17.922Z,cmrx9lhbn0007w96x99do9808,http,15,20,50800,0,362,-999,
2026-08-05T07:35:24.734Z,cmrx9lhbn0007w96x99do9808,http,16,28,36285.71428571428,0,361,-999,
2026-08-05T07:35:29.859Z,cmrx9lhbn0007w96x99do9808,http,17,15,67733.33333333333,0,365,-999,
2026-08-05T07:35:38.372Z,cmrx9lhbn0007w96x99do9808,http,18,21,48380.95238095238,0,365,-999,
2026-08-05T07:35:43.929Z,cmrx9lhbn0007w96x99do9808,http,19,13,78153.84615384616,0,365,-999,
2026-08-05T07:35:49.456Z,cmrx9lhbn0007w96x99do9808,http,20,17,59764.70588235294,0,365,-999,
2026-08-05T07:35:54.586Z,cmrx9lhbn0007w96x99do9808,http,21,13,78153.84615384616,0,365,-999,
2026-08-05T07:36:01.722Z,cmrx9lhbn0007w96x99do9808,http,22,20,50800,0,364,-999,
2026-08-05T07:36:06.851Z,cmrx9lhbn0007w96x99do9808,http,23,14,72571.42857142857,0,365,-999,
2026-08-05T07:36:15.697Z,cmrx9lhbn0007w96x99do9808,http,24,26,39076.92307692308,0,362,-999,
2026-08-05T07:36:21.261Z,cmrx9lhbn0007w96x99do9808,http,25,19,53473.68421052631,0,365,-999,
2026-08-05T07:36:27.100Z,cmrx9lhbn0007w96x99do9808,http,26,12,84666.66666666667,0,365,-999,
2026-08-05T07:36:32.243Z,cmrx9lhbn0007w96x99do9808,http,27,16,63500,0,362,-999,
2026-08-05T07:36:41.406Z,cmrx9lhbn0007w96x99do9808,http,28,20,50800,0,366,-999,
2026-08-05T07:36:46.979Z,cmrx9lhbn0007w96x99do9808,http,29,22,46181.81818181818,0,365,-999,
2026-08-05T07:36:52.109Z,cmrx9lhbn0007w96x99do9808,http,30,16,63500,0,365,-999,
2026-08-05T07:36:57.246Z,cmrx9lhbn0007w96x99do9808,http,31,15,67733.33333333333,0,365,-999,
2026-08-05T07:37:02.469Z,cmrx9lhbn0007w96x99do9808,http,32,20,50800,0,364,-999,
2026-08-05T07:37:07.601Z,cmrx9lhbn0007w96x99do9808,http,33,12,84666.66666666667,0,365,-999,
2026-08-05T07:37:12.754Z,cmrx9lhbn0007w96x99do9808,http,34,18,56444.44444444445,0,365,-999,
2026-08-05T07:37:17.892Z,cmrx9lhbn0007w96x99do9808,http,35,11,92363.63636363637,0,365,-999,
2026-08-05T07:37:23.039Z,cmrx9lhbn0007w96x99do9808,http,36,13,78153.84615384616,0,365,-999,
2026-08-05T07:37:28.179Z,cmrx9lhbn0007w96x99do9808,http,37,11,92363.63636363637,0,364,-999,
2026-08-05T07:37:33.322Z,cmrx9lhbn0007w96x99do9808,http,38,15,67733.33333333333,0,362,-999,
